 Date__(UT)__HR:MN     R.A._____(ICRF)_____DEC    T-mag   N-mag             delta      deldot     S-O-T /r     S-T-O  Sky_motion  Sky_mot_PA  RelVel-ANG  Lun_Sky_Brt  sky_SNR
 2026-Jan-10 00:00  m  09 03 49.07 +14 42 46.7   16.145    n.a.  2.02559321891268  36.8361841  155.2163 /L    8.0362   2.7137464   284.45019   28.998861        0.757     n.a.
 2026-Jan-10 00:01  m  09 03 48.89 +14 42 47.4   16.145    n.a.  2.02560799101798  36.8385337  155.2178 /L    8.0357   2.7137316   284.44964   29.000365        0.757     n.a.
 2026-Jan-10 00:02  m  09 03 48.71 +14 42 48.1   16.145    n.a.  2.02562276406590  36.8408856  155.2192 /L    8.0351   2.7137167   284.44909   29.001873        0.757     n.a.
 2026-Jan-10 00:03  m  09 03 48.53 +14 42 48.7   16.145    n.a.  2.02563753805739  36.8432398  155.2207 /L    8.0346   2.7137014   284.44854   29.003385        0.758     n.a.
 2026-Jan-10 00:04  m  09 03 48.35 +14 42 49.4   16.145    n.a.  2.02565231299338  36.8455963  155.2222 /L    8.0341   2.7136860   284.44799   29.004900        0.758     n.a.
 2026-Jan-10 00:05  m  09 03 48.16 +14 42 50.1   16.145    n.a.  2.02566708887478  36.8479551  155.2236 /L    8.0336   2.7136704   284.44744   29.006419        0.759     n.a.
 2026-Jan-10 00:06  m  09 03 47.98 +14 42 50.7   16.145    n.a.  2.02568186570251  36.8503161  155.2251 /L    8.0331   2.7136545   284.44689   29.007941        0.759     n.a.
 2026-Jan-10 00:07  m  09 03 47.80 +14 42 51.4   16.146    n.a.  2.02569664347748  36.8526794  155.2266 /L    8.0326   2.7136384   284.44634   29.009466        0.760     n.a.
 2026-Jan-10 00:08  m  09 03 47.62 +14 42 52.1   16.146    n.a.  2.02571142220052  36.8550448  155.2280 /L    8.0321   2.7136221   284.44580   29.010995        0.760     n.a.
 2026-Jan-10 00:09  m  09 03 47.44 +14 42 52.8   16.146    n.a.  2.02572620187254  36.8574124  155.2295 /L    8.0316   2.7136055   284.44525   29.012527        0.761     n.a.
 2026-Jan-10 00:10  m  09 03 47.26 +14 42 53.4   16.146    n.a.  2.02574098249440  36.8597822  155.2309 /L    8.0311   2.7135887   284.44470   29.014062        0.762     n.a.
 2026-Jan-10 00:11  m  09 03 47.08 +14 42 54.1   16.146    n.a.  2.02575576406696  36.8621541  155.2324 /L    8.0306   2.7135718   284.44416   29.015601        0.763     n.a.
 2026-Jan-10 00:12  m  09 03 46.90 +14 42 54.8   16.146    n.a.  2.02577054659107  36.8645281  155.2339 /L    8.0301   2.7135545   284.44361   29.017143        0.764     n.a.
 2026-Jan-10 00:13  m  09 03 46.71 +14 42 55.4   16.146    n.a.  2.02578533006760  36.8669042  155.2353 /L    8.0296   2.7135371   284.44307   29.018689        0.765     n.a.
 2026-Jan-10 00:14  m  09 03 46.53 +14 42 56.1   16.146    n.a.  2.02580011449732  36.8692823  155.2368 /L    8.0291   2.7135194   284.44253   29.020238        0.766     n.a.
 2026-Jan-10 00:15  m  09 03 46.35 +14 42 56.8   16.146    n.a.  2.02581489988108  36.8716625  155.2382 /L    8.0286   2.7135015   284.44199   29.021790        0.767     n.a.
 2026-Jan-10 00:16  m  09 03 46.17 +14 42 57.5   16.146    n.a.  2.02582968621969  36.8740447  155.2397 /L    8.0281   2.7134834   284.44144   29.023345        0.768     n.a.
 2026-Jan-10 00:17  m  09 03 45.99 +14 42 58.1   16.146    n.a.  2.02584447351395  36.8764288  155.2412 /L    8.0275   2.7134651   284.44090   29.024904        0.769     n.a.
 2026-Jan-10 00:18  m  09 03 45.81 +14 42 58.8   16.146    n.a.  2.02585926176465  36.8788150  155.2426 /L    8.0270   2.7134465   284.44036   29.026466        0.771     n.a.
 2026-Jan-10 00:19  m  09 03 45.63 +14 42 59.5   16.146    n.a.  2.02587405097260  36.8812030  155.2441 /L    8.0265   2.7134277   284.43982   29.028031        0.772     n.a.
 2026-Jan-10 00:20  m  09 03 45.45 +14 43 00.1   16.146    n.a.  2.02588884113853  36.8835930  155.2455 /L    8.0260   2.7134087   284.43929   29.029599        0.773     n.a.
 2026-Jan-10 00:21  m  09 03 45.27 +14 43 00.8   16.146    n.a.  2.02590363226321  36.8859849  155.2470 /L    8.0255   2.7133894   284.43875   29.031171        0.775     n.a.
 2026-Jan-10 00:22  m  09 03 45.08 +14 43 01.5   16.146    n.a.  2.02591842434741  36.8883786  155.2485 /L    8.0250   2.7133699   284.43821   29.032746        0.776     n.a.
 2026-Jan-10 00:23  m  09 03 44.90 +14 43 02.2   16.146    n.a.  2.02593321739188  36.8907742  155.2499 /L    8.0245   2.7133502   284.43768   29.034324        0.777     n.a.
 2026-Jan-10 00:24  m  09 03 44.72 +14 43 02.8   16.146    n.a.  2.02594801139733  36.8931716  155.2514 /L    8.0240   2.7133303   284.43714   29.035905        0.779     n.a.
 2026-Jan-10 00:25  m  09 03 44.54 +14 43 03.5   16.146    n.a.  2.02596280636454  36.8955708  155.2528 /L    8.0235   2.7133101   284.43661   29.037489        0.780     n.a.
 2026-Jan-10 00:26  m  09 03 44.36 +14 43 04.2   16.146    n.a.  2.02597760229415  36.8979718  155.2543 /L    8.0230   2.7132898   284.43607   29.039077        0.782     n.a.
 2026-Jan-10 00:27  m  09 03 44.18 +14 43 04.8   16.146    n.a.  2.02599239918691  36.9003745  155.2558 /L    8.0225   2.7132691   284.43554   29.040668        0.784     n.a.
 2026-Jan-10 00:28  m  09 03 44.00 +14 43 05.5   16.146    n.a.  2.02600719704350  36.9027790  155.2572 /L    8.0220   2.7132483   284.43501   29.042262        0.785     n.a.
 2026-Jan-10 00:29  m  09 03 43.82 +14 43 06.2   16.146    n.a.  2.02602199586462  36.9051852  155.2587 /L    8.0215   2.7132272   284.43448   29.043859        0.787     n.a.
 2026-Jan-10 00:30  m  09 03 43.63 +14 43 06.9   16.146    n.a.  2.02603679565094  36.9075930  155.2601 /L    8.0210   2.7132059   284.43395   29.045459        0.788     n.a.
 2026-Jan-10 00:31  m  09 03 43.45 +14 43 07.5   16.146    n.a.  2.02605159640316  36.9100025  155.2616 /L    8.0205   2.7131844   284.43342   29.047062        0.790     n.a.
 2026-Jan-10 00:32  m  09 03 43.27 +14 43 08.2   16.146    n.a.  2.02606639812189  36.9124136  155.2631 /L    8.0199   2.7131626   284.43289   29.048668        0.792     n.a.
 2026-Jan-10 00:33  m  09 03 43.09 +14 43 08.9   16.146    n.a.  2.02608120080778  36.9148263  155.2645 /L    8.0194   2.7131406   284.43236   29.050277        0.794     n.a.
 2026-Jan-10 00:34  m  09 03 42.91 +14 43 09.5   16.146    n.a.  2.02609600446150  36.9172406  155.2660 /L    8.0189   2.7131184   284.43183   29.051890        0.795     n.a.
 2026-Jan-10 00:35  m  09 03 42.73 +14 43 10.2   16.146    n.a.  2.02611080908366  36.9196565  155.2675 /L    8.0184   2.7130959   284.43131   29.053505        0.797     n.a.
 2026-Jan-10 00:36  m  09 03 42.55 +14 43 10.9   16.146    n.a.  2.02612561467488  36.9220738  155.2689 /L    8.0179   2.7130732   284.43078   29.055123        0.799     n.a.
 2026-Jan-10 00:37  m  09 03 42.37 +14 43 11.6   16.146    n.a.  2.02614042123580  36.9244927  155.2704 /L    8.0174   2.7130503   284.43026   29.056745        0.801     n.a.
 2026-Jan-10 00:38  m  09 03 42.19 +14 43 12.2   16.146    n.a.  2.02615522876697  36.9269131  155.2718 /L    8.0169   2.7130272   284.42974   29.058369        0.803     n.a.
 2026-Jan-10 00:39  m  09 03 42.00 +14 43 12.9   16.146    n.a.  2.02617003726900  36.9293350  155.2733 /L    8.0164   2.7130038   284.42921   29.059997        0.804     n.a.
 2026-Jan-10 00:40  m  09 03 41.82 +14 43 13.6   16.147    n.a.  2.02618484674248  36.9317582  155.2748 /L    8.0159   2.7129802   284.42869   29.061627        0.806     n.a.
 2026-Jan-10 00:41  m  09 03 41.64 +14 43 14.2   16.147    n.a.  2.02619965718797  36.9341829  155.2762 /L    8.0154   2.7129564   284.42817   29.063260        0.808     n.a.
 2026-Jan-10 00:42  m  09 03 41.46 +14 43 14.9   16.147    n.a.  2.02621446860603  36.9366090  155.2777 /L    8.0149   2.7129323   284.42765   29.064897        0.810     n.a.
 2026-Jan-10 00:43  m  09 03 41.28 +14 43 15.6   16.147    n.a.  2.02622928099726  36.9390364  155.2791 /L    8.0144   2.7129080   284.42713   29.066536        0.812     n.a.
 2026-Jan-10 00:44  m  09 03 41.10 +14 43 16.3   16.147    n.a.  2.02624409436212  36.9414652  155.2806 /L    8.0139   2.7128834   284.42661   29.068178        0.814     n.a.
 2026-Jan-10 00:45  m  09 03 40.92 +14 43 16.9   16.147    n.a.  2.02625890870117  36.9438953  155.2821 /L    8.0134   2.7128587   284.42610   29.069823        0.816     n.a.
 2026-Jan-10 00:46  m  09 03 40.74 +14 43 17.6   16.147    n.a.  2.02627372401495  36.9463266  155.2835 /L    8.0129   2.7128337   284.42558   29.071471        0.818     n.a.
 2026-Jan-10 00:47  m  09 03 40.55 +14 43 18.3   16.147    n.a.  2.02628854030396  36.9487593  155.2850 /L    8.0123   2.7128084   284.42507   29.073121        0.819     n.a.
 2026-Jan-10 00:48  m  09 03 40.37 +14 43 18.9   16.147    n.a.  2.02630335756871  36.9511931  155.2864 /L    8.0118   2.7127830   284.42455   29.074775        0.821     n.a.
 2026-Jan-10 00:49  m  09 03 40.19 +14 43 19.6   16.147    n.a.  2.02631817580968  36.9536282  155.2879 /L    8.0113   2.7127573   284.42404   29.076431        0.823     n.a.
 2026-Jan-10 00:50  m  09 03 40.01 +14 43 20.3   16.147    n.a.  2.02633299502739  36.9560645  155.2894 /L    8.0108   2.7127313   284.42353   29.078091        0.825     n.a.
 2026-Jan-10 00:51  m  09 03 39.83 +14 43 21.0   16.147    n.a.  2.02634781522225  36.9585020  155.2908 /L    8.0103   2.7127052   284.42302   29.079753        0.827     n.a.
 2026-Jan-10 00:52  m  09 03 39.65 +14 43 21.6   16.147    n.a.  2.02636263639475  36.9609405  155.2923 /L    8.0098   2.7126788   284.42251   29.081417        0.829     n.a.
 2026-Jan-10 00:53  m  09 03 39.47 +14 43 22.3   16.147    n.a.  2.02637745854535  36.9633802  155.2937 /L    8.0093   2.7126521   284.42200   29.083085        0.831     n.a.
 2026-Jan-10 00:54  m  09 03 39.29 +14 43 23.0   16.147    n.a.  2.02639228167449  36.9658210  155.2952 /L    8.0088   2.7126253   284.42149   29.084755        0.833     n.a.
 2026-Jan-10 00:55  m  09 03 39.11 +14 43 23.6   16.147    n.a.  2.02640710578260  36.9682629  155.2967 /L    8.0083   2.7125982   284.42098   29.086428        0.835     n.a.
 2026-Jan-10 00:56  m  09 03 38.92 +14 43 24.3   16.147    n.a.  2.02642193087014  36.9707058  155.2981 /L    8.0078   2.7125708   284.42048   29.088104        0.836     n.a.
 2026-Jan-10 00:57  m  09 03 38.74 +14 43 25.0   16.147    n.a.  2.02643675693745  36.9731497  155.2996 /L    8.0073   2.7125433   284.41997   29.089783        0.838     n.a.
 2026-Jan-10 00:58  m  09 03 38.56 +14 43 25.6   16.147    n.a.  2.02645158398498  36.9755946  155.3010 /L    8.0068   2.7125154   284.41947   29.091464        0.840     n.a.
 2026-Jan-10 00:59  m  09 03 38.38 +14 43 26.3   16.147    n.a.  2.02646641201311  36.9780405  155.3025 /L    8.0063   2.7124874   284.41896   29.093148        0.842     n.a.
 2026-Jan-10 01:00  m  09 03 38.20 +14 43 27.0   16.147    n.a.  2.02648124102223  36.9804874  155.3040 /L    8.0058   2.7124591   284.41846   29.094835        0.844     n.a.
 2026-Jan-10 01:01  m  09 03 38.02 +14 43 27.7   16.147    n.a.  2.02649607101270  36.9829351  155.3054 /L    8.0053   2.7124306   284.41796   29.096524        0.846     n.a.
 2026-Jan-10 01:02  m  09 03 37.84 +14 43 28.3   16.147    n.a.  2.02651090198494  36.9853837  155.3069 /L    8.0048   2.7124019   284.41746   29.098216        0.848     n.a.
 2026-Jan-10 01:03  m  09 03 37.66 +14 43 29.0   16.147    n.a.  2.02652573393921  36.9878332  155.3083 /L    8.0042   2.7123729   284.41696   29.099910        0.849     n.a.
 2026-Jan-10 01:04  m  09 03 37.47 +14 43 29.7   16.147    n.a.  2.02654056687592  36.9902836  155.3098 /L    8.0037   2.7123437   284.41646   29.101608        0.851     n.a.
 2026-Jan-10 01:05  m  09 03 37.29 +14 43 30.3   16.147    n.a.  2.02655540079537  36.9927348  155.3113 /L    8.0032   2.7123143   284.41597   29.103307        0.853     n.a.
 2026-Jan-10 01:06  m  09 03 37.11 +14 43 31.0   16.147    n.a.  2.02657023569790  36.9951867  155.3127 /L    8.0027   2.7122846   284.41547   29.105010        0.855     n.a.
 2026-Jan-10 01:07  m  09 03 36.93 +14 43 31.7   16.147    n.a.  2.02658507158383  36.9976395  155.3142 /L    8.0022   2.7122547   284.41498   29.106715        0.857     n.a.
 2026-Jan-10 01:08  m  09 03 36.75 +14 43 32.4   16.147    n.a.  2.02659990845348  37.0000929  155.3156 /L    8.0017   2.7122245   284.41448   29.108422        0.858     n.a.
 2026-Jan-10 01:09  m  09 03 36.57 +14 43 33.0   16.147    n.a.  2.02661474630708  37.0025471  155.3171 /L    8.0012   2.7121941   284.41399   29.110132        0.860     n.a.
 2026-Jan-10 01:10  m  09 03 36.39 +14 43 33.7   16.147    n.a.  2.02662958514496  37.0050020  155.3186 /L    8.0007   2.7121635   284.41350   29.111845        0.862     n.a.
 2026-Jan-10 01:11  m  09 03 36.21 +14 43 34.4   16.147    n.a.  2.02664442496739  37.0074576  155.3200 /L    8.0002   2.7121327   284.41301   29.113560        0.864     n.a.
 2026-Jan-10 01:12  m  09 03 36.03 +14 43 35.0   16.147    n.a.  2.02665926577462  37.0099138  155.3215 /L    7.9997   2.7121016   284.41252   29.115277        0.865     n.a.
 2026-Jan-10 01:13  m  09 03 35.84 +14 43 35.7   16.148    n.a.  2.02667410756692  37.0123706  155.3229 /L    7.9992   2.7120702   284.41203   29.116997        0.867     n.a.
 2026-Jan-10 01:14  m  09 03 35.66 +14 43 36.4   16.148    n.a.  2.02668895034455  37.0148281  155.3244 /L    7.9987   2.7120387   284.41155   29.118719        0.869     n.a.
 2026-Jan-10 01:15  m  09 03 35.48 +14 43 37.0   16.148    n.a.  2.02670379410769  37.0172860  155.3259 /L    7.9982   2.7120069   284.41106   29.120444        0.870     n.a.
 2026-Jan-10 01:16  m  09 03 35.30 +14 43 37.7   16.148    n.a.  2.02671863885660  37.0197446  155.3273 /L    7.9977   2.7119749   284.41058   29.122172        0.872     n.a.
 2026-Jan-10 01:17  m  09 03 35.12 +14 43 38.4   16.148    n.a.  2.02673348459148  37.0222036  155.3288 /L    7.9972   2.7119426   284.41009   29.123901        0.874     n.a.
 2026-Jan-10 01:18  m  09 03 34.94 +14 43 39.1   16.148    n.a.  2.02674833131253  37.0246632  155.3302 /L    7.9966   2.7119101   284.40961   29.125633        0.875     n.a.
 2026-Jan-10 01:19  m  09 03 34.76 +14 43 39.7   16.148    n.a.  2.02676317901996  37.0271232  155.3317 /L    7.9961   2.7118774   284.40913   29.127368        0.877     n.a.
 2026-Jan-10 01:20  m  09 03 34.58 +14 43 40.4   16.148    n.a.  2.02677802771398  37.0295837  155.3332 /L    7.9956   2.7118444   284.40865   29.129105        0.879     n.a.
 2026-Jan-10 01:21  m  09 03 34.40 +14 43 41.1   16.148    n.a.  2.02679287739470  37.0320445  155.3346 /L    7.9951   2.7118112   284.40817   29.130844        0.880     n.a.
 2026-Jan-10 01:22  m  09 03 34.21 +14 43 41.7   16.148    n.a.  2.02680772806230  37.0345058  155.3361 /L    7.9946   2.7117777   284.40769   29.132585        0.882     n.a.
 2026-Jan-10 01:23  m  09 03 34.03 +14 43 42.4   16.148    n.a.  2.02682257971695  37.0369675  155.3375 /L    7.9941   2.7117441   284.40722   29.134329        0.884     n.a.
 2026-Jan-10 01:24  m  09 03 33.85 +14 43 43.1   16.148    n.a.  2.02683743235879  37.0394295  155.3390 /L    7.9936   2.7117101   284.40674   29.136075        0.885     n.a.
 2026-Jan-10 01:25  m  09 03 33.67 +14 43 43.7   16.148    n.a.  2.02685228598795  37.0418918  155.3405 /L    7.9931   2.7116760   284.40627   29.137823        0.887     n.a.
 2026-Jan-10 01:26  m  09 03 33.49 +14 43 44.4   16.148    n.a.  2.02686714060459  37.0443544  155.3419 /L    7.9926   2.7116416   284.40579   29.139574        0.888     n.a.
 2026-Jan-10 01:27  m  09 03 33.31 +14 43 45.1   16.148    n.a.  2.02688199620874  37.0468172  155.3434 /L    7.9921   2.7116070   284.40532   29.141327        0.890     n.a.
 2026-Jan-10 01:28  m  09 03 33.13 +14 43 45.7   16.148    n.a.  2.02689685280056  37.0492803  155.3448 /L    7.9916   2.7115721   284.40485   29.143082        0.891     n.a.
 2026-Jan-10 01:29  m  09 03 32.95 +14 43 46.4   16.148    n.a.  2.02691171038013  37.0517437  155.3463 /L    7.9911   2.7115370   284.40438   29.144839        0.893     n.a.
 2026-Jan-10 01:30  m  09 03 32.77 +14 43 47.1   16.148    n.a.  2.02692656894754  37.0542072  155.3478 /L    7.9906   2.7115017   284.40391   29.146599        0.894     n.a.
 2026-Jan-10 01:31  m  09 03 32.58 +14 43 47.8   16.148    n.a.  2.02694142850285  37.0566709  155.3492 /L    7.9901   2.7114662   284.40345   29.148360        0.896     n.a.
 2026-Jan-10 01:32  m  09 03 32.40 +14 43 48.4   16.148    n.a.  2.02695628904615  37.0591347  155.3507 /L    7.9896   2.7114304   284.40298   29.150124        0.897     n.a.
 2026-Jan-10 01:33  m  09 03 32.22 +14 43 49.1   16.148    n.a.  2.02697115057745  37.0615987  155.3521 /L    7.9891   2.7113943   284.40252   29.151890        0.899     n.a.
 2026-Jan-10 01:34  m  09 03 32.04 +14 43 49.8   16.148    n.a.  2.02698601309682  37.0640627  155.3536 /L    7.9885   2.7113581   284.40205   29.153658        0.900     n.a.
 2026-Jan-10 01:35  m  09 03 31.86 +14 43 50.4   16.148    n.a.  2.02700087660427  37.0665268  155.3550 /L    7.9880   2.7113216   284.40159   29.155429        0.901     n.a.
 2026-Jan-10 01:36  m  09 03 31.68 +14 43 51.1   16.148    n.a.  2.02701574109985  37.0689910  155.3565 /L    7.9875   2.7112848   284.40113   29.157201        0.903     n.a.
 2026-Jan-10 01:37  m  09 03 31.50 +14 43 51.8   16.148    n.a.  2.02703060658355  37.0714552  155.3580 /L    7.9870   2.7112478   284.40067   29.158975        0.904     n.a.
 2026-Jan-10 01:38  t  09 03 31.32 +14 43 52.4   16.148    n.a.  2.02704547305542  37.0739193  155.3594 /L    7.9865   2.7112106   284.40021   29.160752        0.906     n.a.
 2026-Jan-10 01:39  m  09 03 31.14 +14 43 53.1   16.148    n.a.  2.02706034051538  37.0763835  155.3609 /L    7.9860   2.7111732   284.39975   29.162530        0.907     n.a.
 2026-Jan-10 01:40  m  09 03 30.95 +14 43 53.8   16.148    n.a.  2.02707520896344  37.0788475  155.3623 /L    7.9855   2.7111355   284.39930   29.164311        0.908     n.a.
 2026-Jan-10 01:41  m  09 03 30.77 +14 43 54.4   16.148    n.a.  2.02709007839958  37.0813115  155.3638 /L    7.9850   2.7110976   284.39884   29.166093        0.910     n.a.
 2026-Jan-10 01:42  m  09 03 30.59 +14 43 55.1   16.148    n.a.  2.02710494882375  37.0837754  155.3653 /L    7.9845   2.7110595   284.39839   29.167878        0.911     n.a.
 2026-Jan-10 01:43  m  09 03 30.41 +14 43 55.8   16.148    n.a.  2.02711982023592  37.0862392  155.3667 /L    7.9840   2.7110211   284.39794   29.169664        0.912     n.a.
 2026-Jan-10 01:44  m  09 03 30.23 +14 43 56.5   16.148    n.a.  2.02713469263604  37.0887028  155.3682 /L    7.9835   2.7109825   284.39749   29.171453        0.914     n.a.
 2026-Jan-10 01:45  m  09 03 30.05 +14 43 57.1   16.148    n.a.  2.02714956602400  37.0911662  155.3696 /L    7.9830   2.7109436   284.39704   29.173243        0.915     n.a.
 2026-Jan-10 01:46  m  09 03 29.87 +14 43 57.8   16.149    n.a.  2.02716444039974  37.0936294  155.3711 /L    7.9825   2.7109045   284.39659   29.175036        0.916     n.a.
 2026-Jan-10 01:47  m  09 03 29.69 +14 43 58.5   16.149    n.a.  2.02717931576318  37.0960923  155.3726 /L    7.9820   2.7108652   284.39614   29.176830        0.917     n.a.
 2026-Jan-10 01:48  m  09 03 29.51 +14 43 59.1   16.149    n.a.  2.02719419211420  37.0985550  155.3740 /L    7.9815   2.7108257   284.39570   29.178626        0.919     n.a.
 2026-Jan-10 01:49  m  09 03 29.33 +14 43 59.8   16.149    n.a.  2.02720906945272  37.1010174  155.3755 /L    7.9810   2.7107859   284.39526   29.180424        0.920     n.a.
 2026-Jan-10 01:50  m  09 03 29.14 +14 44 00.5   16.149    n.a.  2.02722394777863  37.1034795  155.3769 /L    7.9804   2.7107459   284.39481   29.182224        0.921     n.a.
 2026-Jan-10 01:51  m  09 03 28.96 +14 44 01.1   16.149    n.a.  2.02723882709175  37.1059413  155.3784 /L    7.9799   2.7107056   284.39437   29.184026        0.922     n.a.
 2026-Jan-10 01:52  m  09 03 28.78 +14 44 01.8   16.149    n.a.  2.02725370739197  37.1084027  155.3799 /L    7.9794   2.7106651   284.39393   29.185829        0.923     n.a.
 2026-Jan-10 01:53  m  09 03 28.60 +14 44 02.5   16.149    n.a.  2.02726858867913  37.1108638  155.3813 /L    7.9789   2.7106244   284.39349   29.187635        0.925     n.a.
 2026-Jan-10 01:54  m  09 03 28.42 +14 44 03.1   16.149    n.a.  2.02728347095309  37.1133244  155.3828 /L    7.9784   2.7105835   284.39305   29.189442        0.926     n.a.
 2026-Jan-10 01:55  m  09 03 28.24 +14 44 03.8   16.149    n.a.  2.02729835421367  37.1157846  155.3842 /L    7.9779   2.7105423   284.39262   29.191251        0.927     n.a.
 2026-Jan-10 01:56  m  09 03 28.06 +14 44 04.5   16.149    n.a.  2.02731323846071  37.1182443  155.3857 /L    7.9774   2.7105009   284.39218   29.193061        0.928     n.a.
 2026-Jan-10 01:57  m  09 03 27.88 +14 44 05.2   16.149    n.a.  2.02732812369398  37.1207035  155.3871 /L    7.9769   2.7104592   284.39175   29.194874        0.929     n.a.
 2026-Jan-10 01:58  m  09 03 27.70 +14 44 05.8   16.149    n.a.  2.02734300991330  37.1231623  155.3886 /L    7.9764   2.7104173   284.39132   29.196688        0.930     n.a.
 2026-Jan-10 01:59  m  09 03 27.51 +14 44 06.5   16.149    n.a.  2.02735789711846  37.1256204  155.3901 /L    7.9759   2.7103752   284.39089   29.198504        0.931     n.a.
 2026-Jan-10 02:00  m  09 03 27.33 +14 44 07.2   16.149    n.a.  2.02737278530924  37.1280781  155.3915 /L    7.9754   2.7103329   284.39046   29.200321        0.932     n.a.
 2026-Jan-10 02:01  m  09 03 27.15 +14 44 07.8   16.149    n.a.  2.02738767448542  37.1305351  155.3930 /L    7.9749   2.7102903   284.39003   29.202140        0.933     n.a.
 2026-Jan-10 02:02  m  09 03 26.97 +14 44 08.5   16.149    n.a.  2.02740256464677  37.1329916  155.3944 /L    7.9744   2.7102475   284.38960   29.203961        0.935     n.a.
 2026-Jan-10 02:03  m  09 03 26.79 +14 44 09.2   16.149    n.a.  2.02741745579300  37.1354474  155.3959 /L    7.9739   2.7102044   284.38918   29.205784        0.936     n.a.
 2026-Jan-10 02:04  m  09 03 26.61 +14 44 09.8   16.149    n.a.  2.02743234792387  37.1379025  155.3974 /L    7.9734   2.7101612   284.38875   29.207608        0.937     n.a.
 2026-Jan-10 02:05  m  09 03 26.43 +14 44 10.5   16.149    n.a.  2.02744724103912  37.1403570  155.3988 /L    7.9729   2.7101176   284.38833   29.209433        0.938     n.a.
 2026-Jan-10 02:06  m  09 03 26.25 +14 44 11.2   16.149    n.a.  2.02746213513846  37.1428107  155.4003 /L    7.9723   2.7100739   284.38791   29.211261        0.939     n.a.
 2026-Jan-10 02:07  m  09 03 26.07 +14 44 11.8   16.149    n.a.  2.02747703022160  37.1452637  155.4017 /L    7.9718   2.7100299   284.38749   29.213089        0.940     n.a.
 2026-Jan-10 02:08  m  09 03 25.89 +14 44 12.5   16.149    n.a.  2.02749192628828  37.1477160  155.4032 /L    7.9713   2.7099857   284.38707   29.214920        0.941     n.a.
 2026-Jan-10 02:09  m  09 03 25.70 +14 44 13.2   16.149    n.a.  2.02750682333811  37.1501674  155.4047 /L    7.9708   2.7099413   284.38666   29.216752        0.942     n.a.
 2026-Jan-10 02:10  m  09 03 25.52 +14 44 13.8   16.149    n.a.  2.02752172137082  37.1526181  155.4061 /L    7.9703   2.7098967   284.38624   29.218585        0.943     n.a.
 2026-Jan-10 02:11  m  09 03 25.34 +14 44 14.5   16.149    n.a.  2.02753662038608  37.1550679  155.4076 /L    7.9698   2.7098518   284.38583   29.220420        0.944     n.a.
 2026-Jan-10 02:12  m  09 03 25.16 +14 44 15.2   16.149    n.a.  2.02755152038354  37.1575169  155.4090 /L    7.9693   2.7098066   284.38541   29.222256        0.944     n.a.
 2026-Jan-10 02:13  m  09 03 24.98 +14 44 15.8   16.149    n.a.  2.02756642136285  37.1599649  155.4105 /L    7.9688   2.7097613   284.38500   29.224094        0.945     n.a.
 2026-Jan-10 02:14  m  09 03 24.80 +14 44 16.5   16.149    n.a.  2.02758132332369  37.1624121  155.4119 /L    7.9683   2.7097157   284.38459   29.225933        0.946     n.a.
 2026-Jan-10 02:15  m  09 03 24.62 +14 44 17.2   16.149    n.a.  2.02759622626562  37.1648583  155.4134 /L    7.9678   2.7096699   284.38419   29.227774        0.947     n.a.
 2026-Jan-10 02:16  m  09 03 24.44 +14 44 17.9   16.149    n.a.  2.02761113018830  37.1673036  155.4149 /L    7.9673   2.7096239   284.38378   29.229616        0.948     n.a.
 2026-Jan-10 02:17  m  09 03 24.26 +14 44 18.5   16.149    n.a.  2.02762603509133  37.1697479  155.4163 /L    7.9668   2.7095776   284.38337   29.231459        0.949     n.a.
 2026-Jan-10 02:18  m  09 03 24.08 +14 44 19.2   16.150    n.a.  2.02764094097432  37.1721912  155.4178 /L    7.9663   2.7095311   284.38297   29.233304        0.950     n.a.
 2026-Jan-10 02:19  m  09 03 23.89 +14 44 19.9   16.150    n.a.  2.02765584783685  37.1746334  155.4192 /L    7.9658   2.7094844   284.38257   29.235150        0.951     n.a.
 2026-Jan-10 02:20  m  09 03 23.71 +14 44 20.5   16.150    n.a.  2.02767075567854  37.1770746  155.4207 /L    7.9653   2.7094374   284.38217   29.236997        0.952     n.a.
 2026-Jan-10 02:21  m  09 03 23.53 +14 44 21.2   16.150    n.a.  2.02768566449890  37.1795147  155.4221 /L    7.9648   2.7093903   284.38177   29.238846        0.953     n.a.
 2026-Jan-10 02:22  m  09 03 23.35 +14 44 21.9   16.150    n.a.  2.02770057429751  37.1819537  155.4236 /L    7.9643   2.7093429   284.38137   29.240696        0.953     n.a.
 2026-Jan-10 02:23  m  09 03 23.17 +14 44 22.5   16.150    n.a.  2.02771548507394  37.1843915  155.4251 /L    7.9637   2.7092952   284.38097   29.242547        0.954     n.a.
 2026-Jan-10 02:24  m  09 03 22.99 +14 44 23.2   16.150    n.a.  2.02773039682771  37.1868283  155.4265 /L    7.9632   2.7092474   284.38058   29.244400        0.955     n.a.
 2026-Jan-10 02:25  m  09 03 22.81 +14 44 23.9   16.150    n.a.  2.02774530955836  37.1892638  155.4280 /L    7.9627   2.7091993   284.38018   29.246253        0.956     n.a.
 2026-Jan-10 02:26  m  09 03 22.63 +14 44 24.5   16.150    n.a.  2.02776022326545  37.1916981  155.4294 /L    7.9622   2.7091510   284.37979   29.248108        0.957     n.a.
 2026-Jan-10 02:27  m  09 03 22.45 +14 44 25.2   16.150    n.a.  2.02777513794842  37.1941312  155.4309 /L    7.9617   2.7091024   284.37940   29.249965        0.957     n.a.
 2026-Jan-10 02:28  m  09 03 22.27 +14 44 25.9   16.150    n.a.  2.02779005360680  37.1965630  155.4324 /L    7.9612   2.7090537   284.37901   29.251822        0.958     n.a.
 2026-Jan-10 02:29  m  09 03 22.08 +14 44 26.5   16.150    n.a.  2.02780497024010  37.1989936  155.4338 /L    7.9607   2.7090047   284.37862   29.253680        0.959     n.a.
 2026-Jan-10 02:30  m  09 03 21.90 +14 44 27.2   16.150    n.a.  2.02781988784777  37.2014228  155.4353 /L    7.9602   2.7089555   284.37824   29.255540        0.960     n.a.
 2026-Jan-10 02:31  m  09 03 21.72 +14 44 27.9   16.150    n.a.  2.02783480642931  37.2038507  155.4367 /L    7.9597   2.7089060   284.37785   29.257401        0.961     n.a.
 2026-Jan-10 02:32  m  09 03 21.54 +14 44 28.5   16.150    n.a.  2.02784972598421  37.2062773  155.4382 /L    7.9592   2.7088564   284.37747   29.259263        0.961     n.a.
 2026-Jan-10 02:33  m  09 03 21.36 +14 44 29.2   16.150    n.a.  2.02786464651184  37.2087025  155.4396 /L    7.9587   2.7088065   284.37709   29.261126        0.962     n.a.
 2026-Jan-10 02:34  m  09 03 21.18 +14 44 29.9   16.150    n.a.  2.02787956801170  37.2111263  155.4411 /L    7.9582   2.7087564   284.37671   29.262990        0.963     n.a.
 2026-Jan-10 02:35  m  09 03 21.00 +14 44 30.5   16.150    n.a.  2.02789449048320  37.2135486  155.4426 /L    7.9577   2.7087060   284.37633   29.264855        0.964     n.a.
 2026-Jan-10 02:36  m  09 03 20.82 +14 44 31.2   16.150    n.a.  2.02790941392578  37.2159695  155.4440 /L    7.9572   2.7086555   284.37595   29.266721        0.964     n.a.
 2026-Jan-10 02:37  m  09 03 20.64 +14 44 31.9   16.150    n.a.  2.02792433833884  37.2183890  155.4455 /L    7.9567   2.7086047   284.37558   29.268588        0.965     n.a.
 2026-Jan-10 02:38  m  09 03 20.46 +14 44 32.5   16.150    n.a.  2.02793926372183  37.2208069  155.4469 /L    7.9562   2.7085537   284.37520   29.270456        0.966     n.a.
 2026-Jan-10 02:39  m  09 03 20.28 +14 44 33.2   16.150    n.a.  2.02795419007407  37.2232233  155.4484 /L    7.9557   2.7085025   284.37483   29.272325        0.966     n.a.
 2026-Jan-10 02:40  m  09 03 20.09 +14 44 33.9   16.150    n.a.  2.02796911739497  37.2256382  155.4498 /L    7.9551   2.7084510   284.37446   29.274195        0.967     n.a.
 2026-Jan-10 02:41  m  09 03 19.91 +14 44 34.5   16.150    n.a.  2.02798404568392  37.2280514  155.4513 /L    7.9546   2.7083993   284.37409   29.276066        0.968     n.a.
 2026-Jan-10 02:42  m  09 03 19.73 +14 44 35.2   16.150    n.a.  2.02799897494028  37.2304631  155.4528 /L    7.9541   2.7083474   284.37372   29.277938        0.968     n.a.
 2026-Jan-10 02:43  m  09 03 19.55 +14 44 35.9   16.150    n.a.  2.02801390516339  37.2328732  155.4542 /L    7.9536   2.7082953   284.37336   29.279811        0.969     n.a.
 2026-Jan-10 02:44  m  09 03 19.37 +14 44 36.5   16.150    n.a.  2.02802883635265  37.2352816  155.4557 /L    7.9531   2.7082430   284.37299   29.281685        0.970     n.a.
 2026-Jan-10 02:45  m  09 03 19.19 +14 44 37.2   16.150    n.a.  2.02804376850731  37.2376884  155.4571 /L    7.9526   2.7081904   284.37263   29.283559        0.970     n.a.
 2026-Jan-10 02:46  m  09 03 19.01 +14 44 37.9   16.150    n.a.  2.02805870162675  37.2400935  155.4586 /L    7.9521   2.7081377   284.37227   29.285435        0.971     n.a.
 2026-Jan-10 02:47  m  09 03 18.83 +14 44 38.5   16.150    n.a.  2.02807363571027  37.2424968  155.4600 /L    7.9516   2.7080847   284.37191   29.287311        0.972     n.a.
 2026-Jan-10 02:48  m  09 03 18.65 +14 44 39.2   16.150    n.a.  2.02808857075718  37.2448984  155.4615 /L    7.9511   2.7080315   284.37155   29.289188        0.972     n.a.
 2026-Jan-10 02:49  m  09 03 18.47 +14 44 39.9   16.150    n.a.  2.02810350676678  37.2472982  155.4630 /L    7.9506   2.7079780   284.37119   29.291066        0.973     n.a.
 2026-Jan-10 02:50  m  09 03 18.29 +14 44 40.6   16.150    n.a.  2.02811844373838  37.2496963  155.4644 /L    7.9501   2.7079244   284.37084   29.292945        0.973     n.a.
 2026-Jan-10 02:51  m  09 03 18.10 +14 44 41.2   16.151    n.a.  2.02813338167121  37.2520925  155.4659 /L    7.9496   2.7078705   284.37048   29.294824        0.974     n.a.
 2026-Jan-10 02:52  m  09 03 17.92 +14 44 41.9   16.151    n.a.  2.02814832056456  37.2544869  155.4673 /L    7.9491   2.7078164   284.37013   29.296704        0.975     n.a.
 2026-Jan-10 02:53  m  09 03 17.74 +14 44 42.6   16.151    n.a.  2.02816326041770  37.2568795  155.4688 /L    7.9486   2.7077621   284.36978   29.298585        0.975     n.a.
 2026-Jan-10 02:54  m  09 03 17.56 +14 44 43.2   16.151    n.a.  2.02817820122986  37.2592701  155.4702 /L    7.9481   2.7077076   284.36943   29.300466        0.976     n.a.
 2026-Jan-10 02:55  m  09 03 17.38 +14 44 43.9   16.151    n.a.  2.02819314300029  37.2616589  155.4717 /L    7.9476   2.7076529   284.36908   29.302348        0.976     n.a.
 2026-Jan-10 02:56  m  09 03 17.20 +14 44 44.6   16.151    n.a.  2.02820808572825  37.2640457  155.4732 /L    7.9471   2.7075979   284.36874   29.304231        0.977     n.a.
 2026-Jan-10 02:57  m  09 03 17.02 +14 44 45.2   16.151    n.a.  2.02822302941291  37.2664306  155.4746 /L    7.9465   2.7075428   284.36839   29.306115        0.978     n.a.
 2026-Jan-10 02:58  m  09 03 16.84 +14 44 45.9   16.151    n.a.  2.02823797405349  37.2688135  155.4761 /L    7.9460   2.7074874   284.36805   29.307999        0.978     n.a.
 2026-Jan-10 02:59  m  09 03 16.66 +14 44 46.6   16.151    n.a.  2.02825291964921  37.2711943  155.4775 /L    7.9455   2.7074318   284.36771   29.309884        0.979     n.a.
 2026-Jan-10 03:00  m  09 03 16.48 +14 44 47.2   16.151    n.a.  2.02826786619925  37.2735732  155.4790 /L    7.9450   2.7073760   284.36737   29.311769        0.979     n.a.
 2026-Jan-10 03:01  m  09 03 16.30 +14 44 47.9   16.151    n.a.  2.02828281370281  37.2759500  155.4804 /L    7.9445   2.7073200   284.36703   29.313655        0.980     n.a.
 2026-Jan-10 03:02  m  09 03 16.11 +14 44 48.6   16.151    n.a.  2.02829776215907  37.2783247  155.4819 /L    7.9440   2.7072637   284.36670   29.315541        0.980     n.a.
 2026-Jan-10 03:03  m  09 03 15.93 +14 44 49.2   16.151    n.a.  2.02831271156715  37.2806974  155.4834 /L    7.9435   2.7072073   284.36636   29.317428        0.981     n.a.
 2026-Jan-10 03:04  m  09 03 15.75 +14 44 49.9   16.151    n.a.  2.02832766192623  37.2830679  155.4848 /L    7.9430   2.7071506   284.36603   29.319315        0.981     n.a.
 2026-Jan-10 03:05  m  09 03 15.57 +14 44 50.6   16.151    n.a.  2.02834261323546  37.2854363  155.4863 /L    7.9425   2.7070937   284.36570   29.321203        0.982     n.a.
 2026-Jan-10 03:06  m  09 03 15.39 +14 44 51.2   16.151    n.a.  2.02835756549396  37.2878025  155.4877 /L    7.9420   2.7070367   284.36537   29.323092        0.982     n.a.
 2026-Jan-10 03:07  m  09 03 15.21 +14 44 51.9   16.151    n.a.  2.02837251870088  37.2901665  155.4892 /L    7.9415   2.7069794   284.36504   29.324980        0.983     n.a.
 2026-Jan-10 03:08  m  09 03 15.03 +14 44 52.6   16.151    n.a.  2.02838747285532  37.2925283  155.4906 /L    7.9410   2.7069219   284.36471   29.326870        0.983     n.a.
 2026-Jan-10 03:09  m  09 03 14.85 +14 44 53.2   16.151    n.a.  2.02840242795643  37.2948879  155.4921 /L    7.9405   2.7068641   284.36439   29.328759        0.984     n.a.
 2026-Jan-10 03:10  m  09 03 14.67 +14 44 53.9   16.151    n.a.  2.02841738400323  37.2972452  155.4936 /L    7.9400   2.7068062   284.36407   29.330649        0.984     n.a.
 2026-Jan-10 03:11  m  09 03 14.49 +14 44 54.6   16.151    n.a.  2.02843234099486  37.2996002  155.4950 /L    7.9395   2.7067481   284.36375   29.332540        0.985     n.a.
 2026-Jan-10 03:12  m  09 03 14.31 +14 44 55.2   16.151    n.a.  2.02844729893039  37.3019529  155.4965 /L    7.9390   2.7066897   284.36343   29.334431        0.985     n.a.
 2026-Jan-10 03:13  m  09 03 14.13 +14 44 55.9   16.151    n.a.  2.02846225780889  37.3043033  155.4979 /L    7.9385   2.7066312   284.36311   29.336322        0.986     n.a.
 2026-Jan-10 03:14  m  09 03 13.94 +14 44 56.6   16.151    n.a.  2.02847721762942  37.3066513  155.4994 /L    7.9380   2.7065724   284.36279   29.338213        0.986     n.a.
 2026-Jan-10 03:15  m  09 03 13.76 +14 44 57.2   16.151    n.a.  2.02849217839107  37.3089970  155.5008 /L    7.9374   2.7065135   284.36248   29.340105        0.987     n.a.
 2026-Jan-10 03:16  m  09 03 13.58 +14 44 57.9   16.151    n.a.  2.02850714009281  37.3113403  155.5023 /L    7.9369   2.7064543   284.36216   29.341997        0.987     n.a.
 2026-Jan-10 03:17  m  09 03 13.40 +14 44 58.6   16.151    n.a.  2.02852210273372  37.3136811  155.5037 /L    7.9364   2.7063949   284.36185   29.343889        0.988     n.a.
 2026-Jan-10 03:18  m  09 03 13.22 +14 44 59.2   16.151    n.a.  2.02853706631282  37.3160195  155.5052 /L    7.9359   2.7063353   284.36154   29.345782        0.988     n.a.
 2026-Jan-10 03:19  m  09 03 13.04 +14 44 59.9   16.151    n.a.  2.02855203082912  37.3183555  155.5067 /L    7.9354   2.7062755   284.36123   29.347674        0.988     n.a.
 2026-Jan-10 03:20  m  09 03 12.86 +14 45 00.5   16.151    n.a.  2.02856699628164  37.3206889  155.5081 /L    7.9349   2.7062155   284.36093   29.349567        0.989     n.a.
 2026-Jan-10 03:21  m  09 03 12.68 +14 45 01.2   16.151    n.a.  2.02858196266939  37.3230199  155.5096 /L    7.9344   2.7061553   284.36062   29.351461        0.989     n.a.
 2026-Jan-10 03:22  m  09 03 12.50 +14 45 01.9   16.151    n.a.  2.02859692999130  37.3253483  155.5110 /L    7.9339   2.7060949   284.36032   29.353354        0.990     n.a.
 2026-Jan-10 03:23  m  09 03 12.32 +14 45 02.5   16.151    n.a.  2.02861189824639  37.3276741  155.5125 /L    7.9334   2.7060343   284.36002   29.355247        0.990     n.a.
 2026-Jan-10 03:24  m  09 03 12.14 +14 45 03.2   16.152    n.a.  2.02862686743363  37.3299974  155.5139 /L    7.9329   2.7059735   284.35972   29.357141        0.991     n.a.
 2026-Jan-10 03:25  m  09 03 11.96 +14 45 03.9   16.152    n.a.  2.02864183755198  37.3323180  155.5154 /L    7.9324   2.7059125   284.35942   29.359035        0.991     n.a.
 2026-Jan-10 03:26  m  09 03 11.78 +14 45 04.5   16.152    n.a.  2.02865680860038  37.3346361  155.5168 /L    7.9319   2.7058513   284.35912   29.360928        0.991     n.a.
 2026-Jan-10 03:27  m  09 03 11.59 +14 45 05.2   16.152    n.a.  2.02867178057782  37.3369515  155.5183 /L    7.9314   2.7057899   284.35883   29.362822        0.992     n.a.
 2026-Jan-10 03:28  m  09 03 11.41 +14 45 05.9   16.152    n.a.  2.02868675348317  37.3392642  155.5198 /L    7.9309   2.7057282   284.35854   29.364716        0.992     n.a.
 2026-Jan-10 03:29  m  09 03 11.23 +14 45 06.5   16.152    n.a.  2.02870172731538  37.3415743  155.5212 /L    7.9304   2.7056664   284.35824   29.366610        0.993     n.a.
 2026-Jan-10 03:30  m  09 03 11.05 +14 45 07.2   16.152    n.a.  2.02871670207337  37.3438816  155.5227 /L    7.9299   2.7056044   284.35796   29.368504        0.993     n.a.
 2026-Jan-10 03:31  m  09 03 10.87 +14 45 07.9   16.152    n.a.  2.02873167775604  37.3461862  155.5241 /L    7.9294   2.7055422   284.35767   29.370398        0.993     n.a.
 2026-Jan-10 03:32  m  09 03 10.69 +14 45 08.5   16.152    n.a.  2.02874665436231  37.3484880  155.5256 /L    7.9289   2.7054798   284.35738   29.372292        0.994     n.a.
 2026-Jan-10 03:33  m  09 03 10.51 +14 45 09.2   16.152    n.a.  2.02876163189107  37.3507871  155.5270 /L    7.9284   2.7054172   284.35710   29.374186        0.994     n.a.
 2026-Jan-10 03:34  m  09 03 10.33 +14 45 09.9   16.152    n.a.  2.02877661034117  37.3530833  155.5285 /L    7.9278   2.7053544   284.35681   29.376079        0.994     n.a.
 2026-Jan-10 03:35  m  09 03 10.15 +14 45 10.5   16.152    n.a.  2.02879158971150  37.3553768  155.5299 /L    7.9273   2.7052913   284.35653   29.377973        0.995     n.a.
 2026-Jan-10 03:36  m  09 03 09.97 +14 45 11.2   16.152    n.a.  2.02880657000092  37.3576674  155.5314 /L    7.9268   2.7052281   284.35625   29.379867        0.995     n.a.
 2026-Jan-10 03:37  m  09 03 09.79 +14 45 11.9   16.152    n.a.  2.02882155120829  37.3599551  155.5329 /L    7.9263   2.7051647   284.35597   29.381760        0.995     n.a.
 2026-Jan-10 03:38  m  09 03 09.61 +14 45 12.5   16.152    n.a.  2.02883653333245  37.3622399  155.5343 /L    7.9258   2.7051012   284.35570   29.383654        0.996     n.a.
 2026-Jan-10 03:39  m  09 03 09.43 +14 45 13.2   16.152    n.a.  2.02885151637227  37.3645218  155.5358 /L    7.9253   2.7050374   284.35542   29.385547        0.996     n.a.
 2026-Jan-10 03:40  m  09 03 09.24 +14 45 13.9   16.152    n.a.  2.02886650032653  37.3668008  155.5372 /L    7.9248   2.7049734   284.35515   29.387440        0.997     n.a.
 2026-Jan-10 03:41  m  09 03 09.06 +14 45 14.5   16.152    n.a.  2.02888148519406  37.3690769  155.5387 /L    7.9243   2.7049092   284.35488   29.389333        0.997     n.a.
 2026-Jan-10 03:42  m  09 03 08.88 +14 45 15.2   16.152    n.a.  2.02889647097369  37.3713499  155.5401 /L    7.9238   2.7048448   284.35461   29.391225        0.997     n.a.
 2026-Jan-10 03:43  m  09 03 08.70 +14 45 15.9   16.152    n.a.  2.02891145766421  37.3736200  155.5416 /L    7.9233   2.7047803   284.35434   29.393118        0.998     n.a.
 2026-Jan-10 03:44  m  09 03 08.52 +14 45 16.5   16.152    n.a.  2.02892644526442  37.3758870  155.5430 /L    7.9228   2.7047155   284.35408   29.395010        0.998     n.a.
 2026-Jan-10 03:45  m  09 03 08.34 +14 45 17.2   16.152    n.a.  2.02894143377313  37.3781510  155.5445 /L    7.9223   2.7046506   284.35381   29.396901        0.998     n.a.
 2026-Jan-10 03:46  m  09 03 08.16 +14 45 17.9   16.152    n.a.  2.02895642318906  37.3804120  155.5459 /L    7.9218   2.7045855   284.35355   29.398793        0.998     n.a.
 2026-Jan-10 03:47  m  09 03 07.98 +14 45 18.5   16.152    n.a.  2.02897141351102  37.3826699  155.5474 /L    7.9213   2.7045201   284.35329   29.400684        0.999     n.a.
 2026-Jan-10 03:48  m  09 03 07.80 +14 45 19.2   16.152    n.a.  2.02898640473775  37.3849246  155.5489 /L    7.9208   2.7044546   284.35303   29.402575        0.999     n.a.
 2026-Jan-10 03:49  m  09 03 07.62 +14 45 19.9   16.152    n.a.  2.02900139686801  37.3871763  155.5503 /L    7.9203   2.7043889   284.35278   29.404466        0.999     n.a.
 2026-Jan-10 03:50  m  09 03 07.44 +14 45 20.5   16.152    n.a.  2.02901638990055  37.3894248  155.5518 /L    7.9198   2.7043230   284.35252   29.406356        1.000     n.a.
 2026-Jan-10 03:51  m  09 03 07.26 +14 45 21.2   16.152    n.a.  2.02903138383412  37.3916701  155.5532 /L    7.9193   2.7042570   284.35227   29.408246        1.000     n.a.
 2026-Jan-10 03:52  m  09 03 07.08 +14 45 21.9   16.152    n.a.  2.02904637866740  37.3939122  155.5547 /L    7.9188   2.7041907   284.35201   29.410135        1.000     n.a.
 2026-Jan-10 03:53  m  09 03 06.90 +14 45 22.5   16.152    n.a.  2.02906137439913  37.3961512  155.5561 /L    7.9183   2.7041243   284.35176   29.412024        1.001     n.a.
 2026-Jan-10 03:54  m  09 03 06.71 +14 45 23.2   16.152    n.a.  2.02907637102802  37.3983869  155.5576 /L    7.9177   2.7040576   284.35152   29.413913        1.001     n.a.
 2026-Jan-10 03:55  m  09 03 06.53 +14 45 23.8   16.152    n.a.  2.02909136855278  37.4006193  155.5590 /L    7.9172   2.7039908   284.35127   29.415801        1.001     n.a.
 2026-Jan-10 03:56  m  09 03 06.35 +14 45 24.5   16.152    n.a.  2.02910636697208  37.4028485  155.5605 /L    7.9167   2.7039238   284.35102   29.417688        1.002     n.a.
 2026-Jan-10 03:57  m  09 03 06.17 +14 45 25.2   16.153    n.a.  2.02912136628466  37.4050744  155.5619 /L    7.9162   2.7038566   284.35078   29.419575        1.002     n.a.
 2026-Jan-10 03:58  m  09 03 05.99 +14 45 25.8   16.153    n.a.  2.02913636648912  37.4072970  155.5634 /L    7.9157   2.7037893   284.35054   29.421462        1.002     n.a.
 2026-Jan-10 03:59  m  09 03 05.81 +14 45 26.5   16.153    n.a.  2.02915136758417  37.4095162  155.5649 /L    7.9152   2.7037217   284.35030   29.423348        1.002     n.a.
 2026-Jan-10 04:00  m  09 03 05.63 +14 45 27.2   16.153    n.a.  2.02916636956846  37.4117321  155.5663 /L    7.9147   2.7036540   284.35006   29.425234        1.003     n.a.
 2026-Jan-10 04:01  m  09 03 05.45 +14 45 27.8   16.153    n.a.  2.02918137244064  37.4139446  155.5678 /L    7.9142   2.7035861   284.34983   29.427119        1.003     n.a.
 2026-Jan-10 04:02  m  09 03 05.27 +14 45 28.5   16.153    n.a.  2.02919637619936  37.4161538  155.5692 /L    7.9137   2.7035180   284.34959   29.429003        1.003     n.a.
 2026-Jan-10 04:03  m  09 03 05.09 +14 45 29.2   16.153    n.a.  2.02921138084329  37.4183595  155.5707 /L    7.9132   2.7034497   284.34936   29.430887        1.003     n.a.
 2026-Jan-10 04:04  m  09 03 04.91 +14 45 29.8   16.153    n.a.  2.02922638637098  37.4205618  155.5721 /L    7.9127   2.7033813   284.34913   29.432770        1.004     n.a.
 2026-Jan-10 04:05  m  09 03 04.73 +14 45 30.5   16.153    n.a.  2.02924139278109  37.4227606  155.5736 /L    7.9122   2.7033126   284.34890   29.434652        1.004     n.a.
 2026-Jan-10 04:06  m  09 03 04.55 +14 45 31.2   16.153    n.a.  2.02925640007224  37.4249559  155.5750 /L    7.9117   2.7032438   284.34867   29.436534        1.004     n.a.
 2026-Jan-10 04:07  m  09 03 04.37 +14 45 31.8   16.153    n.a.  2.02927140824301  37.4271478  155.5765 /L    7.9112   2.7031748   284.34845   29.438415        1.004     n.a.
 2026-Jan-10 04:08  m  09 03 04.19 +14 45 32.5   16.153    n.a.  2.02928641729201  37.4293361  155.5779 /L    7.9107   2.7031057   284.34822   29.440295        1.005     n.a.
 2026-Jan-10 04:09  m  09 03 04.01 +14 45 33.2   16.153    n.a.  2.02930142721786  37.4315210  155.5794 /L    7.9102   2.7030363   284.34800   29.442175        1.005     n.a.
 2026-Jan-10 04:10  m  09 03 03.82 +14 45 33.8   16.153    n.a.  2.02931643801907  37.4337022  155.5808 /L    7.9097   2.7029668   284.34778   29.444054        1.005     n.a.
 2026-Jan-10 04:11  m  09 03 03.64 +14 45 34.5   16.153    n.a.  2.02933144969425  37.4358799  155.5823 /L    7.9092   2.7028972   284.34756   29.445932        1.005     n.a.
 2026-Jan-10 04:12  m  09 03 03.46 +14 45 35.2   16.153    n.a.  2.02934646224195  37.4380540  155.5838 /L    7.9087   2.7028273   284.34734   29.447809        1.006     n.a.
 2026-Jan-10 04:13  m  09 03 03.28 +14 45 35.8   16.153    n.a.  2.02936147566073  37.4402245  155.5852 /L    7.9082   2.7027573   284.34713   29.449686        1.006     n.a.
 2026-Jan-10 04:14  m  09 03 03.10 +14 45 36.5   16.153    n.a.  2.02937648994915  37.4423913  155.5867 /L    7.9077   2.7026871   284.34691   29.451561        1.006     n.a.
 2026-Jan-10 04:15  m  09 03 02.92 +14 45 37.1   16.153    n.a.  2.02939150510576  37.4445545  155.5881 /L    7.9072   2.7026167   284.34670   29.453436        1.006     n.a.
 2026-Jan-10 04:16  m  09 03 02.74 +14 45 37.8   16.153    n.a.  2.02940652112905  37.4467140  155.5896 /L    7.9066   2.7025462   284.34649   29.455310        1.007     n.a.
 2026-Jan-10 04:17  m  09 03 02.56 +14 45 38.5   16.153    n.a.  2.02942153801756  37.4488699  155.5910 /L    7.9061   2.7024754   284.34629   29.457184        1.007     n.a.
 2026-Jan-10 04:18  m  09 03 02.38 +14 45 39.1   16.153    n.a.  2.02943655576982  37.4510220  155.5925 /L    7.9056   2.7024046   284.34608   29.459056        1.007     n.a.
 2026-Jan-10 04:19  m  09 03 02.20 +14 45 39.8   16.153    n.a.  2.02945157438432  37.4531704  155.5939 /L    7.9051   2.7023335   284.34587   29.460927        1.007     n.a.
 2026-Jan-10 04:20  m  09 03 02.02 +14 45 40.5   16.153    n.a.  2.02946659385958  37.4553150  155.5954 /L    7.9046   2.7022623   284.34567   29.462798        1.008     n.a.
 2026-Jan-10 04:21  m  09 03 01.84 +14 45 41.1   16.153    n.a.  2.02948161419411  37.4574559  155.5968 /L    7.9041   2.7021909   284.34547   29.464667        1.008     n.a.
 2026-Jan-10 04:22  m  09 03 01.66 +14 45 41.8   16.153    n.a.  2.02949663538634  37.4595930  155.5983 /L    7.9036   2.7021194   284.34527   29.466535        1.008     n.a.
 2026-Jan-10 04:23  m  09 03 01.48 +14 45 42.5   16.153    n.a.  2.02951165743478  37.4617263  155.5997 /L    7.9031   2.7020476   284.34507   29.468403        1.008     n.a.
 2026-Jan-10 04:24  m  09 03 01.30 +14 45 43.1   16.153    n.a.  2.02952668033790  37.4638558  155.6012 /L    7.9026   2.7019758   284.34488   29.470269        1.008     n.a.
 2026-Jan-10 04:25  m  09 03 01.12 +14 45 43.8   16.153    n.a.  2.02954170409416  37.4659814  155.6026 /L    7.9021   2.7019037   284.34468   29.472135        1.009     n.a.
 2026-Jan-10 04:26  m  09 03 00.94 +14 45 44.5   16.153    n.a.  2.02955672870202  37.4681032  155.6041 /L    7.9016   2.7018315   284.34449   29.473999        1.009     n.a.
 2026-Jan-10 04:27  m  09 03 00.76 +14 45 45.1   16.153    n.a.  2.02957175415996  37.4702211  155.6056 /L    7.9011   2.7017591   284.34430   29.475863        1.009     n.a.
 2026-Jan-10 04:28  m  09 03 00.57 +14 45 45.8   16.153    n.a.  2.02958678046635  37.4723350  155.6070 /L    7.9006   2.7016866   284.34411   29.477725        1.009     n.a.
 2026-Jan-10 04:29  m  09 03 00.39 +14 45 46.5   16.153    n.a.  2.02960180761966  37.4744451  155.6085 /L    7.9001   2.7016139   284.34393   29.479586        1.009     n.a.
 2026-Jan-10 04:30  m  09 03 00.21 +14 45 47.1   16.154    n.a.  2.02961683561832  37.4765513  155.6099 /L    7.8996   2.7015411   284.34374   29.481446        1.010     n.a.
 2026-Jan-10 04:31  m  09 03 00.03 +14 45 47.8   16.154    n.a.  2.02963186446074  37.4786534  155.6114 /L    7.8991   2.7014681   284.34356   29.483305        1.010     n.a.
 2026-Jan-10 04:32  m  09 02 59.85 +14 45 48.4   16.154    n.a.  2.02964689414534  37.4807517  155.6128 /L    7.8986   2.7013949   284.34338   29.485163        1.010     n.a.
 2026-Jan-10 04:33  m  09 02 59.67 +14 45 49.1   16.154    n.a.  2.02966192467055  37.4828459  155.6143 /L    7.8981   2.7013216   284.34320   29.487020        1.010     n.a.
 2026-Jan-10 04:34  m  09 02 59.49 +14 45 49.8   16.154    n.a.  2.02967695603470  37.4849361  155.6157 /L    7.8976   2.7012481   284.34302   29.488875        1.010     n.a.
 2026-Jan-10 04:35  m  09 02 59.31 +14 45 50.4   16.154    n.a.  2.02969198823622  37.4870223  155.6172 /L    7.8971   2.7011744   284.34284   29.490729        1.011     n.a.
 2026-Jan-10 04:36  m  09 02 59.13 +14 45 51.1   16.154    n.a.  2.02970702127349  37.4891044  155.6186 /L    7.8966   2.7011006   284.34267   29.492582        1.011     n.a.
 2026-Jan-10 04:37  m  09 02 58.95 +14 45 51.8   16.154    n.a.  2.02972205514487  37.4911825  155.6201 /L    7.8961   2.7010267   284.34249   29.494434        1.011     n.a.
 2026-Jan-10 04:38  m  09 02 58.77 +14 45 52.4   16.154    n.a.  2.02973708984875  37.4932565  155.6215 /L    7.8955   2.7009526   284.34232   29.496284        1.011     n.a.
 2026-Jan-10 04:39  m  09 02 58.59 +14 45 53.1   16.154    n.a.  2.02975212538351  37.4953264  155.6230 /L    7.8950   2.7008783   284.34215   29.498134        1.011     n.a.
 2026-Jan-10 04:40  m  09 02 58.41 +14 45 53.8   16.154    n.a.  2.02976716174745  37.4973922  155.6244 /L    7.8945   2.7008039   284.34199   29.499982        1.012     n.a.
 2026-Jan-10 04:41  m  09 02 58.23 +14 45 54.4   16.154    n.a.  2.02978219893894  37.4994539  155.6259 /L    7.8940   2.7007293   284.34182   29.501828        1.012     n.a.
 2026-Jan-10 04:42  m  09 02 58.05 +14 45 55.1   16.154    n.a.  2.02979723695632  37.5015114  155.6273 /L    7.8935   2.7006546   284.34166   29.503673        1.012     n.a.
 2026-Jan-10 04:43  m  09 02 57.87 +14 45 55.7   16.154    n.a.  2.02981227579792  37.5035648  155.6288 /L    7.8930   2.7005797   284.34149   29.505517        1.012     n.a.
 2026-Jan-10 04:44  m  09 02 57.69 +14 45 56.4   16.154    n.a.  2.02982731546208  37.5056140  155.6302 /L    7.8925   2.7005047   284.34133   29.507360        1.012     n.a.
 2026-Jan-10 04:45  m  09 02 57.51 +14 45 57.1   16.154    n.a.  2.02984235594713  37.5076589  155.6317 /L    7.8920   2.7004296   284.34118   29.509201        1.013     n.a.
 2026-Jan-10 04:46  m  09 02 57.33 +14 45 57.7   16.154    n.a.  2.02985739725134  37.5096997  155.6331 /L    7.8915   2.7003543   284.34102   29.511041        1.013     n.a.
 2026-Jan-10 04:47  m  09 02 57.15 +14 45 58.4   16.154    n.a.  2.02987243937303  37.5117362  155.6346 /L    7.8910   2.7002788   284.34086   29.512879        1.013     n.a.
 2026-Jan-10 04:48  m  09 02 56.97 +14 45 59.1   16.154    n.a.  2.02988748231050  37.5137684  155.6361 /L    7.8905   2.7002032   284.34071   29.514716        1.013     n.a.
 2026-Jan-10 04:49  m  09 02 56.78 +14 45 59.7   16.154    n.a.  2.02990252606206  37.5157964  155.6375 /L    7.8900   2.7001274   284.34056   29.516551        1.013     n.a.
 2026-Jan-10 04:50  m  09 02 56.60 +14 46 00.4   16.154    n.a.  2.02991757062597  37.5178201  155.6390 /L    7.8895   2.7000515   284.34041   29.518385        1.013     n.a.
 2026-Jan-10 04:51  m  09 02 56.42 +14 46 01.1   16.154    n.a.  2.02993261600055  37.5198396  155.6404 /L    7.8890   2.6999755   284.34026   29.520217        1.014     n.a.
 2026-Jan-10 04:52  m  09 02 56.24 +14 46 01.7   16.154    n.a.  2.02994766218402  37.5218546  155.6419 /L    7.8885   2.6998993   284.34012   29.522048        1.014     n.a.
 2026-Jan-10 04:53  m  09 02 56.06 +14 46 02.4   16.154    n.a.  2.02996270917466  37.5238654  155.6433 /L    7.8880   2.6998230   284.33997   29.523878        1.014     n.a.
 2026-Jan-10 04:54  m  09 02 55.88 +14 46 03.1   16.154    n.a.  2.02997775697073  37.5258718  155.6448 /L    7.8875   2.6997465   284.33983   29.525705        1.014     n.a.
 2026-Jan-10 04:55  m  09 02 55.70 +14 46 03.7   16.154    n.a.  2.02999280557049  37.5278738  155.6462 /L    7.8870   2.6996699   284.33969   29.527532        1.014     n.a.
 2026-Jan-10 04:56  m  09 02 55.52 +14 46 04.4   16.154    n.a.  2.03000785497218  37.5298715  155.6477 /L    7.8865   2.6995932   284.33955   29.529356        1.014     n.a.
 2026-Jan-10 04:57  m  09 02 55.34 +14 46 05.0   16.154    n.a.  2.03002290517407  37.5318647  155.6491 /L    7.8860   2.6995163   284.33941   29.531179        1.015     n.a.
 2026-Jan-10 04:58  m  09 02 55.16 +14 46 05.7   16.154    n.a.  2.03003795617433  37.5338536  155.6506 /L    7.8855   2.6994393   284.33928   29.533001        1.015     n.a.
 2026-Jan-10 04:59  m  09 02 54.98 +14 46 06.4   16.154    n.a.  2.03005300797122  37.5358380  155.6520 /L    7.8850   2.6993621   284.33914   29.534820        1.015     n.a.
 2026-Jan-10 05:00  m  09 02 54.80 +14 46 07.0   16.154    n.a.  2.03006806056296  37.5378179  155.6535 /L    7.8845   2.6992848   284.33901   29.536639        1.015     n.a.
 2026-Jan-10 05:01  m  09 02 54.62 +14 46 07.7   16.154    n.a.  2.03008311394775  37.5397934  155.6549 /L    7.8840   2.6992074   284.33888   29.538455        1.015     n.a.
 2026-Jan-10 05:02  m  09 02 54.44 +14 46 08.4   16.155    n.a.  2.03009816812381  37.5417644  155.6564 /L    7.8835   2.6991298   284.33875   29.540270        1.015     n.a.
 2026-Jan-10 05:03  m  09 02 54.26 +14 46 09.0   16.155    n.a.  2.03011322308936  37.5437309  155.6578 /L    7.8830   2.6990521   284.33862   29.542083        1.016     n.a.
 2026-Jan-10 05:04  m  09 02 54.08 +14 46 09.7   16.155    n.a.  2.03012827884255  37.5456929  155.6593 /L    7.8824   2.6989743   284.33850   29.543894        1.016     n.a.
 2026-Jan-10 05:05  m  09 02 53.90 +14 46 10.3   16.155    n.a.  2.03014333538158  37.5476504  155.6607 /L    7.8819   2.6988963   284.33838   29.545704        1.016     n.a.
 2026-Jan-10 05:06  m  09 02 53.72 +14 46 11.0   16.155    n.a.  2.03015839270464  37.5496033  155.6622 /L    7.8814   2.6988182   284.33825   29.547511        1.016     n.a.
 2026-Jan-10 05:07  m  09 02 53.54 +14 46 11.7   16.155    n.a.  2.03017345080990  37.5515517  155.6636 /L    7.8809   2.6987400   284.33813   29.549317        1.016     n.a.
 2026-Jan-10 05:08  m  09 02 53.36 +14 46 12.3   16.155    n.a.  2.03018850969554  37.5534955  155.6651 /L    7.8804   2.6986617   284.33802   29.551122        1.016     n.a.
 2026-Jan-10 05:09  m  09 02 53.18 +14 46 13.0   16.155    n.a.  2.03020356935975  37.5554347  155.6665 /L    7.8799   2.6985832   284.33790   29.552924        1.017     n.a.
 2026-Jan-10 05:10  m  09 02 53.00 +14 46 13.7   16.155    n.a.  2.03021862980062  37.5573693  155.6680 /L    7.8794   2.6985046   284.33779   29.554724        1.017     n.a.
 2026-Jan-10 05:11  m  09 02 52.82 +14 46 14.3   16.155    n.a.  2.03023369101633  37.5592993  155.6694 /L    7.8789   2.6984258   284.33767   29.556523        1.017     n.a.
 2026-Jan-10 05:12  m  09 02 52.64 +14 46 15.0   16.155    n.a.  2.03024875300503  37.5612246  155.6709 /L    7.8784   2.6983470   284.33756   29.558320        1.017     n.a.
 2026-Jan-10 05:13  m  09 02 52.46 +14 46 15.7   16.155    n.a.  2.03026381576486  37.5631453  155.6723 /L    7.8779   2.6982680   284.33745   29.560115        1.017     n.a.
 2026-Jan-10 05:14  m  09 02 52.28 +14 46 16.3   16.155    n.a.  2.03027887929396  37.5650614  155.6738 /L    7.8774   2.6981889   284.33735   29.561908        1.017     n.a.
 2026-Jan-10 05:15  m  09 02 52.10 +14 46 17.0   16.155    n.a.  2.03029394359047  37.5669727  155.6752 /L    7.8769   2.6981096   284.33724   29.563699        1.017     n.a.
 2026-Jan-10 05:16  m  09 02 51.92 +14 46 17.6   16.155    n.a.  2.03030900865247  37.5688794  155.6767 /L    7.8764   2.6980303   284.33714   29.565488        1.018     n.a.
 2026-Jan-10 05:17  m  09 02 51.73 +14 46 18.3   16.155    n.a.  2.03032407447808  37.5707814  155.6781 /L    7.8759   2.6979508   284.33703   29.567275        1.018     n.a.
 2026-Jan-10 05:18  m  09 02 51.55 +14 46 19.0   16.155    n.a.  2.03033914106544  37.5726786  155.6796 /L    7.8754   2.6978712   284.33693   29.569061        1.018     n.a.
 2026-Jan-10 05:19  m  09 02 51.37 +14 46 19.6   16.155    n.a.  2.03035420841264  37.5745711  155.6810 /L    7.8749   2.6977915   284.33684   29.570844        1.018     n.a.
 2026-Jan-10 05:20  m  09 02 51.19 +14 46 20.3   16.155    n.a.  2.03036927651777  37.5764589  155.6825 /L    7.8744   2.6977116   284.33674   29.572625        1.018     n.a.
 2026-Jan-10 05:21  m  09 02 51.01 +14 46 21.0   16.155    n.a.  2.03038434537897  37.5783419  155.6839 /L    7.8739   2.6976317   284.33664   29.574404        1.018     n.a.
 2026-Jan-10 05:22  m  09 02 50.83 +14 46 21.6   16.155    n.a.  2.03039941499425  37.5802201  155.6854 /L    7.8734   2.6975516   284.33655   29.576182        1.019     n.a.
 2026-Jan-10 05:23  m  09 02 50.65 +14 46 22.3   16.155    n.a.  2.03041448536173  37.5820936  155.6868 /L    7.8729   2.6974714   284.33646   29.577957        1.019     n.a.
 2026-Jan-10 05:24  m  09 02 50.47 +14 46 22.9   16.155    n.a.  2.03042955647949  37.5839622  155.6883 /L    7.8724   2.6973911   284.33637   29.579730        1.019     n.a.
 2026-Jan-10 05:25  m  09 02 50.29 +14 46 23.6   16.155    n.a.  2.03044462834560  37.5858260  155.6897 /L    7.8719   2.6973107   284.33628   29.581501        1.019     n.a.
 2026-Jan-10 05:26  m  09 02 50.11 +14 46 24.3   16.155    n.a.  2.03045970095811  37.5876850  155.6912 /L    7.8714   2.6972301   284.33619   29.583270        1.019     n.a.
 2026-Jan-10 05:27  m  09 02 49.93 +14 46 24.9   16.155    n.a.  2.03047477431510  37.5895391  155.6926 /L    7.8709   2.6971495   284.33611   29.585036        1.019     n.a.
 2026-Jan-10 05:28  m  09 02 49.75 +14 46 25.6   16.155    n.a.  2.03048984841464  37.5913884  155.6941 /L    7.8704   2.6970687   284.33603   29.586801        1.019     n.a.
 2026-Jan-10 05:29  m  09 02 49.57 +14 46 26.3   16.155    n.a.  2.03050492325472  37.5932328  155.6955 /L    7.8699   2.6969878   284.33594   29.588563        1.020     n.a.
 2026-Jan-10 05:30  m  09 02 49.39 +14 46 26.9   16.155    n.a.  2.03051999883342  37.5950723  155.6970 /L    7.8694   2.6969069   284.33586   29.590324        1.020     n.a.
 2026-Jan-10 05:31  m  09 02 49.21 +14 46 27.6   16.155    n.a.  2.03053507514878  37.5969069  155.6984 /L    7.8689   2.6968258   284.33579   29.592082        1.020     n.a.
 2026-Jan-10 05:32  m  09 02 49.03 +14 46 28.3   16.155    n.a.  2.03055015219882  37.5987366  155.6999 /L    7.8683   2.6967446   284.33571   29.593838        1.020     n.a.
 2026-Jan-10 05:33  m  09 02 48.85 +14 46 28.9   16.155    n.a.  2.03056522998158  37.6005614  155.7013 /L    7.8678   2.6966633   284.33564   29.595591        1.020     n.a.
 2026-Jan-10 05:34  m  09 02 48.67 +14 46 29.6   16.155    n.a.  2.03058030849511  37.6023812  155.7028 /L    7.8673   2.6965819   284.33556   29.597343        1.020     n.a.
 2026-Jan-10 05:35  m  09 02 48.49 +14 46 30.2   16.156    n.a.  2.03059538773736  37.6041961  155.7042 /L    7.8668   2.6965003   284.33549   29.599092        1.021     n.a.
 2026-Jan-10 05:36  m  09 02 48.31 +14 46 30.9   16.156    n.a.  2.03061046770638  37.6060060  155.7057 /L    7.8663   2.6964187   284.33542   29.600839        1.021     n.a.
 2026-Jan-10 05:37  m  09 02 48.13 +14 46 31.6   16.156    n.a.  2.03062554840017  37.6078110  155.7071 /L    7.8658   2.6963370   284.33536   29.602583        1.021     n.a.
 2026-Jan-10 05:38  m  09 02 47.95 +14 46 32.2   16.156    n.a.  2.03064062981674  37.6096109  155.7086 /L    7.8653   2.6962552   284.33529   29.604326        1.021     n.a.
 2026-Jan-10 05:39  m  09 02 47.77 +14 46 32.9   16.156    n.a.  2.03065571195408  37.6114059  155.7100 /L    7.8648   2.6961732   284.33523   29.606066        1.021     n.a.
 2026-Jan-10 05:40  m  09 02 47.59 +14 46 33.6   16.156    n.a.  2.03067079481022  37.6131958  155.7115 /L    7.8643   2.6960912   284.33516   29.607803        1.021     n.a.
 2026-Jan-10 05:41  m  09 02 47.41 +14 46 34.2   16.156    n.a.  2.03068587838308  37.6149807  155.7129 /L    7.8638   2.6960091   284.33510   29.609538        1.021     n.a.
 2026-Jan-10 05:42  m  09 02 47.23 +14 46 34.9   16.156    n.a.  2.03070096267068  37.6167606  155.7144 /L    7.8633   2.6959268   284.33504   29.611271        1.022     n.a.
 2026-Jan-10 05:43  m  09 02 47.05 +14 46 35.5   16.156    n.a.  2.03071604767099  37.6185354  155.7158 /L    7.8628   2.6958445   284.33499   29.613002        1.022     n.a.
 2026-Jan-10 05:44  m  09 02 46.87 +14 46 36.2   16.156    n.a.  2.03073113338198  37.6203052  155.7173 /L    7.8623   2.6957621   284.33493   29.614730        1.022     n.a.
 2026-Jan-10 05:45  m  09 02 46.69 +14 46 36.9   16.156    n.a.  2.03074621980163  37.6220699  155.7187 /L    7.8618   2.6956796   284.33488   29.616456        1.022     n.a.
 2026-Jan-10 05:46  m  09 02 46.51 +14 46 37.5   16.156    n.a.  2.03076130692792  37.6238295  155.7202 /L    7.8613   2.6955970   284.33483   29.618179        1.022     n.a.
 2026-Jan-10 05:47  m  09 02 46.33 +14 46 38.2   16.156    n.a.  2.03077639475876  37.6255840  155.7216 /L    7.8608   2.6955142   284.33477   29.619900        1.022     n.a.
 2026-Jan-10 05:48 Am  09 02 46.15 +14 46 38.9   16.156    n.a.  2.03079148329213  37.6273335  155.7231 /L    7.8603   2.6954314   284.33473   29.621618        1.023     n.a.
 2026-Jan-10 05:49 Am  09 02 45.97 +14 46 39.5   16.156    n.a.  2.03080657252597  37.6290777  155.7245 /L    7.8598   2.6953486   284.33468   29.623334        1.023     n.a.
 2026-Jan-10 05:50 Am  09 02 45.79 +14 46 40.2   16.156    n.a.  2.03082166245824  37.6308169  155.7260 /L    7.8593   2.6952656   284.33463   29.625047        1.023     n.a.
 2026-Jan-10 05:51 Am  09 02 45.61 +14 46 40.8   16.156    n.a.  2.03083675308687  37.6325509  155.7274 /L    7.8588   2.6951825   284.33459   29.626758        1.023     n.a.
 2026-Jan-10 05:52 Am  09 02 45.43 +14 46 41.5   16.156    n.a.  2.03085184440984  37.6342798  155.7289 /L    7.8583   2.6950993   284.33455   29.628466        1.023     n.a.
 2026-Jan-10 05:53 Am  09 02 45.25 +14 46 42.2   16.156    n.a.  2.03086693642500  37.6360035  155.7303 /L    7.8578   2.6950161   284.33451   29.630172        1.023     n.a.
 2026-Jan-10 05:54 Am  09 02 45.07 +14 46 42.8   16.156    n.a.  2.03088202913032  37.6377220  155.7318 /L    7.8573   2.6949327   284.33447   29.631875        1.024     n.a.
 2026-Jan-10 05:55 Am  09 02 44.89 +14 46 43.5   16.156    n.a.  2.03089712252372  37.6394353  155.7332 /L    7.8568   2.6948493   284.33443   29.633576        1.024     n.a.
 2026-Jan-10 05:56 Am  09 02 44.71 +14 46 44.1   16.156    n.a.  2.03091221660311  37.6411435  155.7347 /L    7.8563   2.6947658   284.33440   29.635274        1.024     n.a.
 2026-Jan-10 05:57 Am  09 02 44.53 +14 46 44.8   16.156    n.a.  2.03092731136642  37.6428464  155.7361 /L    7.8558   2.6946822   284.33436   29.636969        1.024     n.a.
 2026-Jan-10 05:58 Am  09 02 44.35 +14 46 45.5   16.156    n.a.  2.03094240681158  37.6445441  155.7375 /L    7.8553   2.6945985   284.33433   29.638662        1.024     n.a.
 2026-Jan-10 05:59 Am  09 02 44.17 +14 46 46.1   16.156    n.a.  2.03095750293644  37.6462366  155.7390 /L    7.8548   2.6945147   284.33430   29.640352        1.025     n.a.
 2026-Jan-10 06:00 Am  09 02 43.99 +14 46 46.8   16.156    n.a.  2.03097259973893  37.6479239  155.7404 /L    7.8543   2.6944309   284.33427   29.642040        1.025     n.a.
 2026-Jan-10 06:01 Am  09 02 43.81 +14 46 47.5   16.156    n.a.  2.03098769721694  37.6496059  155.7419 /L    7.8538   2.6943470   284.33425   29.643725        1.025     n.a.
 2026-Jan-10 06:02 Am  09 02 43.63 +14 46 48.1   16.156    n.a.  2.03100279536837  37.6512826  155.7433 /L    7.8533   2.6942630   284.33422   29.645407        1.025     n.a.
 2026-Jan-10 06:03 Am  09 02 43.45 +14 46 48.8   16.156    n.a.  2.03101789419111  37.6529541  155.7448 /L    7.8528   2.6941789   284.33420   29.647086        1.025     n.a.
 2026-Jan-10 06:04 Am  09 02 43.27 +14 46 49.4   16.156    n.a.  2.03103299368307  37.6546203  155.7462 /L    7.8523   2.6940947   284.33417   29.648763        1.025     n.a.
 2026-Jan-10 06:05 Am  09 02 43.09 +14 46 50.1   16.156    n.a.  2.03104809384208  37.6562812  155.7477 /L    7.8518   2.6940105   284.33415   29.650437        1.026     n.a.
 2026-Jan-10 06:06 Am  09 02 42.91 +14 46 50.8   16.156    n.a.  2.03106319466603  37.6579368  155.7491 /L    7.8512   2.6939261   284.33414   29.652108        1.026     n.a.
 2026-Jan-10 06:07 Am  09 02 42.73 +14 46 51.4   16.156    n.a.  2.03107829615281  37.6595871  155.7506 /L    7.8507   2.6938418   284.33412   29.653777        1.026     n.a.
 2026-Jan-10 06:08 Am  09 02 42.55 +14 46 52.1   16.157    n.a.  2.03109339830029  37.6612320  155.7520 /L    7.8502   2.6937573   284.33410   29.655443        1.026     n.a.
 2026-Jan-10 06:09 Am  09 02 42.37 +14 46 52.8   16.157    n.a.  2.03110850110632  37.6628717  155.7535 /L    7.8497   2.6936727   284.33409   29.657106        1.026     n.a.
 2026-Jan-10 06:10 Am  09 02 42.19 +14 46 53.4   16.157    n.a.  2.03112360456881  37.6645060  155.7549 /L    7.8492   2.6935881   284.33408   29.658766        1.027     n.a.
 2026-Jan-10 06:11 Am  09 02 42.01 +14 46 54.1   16.157    n.a.  2.03113870868555  37.6661350  155.7564 /L    7.8487   2.6935035   284.33407   29.660423        1.027     n.a.
 2026-Jan-10 06:12 Am  09 02 41.83 +14 46 54.7   16.157    n.a.  2.03115381345442  37.6677586  155.7578 /L    7.8482   2.6934187   284.33406   29.662077        1.027     n.a.
 2026-Jan-10 06:13 Am  09 02 41.65 +14 46 55.4   16.157    n.a.  2.03116891887327  37.6693769  155.7593 /L    7.8477   2.6933339   284.33405   29.663729        1.027     n.a.
 2026-Jan-10 06:14 Am  09 02 41.47 +14 46 56.1   16.157    n.a.  2.03118402493996  37.6709897  155.7607 /L    7.8472   2.6932490   284.33404   29.665378        1.027     n.a.
 2026-Jan-10 06:15 Am  09 02 41.29 +14 46 56.7   16.157    n.a.  2.03119913165233  37.6725972  155.7622 /L    7.8467   2.6931640   284.33404   29.667024        1.028     n.a.
 2026-Jan-10 06:16 Am  09 02 41.11 +14 46 57.4   16.157    n.a.  2.03121423900824  37.6741993  155.7636 /L    7.8462   2.6930790   284.33404   29.668667        1.028     n.a.
 2026-Jan-10 06:17 Am  09 02 40.93 +14 46 58.1   16.157    n.a.  2.03122934700548  37.6757960  155.7651 /L    7.8457   2.6929939   284.33404   29.670307        1.028     n.a.
 2026-Jan-10 06:18 Am  09 02 40.75 +14 46 58.7   16.157    n.a.  2.03124445564190  37.6773873  155.7665 /L    7.8452   2.6929088   284.33404   29.671944        1.028     n.a.
 2026-Jan-10 06:19 Am  09 02 40.57 +14 46 59.4   16.157    n.a.  2.03125956491534  37.6789732  155.7679 /L    7.8447   2.6928236   284.33404   29.673578        1.029     n.a.
 2026-Jan-10 06:20 Am  09 02 40.39 +14 47 00.0   16.157    n.a.  2.03127467482362  37.6805537  155.7694 /L    7.8442   2.6927383   284.33404   29.675210        1.029     n.a.
 2026-Jan-10 06:21 Am  09 02 40.21 +14 47 00.7   16.157    n.a.  2.03128978536457  37.6821287  155.7708 /L    7.8437   2.6926529   284.33405   29.676838        1.029     n.a.
 2026-Jan-10 06:22 Am  09 02 40.03 +14 47 01.4   16.157    n.a.  2.03130489653603  37.6836983  155.7723 /L    7.8432   2.6925675   284.33406   29.678463        1.029     n.a.
 2026-Jan-10 06:23 Am  09 02 39.85 +14 47 02.0   16.157    n.a.  2.03132000833577  37.6852625  155.7737 /L    7.8427   2.6924821   284.33407   29.680086        1.029     n.a.
 2026-Jan-10 06:24 Am  09 02 39.67 +14 47 02.7   16.157    n.a.  2.03133512076163  37.6868211  155.7752 /L    7.8422   2.6923966   284.33408   29.681705        1.030     n.a.
 2026-Jan-10 06:25 Am  09 02 39.49 +14 47 03.3   16.157    n.a.  2.03135023381141  37.6883744  155.7766 /L    7.8417   2.6923110   284.33409   29.683321        1.030     n.a.
 2026-Jan-10 06:26 Nm  09 02 39.31 +14 47 04.0   16.157    n.a.  2.03136534748293  37.6899221  155.7781 /L    7.8412   2.6922254   284.33410   29.684935         n.a.     n.a.
 2026-Jan-10 06:27 Nm  09 02 39.13 +14 47 04.7   16.157    n.a.  2.03138046177399  37.6914644  155.7795 /L    7.8407   2.6921397   284.33412   29.686545         n.a.     n.a.
 2026-Jan-10 06:28 Nm  09 02 38.95 +14 47 05.3   16.157    n.a.  2.03139557668242  37.6930012  155.7810 /L    7.8402   2.6920539   284.33413   29.688152         n.a.     n.a.
 2026-Jan-10 06:29 Nm  09 02 38.77 +14 47 06.0   16.157    n.a.  2.03141069220596  37.6945325  155.7824 /L    7.8397   2.6919682   284.33415   29.689756         n.a.     n.a.
 2026-Jan-10 06:30 Nm  09 02 38.59 +14 47 06.7   16.157    n.a.  2.03142580834244  37.6960583  155.7839 /L    7.8392   2.6918823   284.33417   29.691357         n.a.     n.a.
 2026-Jan-10 06:31 Nm  09 02 38.41 +14 47 07.3   16.157    n.a.  2.03144092508964  37.6975785  155.7853 /L    7.8387   2.6917964   284.33419   29.692955         n.a.     n.a.
 2026-Jan-10 06:32 Nm  09 02 38.23 +14 47 08.0   16.157    n.a.  2.03145604244536  37.6990933  155.7868 /L    7.8382   2.6917105   284.33422   29.694550         n.a.     n.a.
 2026-Jan-10 06:33 Nm  09 02 38.05 +14 47 08.6   16.157    n.a.  2.03147116040739  37.7006026  155.7882 /L    7.8377   2.6916245   284.33424   29.696142         n.a.     n.a.
 2026-Jan-10 06:34 Nm  09 02 37.87 +14 47 09.3   16.157    n.a.  2.03148627897353  37.7021063  155.7896 /L    7.8372   2.6915384   284.33427   29.697730         n.a.     n.a.
 2026-Jan-10 06:35 Nm  09 02 37.69 +14 47 10.0   16.157    n.a.  2.03150139814152  37.7036044  155.7911 /L    7.8367   2.6914523   284.33430   29.699316         n.a.     n.a.
 2026-Jan-10 06:36 Nm  09 02 37.51 +14 47 10.6   16.157    n.a.  2.03151651790915  37.7050971  155.7925 /L    7.8362   2.6913662   284.33432   29.700898         n.a.     n.a.
 2026-Jan-10 06:37 Nm  09 02 37.33 +14 47 11.3   16.157    n.a.  2.03153163827421  37.7065842  155.7940 /L    7.8357   2.6912800   284.33436   29.702477         n.a.     n.a.
 2026-Jan-10 06:38 Nm  09 02 37.15 +14 47 11.9   16.157    n.a.  2.03154675923447  37.7080657  155.7954 /L    7.8352   2.6911938   284.33439   29.704053         n.a.     n.a.
 2026-Jan-10 06:39 Nm  09 02 36.97 +14 47 12.6   16.157    n.a.  2.03156188078770  37.7095417  155.7969 /L    7.8347   2.6911075   284.33442   29.705626         n.a.     n.a.
 2026-Jan-10 06:40 Nm  09 02 36.79 +14 47 13.3   16.158    n.a.  2.03157700293170  37.7110121  155.7983 /L    7.8342   2.6910212   284.33446   29.707195         n.a.     n.a.
 2026-Jan-10 06:41 Nm  09 02 36.61 +14 47 13.9   16.158    n.a.  2.03159212566417  37.7124769  155.7998 /L    7.8337   2.6909349   284.33449   29.708761         n.a.     n.a.
 2026-Jan-10 06:42 Nm  09 02 36.43 +14 47 14.6   16.158    n.a.  2.03160724898291  37.7139362  155.8012 /L    7.8332   2.6908485   284.33453   29.710324         n.a.     n.a.
 2026-Jan-10 06:43 Nm  09 02 36.25 +14 47 15.2   16.158    n.a.  2.03162237288568  37.7153899  155.8027 /L    7.8327   2.6907620   284.33457   29.711884         n.a.     n.a.
 2026-Jan-10 06:44 Nm  09 02 36.07 +14 47 15.9   16.158    n.a.  2.03163749737025  37.7168379  155.8041 /L    7.8322   2.6906756   284.33461   29.713440         n.a.     n.a.
 2026-Jan-10 06:45 Nm  09 02 35.89 +14 47 16.6   16.158    n.a.  2.03165262243435  37.7182804  155.8056 /L    7.8317   2.6905891   284.33466   29.714993         n.a.     n.a.
 2026-Jan-10 06:46 Nm  09 02 35.71 +14 47 17.2   16.158    n.a.  2.03166774807579  37.7197173  155.8070 /L    7.8312   2.6905025   284.33470   29.716543         n.a.     n.a.
 2026-Jan-10 06:47 Nm  09 02 35.53 +14 47 17.9   16.158    n.a.  2.03168287429226  37.7211486  155.8084 /L    7.8307   2.6904160   284.33475   29.718090         n.a.     n.a.
 2026-Jan-10 06:48 Nm  09 02 35.35 +14 47 18.6   16.158    n.a.  2.03169800108152  37.7225742  155.8099 /L    7.8302   2.6903293   284.33480   29.719633         n.a.     n.a.
 2026-Jan-10 06:49 Nm  09 02 35.17 +14 47 19.2   16.158    n.a.  2.03171312844134  37.7239943  155.8113 /L    7.8297   2.6902427   284.33484   29.721173         n.a.     n.a.
 2026-Jan-10 06:50 Nm  09 02 34.99 +14 47 19.9   16.158    n.a.  2.03172825636946  37.7254087  155.8128 /L    7.8292   2.6901560   284.33489   29.722709         n.a.     n.a.
 2026-Jan-10 06:51 Nm  09 02 34.81 +14 47 20.5   16.158    n.a.  2.03174338486361  37.7268175  155.8142 /L    7.8287   2.6900693   284.33495   29.724242         n.a.     n.a.
 2026-Jan-10 06:52 Nm  09 02 34.63 +14 47 21.2   16.158    n.a.  2.03175851392159  37.7282206  155.8157 /L    7.8282   2.6899826   284.33500   29.725772         n.a.     n.a.
 2026-Jan-10 06:53 Nm  09 02 34.45 +14 47 21.9   16.158    n.a.  2.03177364354105  37.7296181  155.8171 /L    7.8276   2.6898958   284.33505   29.727298         n.a.     n.a.
 2026-Jan-10 06:54 Nm  09 02 34.27 +14 47 22.5   16.158    n.a.  2.03178877371978  37.7310100  155.8186 /L    7.8271   2.6898090   284.33511   29.728821         n.a.     n.a.
 2026-Jan-10 06:55 Nm  09 02 34.09 +14 47 23.2   16.158    n.a.  2.03180390445550  37.7323962  155.8200 /L    7.8266   2.6897222   284.33517   29.730341         n.a.     n.a.
 2026-Jan-10 06:56 Nm  09 02 33.91 +14 47 23.8   16.158    n.a.  2.03181903574596  37.7337768  155.8214 /L    7.8261   2.6896354   284.33523   29.731857         n.a.     n.a.
 2026-Jan-10 06:57 Nm  09 02 33.73 +14 47 24.5   16.158    n.a.  2.03183416758889  37.7351517  155.8229 /L    7.8256   2.6895485   284.33529   29.733369         n.a.     n.a.
 2026-Jan-10 06:58 Nm  09 02 33.55 +14 47 25.2   16.158    n.a.  2.03184929998204  37.7365210  155.8243 /L    7.8251   2.6894616   284.33535   29.734879         n.a.     n.a.
 2026-Jan-10 06:59 Nm  09 02 33.37 +14 47 25.8   16.158    n.a.  2.03186443292309  37.7378846  155.8258 /L    7.8246   2.6893747   284.33542   29.736384         n.a.     n.a.
 2026-Jan-10 07:00 Nm  09 02 33.19 +14 47 26.5   16.158    n.a.  2.03187956640979  37.7392425  155.8272 /L    7.8241   2.6892877   284.33548   29.737887         n.a.     n.a.
 2026-Jan-10 07:01 Nm  09 02 33.01 +14 47 27.1   16.158    n.a.  2.03189470043987  37.7405948  155.8287 /L    7.8236   2.6892008   284.33555   29.739386         n.a.     n.a.
 2026-Jan-10 07:02 Nm  09 02 32.83 +14 47 27.8   16.158    n.a.  2.03190983501106  37.7419414  155.8301 /L    7.8231   2.6891138   284.33562   29.740881         n.a.     n.a.
 2026-Jan-10 07:03 Nm  09 02 32.66 +14 47 28.5   16.158    n.a.  2.03192497012108  37.7432823  155.8316 /L    7.8226   2.6890268   284.33568   29.742373         n.a.     n.a.
 2026-Jan-10 07:04 Nm  09 02 32.48 +14 47 29.1   16.158    n.a.  2.03194010576768  37.7446175  155.8330 /L    7.8221   2.6889398   284.33576   29.743861         n.a.     n.a.
 2026-Jan-10 07:05 Nm  09 02 32.30 +14 47 29.8   16.158    n.a.  2.03195524194851  37.7459470  155.8345 /L    7.8216   2.6888528   284.33583   29.745346         n.a.     n.a.
 2026-Jan-10 07:06 Cm  09 02 32.12 +14 47 30.5   16.158    n.a.  2.03197037866134  37.7472709  155.8359 /L    7.8211   2.6887657   284.33590   29.746827         n.a.     n.a.
 2026-Jan-10 07:07 Cm  09 02 31.94 +14 47 31.1   16.158    n.a.  2.03198551590388  37.7485890  155.8373 /L    7.8206   2.6886786   284.33598   29.748305         n.a.     n.a.
 2026-Jan-10 07:08 Cm  09 02 31.76 +14 47 31.8   16.158    n.a.  2.03200065367383  37.7499015  155.8388 /L    7.8201   2.6885916   284.33605   29.749779         n.a.     n.a.
 2026-Jan-10 07:09 Cm  09 02 31.58 +14 47 32.4   16.158    n.a.  2.03201579196893  37.7512082  155.8402 /L    7.8196   2.6885045   284.33613   29.751249         n.a.     n.a.
 2026-Jan-10 07:10 Cm  09 02 31.40 +14 47 33.1   16.158    n.a.  2.03203093078691  37.7525093  155.8417 /L    7.8191   2.6884174   284.33621   29.752716         n.a.     n.a.
 2026-Jan-10 07:11 Cm  09 02 31.22 +14 47 33.8   16.158    n.a.  2.03204607012542  37.7538046  155.8431 /L    7.8186   2.6883303   284.33629   29.754179         n.a.     n.a.
 2026-Jan-10 07:12 Cm  09 02 31.04 +14 47 34.4   16.158    n.a.  2.03206120998221  37.7550942  155.8446 /L    7.8181   2.6882432   284.33637   29.755639         n.a.     n.a.
 2026-Jan-10 07:13 Cm  09 02 30.86 +14 47 35.1   16.159    n.a.  2.03207635035499  37.7563782  155.8460 /L    7.8176   2.6881560   284.33646   29.757095         n.a.     n.a.
 2026-Jan-10 07:14 Cm  09 02 30.68 +14 47 35.7   16.159    n.a.  2.03209149124146  37.7576564  155.8474 /L    7.8171   2.6880689   284.33654   29.758548         n.a.     n.a.
 2026-Jan-10 07:15 Cm  09 02 30.50 +14 47 36.4   16.159    n.a.  2.03210663263934  37.7589289  155.8489 /L    7.8166   2.6879817   284.33663   29.759996         n.a.     n.a.
 2026-Jan-10 07:16 Cm  09 02 30.32 +14 47 37.1   16.159    n.a.  2.03212177454637  37.7601957  155.8503 /L    7.8161   2.6878946   284.33672   29.761442         n.a.     n.a.
 2026-Jan-10 07:17 Cm  09 02 30.14 +14 47 37.7   16.159    n.a.  2.03213691696018  37.7614567  155.8518 /L    7.8156   2.6878074   284.33681   29.762883         n.a.     n.a.
 2026-Jan-10 07:18 Cm  09 02 29.96 +14 47 38.4   16.159    n.a.  2.03215205987852  37.7627121  155.8532 /L    7.8151   2.6877203   284.33690   29.764321         n.a.     n.a.
 2026-Jan-10 07:19 Cm  09 02 29.78 +14 47 39.0   16.159    n.a.  2.03216720329909  37.7639617  155.8547 /L    7.8146   2.6876331   284.33699   29.765755         n.a.     n.a.
 2026-Jan-10 07:20 Cm  09 02 29.60 +14 47 39.7   16.159    n.a.  2.03218234721960  37.7652056  155.8561 /L    7.8141   2.6875460   284.33708   29.767185         n.a.     n.a.
 2026-Jan-10 07:21 Cm  09 02 29.42 +14 47 40.4   16.159    n.a.  2.03219749163775  37.7664437  155.8576 /L    7.8136   2.6874588   284.33718   29.768612         n.a.     n.a.
 2026-Jan-10 07:22 Cm  09 02 29.24 +14 47 41.0   16.159    n.a.  2.03221263655127  37.7676762  155.8590 /L    7.8131   2.6873717   284.33727   29.770035         n.a.     n.a.
 2026-Jan-10 07:23 Cm  09 02 29.06 +14 47 41.7   16.159    n.a.  2.03222778195780  37.7689029  155.8604 /L    7.8126   2.6872845   284.33737   29.771454         n.a.     n.a.
 2026-Jan-10 07:24 Cm  09 02 28.88 +14 47 42.3   16.159    n.a.  2.03224292785508  37.7701238  155.8619 /L    7.8121   2.6871974   284.33747   29.772870         n.a.     n.a.
 2026-Jan-10 07:25 Cm  09 02 28.70 +14 47 43.0   16.159    n.a.  2.03225807424081  37.7713391  155.8633 /L    7.8116   2.6871102   284.33757   29.774282         n.a.     n.a.
 2026-Jan-10 07:26 Cm  09 02 28.52 +14 47 43.7   16.159    n.a.  2.03227322111269  37.7725486  155.8648 /L    7.8111   2.6870231   284.33767   29.775690         n.a.     n.a.
 2026-Jan-10 07:27 Cm  09 02 28.34 +14 47 44.3   16.159    n.a.  2.03228836846842  37.7737524  155.8662 /L    7.8106   2.6869359   284.33777   29.777094         n.a.     n.a.
 2026-Jan-10 07:28 Cm  09 02 28.16 +14 47 45.0   16.159    n.a.  2.03230351630572  37.7749504  155.8677 /L    7.8101   2.6868488   284.33788   29.778495         n.a.     n.a.
 2026-Jan-10 07:29 Cm  09 02 27.98 +14 47 45.6   16.159    n.a.  2.03231866462225  37.7761427  155.8691 /L    7.8096   2.6867617   284.33798   29.779891         n.a.     n.a.
 2026-Jan-10 07:30 Cm  09 02 27.81 +14 47 46.3   16.159    n.a.  2.03233381341572  37.7773293  155.8705 /L    7.8091   2.6866746   284.33809   29.781284         n.a.     n.a.
 2026-Jan-10 07:31 Cm  09 02 27.63 +14 47 47.0   16.159    n.a.  2.03234896268384  37.7785101  155.8720 /L    7.8086   2.6865875   284.33819   29.782673         n.a.     n.a.
 2026-Jan-10 07:32 Cm  09 02 27.45 +14 47 47.6   16.159    n.a.  2.03236411242431  37.7796852  155.8734 /L    7.8081   2.6865004   284.33830   29.784059         n.a.     n.a.
 2026-Jan-10 07:33 Cm  09 02 27.27 +14 47 48.3   16.159    n.a.  2.03237926263483  37.7808545  155.8749 /L    7.8076   2.6864133   284.33841   29.785440         n.a.     n.a.
 2026-Jan-10 07:34 Cm  09 02 27.09 +14 47 48.9   16.159    n.a.  2.03239441331311  37.7820181  155.8763 /L    7.8071   2.6863262   284.33853   29.786818         n.a.     n.a.
 2026-Jan-10 07:35 Cm  09 02 26.91 +14 47 49.6   16.159    n.a.  2.03240956445681  37.7831760  155.8778 /L    7.8066   2.6862392   284.33864   29.788191         n.a.     n.a.
 2026-Jan-10 07:36 Cm  09 02 26.73 +14 47 50.3   16.159    n.a.  2.03242471606365  37.7843281  155.8792 /L    7.8061   2.6861521   284.33875   29.789561         n.a.     n.a.
 2026-Jan-10 07:37 Cm  09 02 26.55 +14 47 50.9   16.159    n.a.  2.03243986813133  37.7854745  155.8806 /L    7.8056   2.6860651   284.33887   29.790927         n.a.     n.a.
 2026-Jan-10 07:38 Cm  09 02 26.37 +14 47 51.6   16.159    n.a.  2.03245502065754  37.7866152  155.8821 /L    7.8051   2.6859781   284.33898   29.792289         n.a.     n.a.
 2026-Jan-10 07:39 Cm  09 02 26.19 +14 47 52.2   16.159    n.a.  2.03247017364000  37.7877501  155.8835 /L    7.8046   2.6858911   284.33910   29.793648         n.a.     n.a.
 2026-Jan-10 07:40 Cm  09 02 26.01 +14 47 52.9   16.159    n.a.  2.03248532707641  37.7888792  155.8850 /L    7.8041   2.6858042   284.33922   29.795002         n.a.     n.a.
 2026-Jan-10 07:41 Cm  09 02 25.83 +14 47 53.6   16.159    n.a.  2.03250048096443  37.7900027  155.8864 /L    7.8036   2.6857172   284.33934   29.796353         n.a.     n.a.
 2026-Jan-10 07:42 *m  09 02 25.65 +14 47 54.2   16.159    n.a.  2.03251563530178  37.7911204  155.8879 /L    7.8031   2.6856303   284.33946   29.797699         n.a.     n.a.
 2026-Jan-10 07:43 *m  09 02 25.47 +14 47 54.9   16.159    n.a.  2.03253079008617  37.7922323  155.8893 /L    7.8026   2.6855434   284.33959   29.799042         n.a.     n.a.
 2026-Jan-10 07:44 *m  09 02 25.29 +14 47 55.5   16.159    n.a.  2.03254594531528  37.7933385  155.8907 /L    7.8021   2.6854565   284.33971   29.800381         n.a.     n.a.
 2026-Jan-10 07:45 *m  09 02 25.11 +14 47 56.2   16.159    n.a.  2.03256110098683  37.7944390  155.8922 /L    7.8016   2.6853697   284.33984   29.801715         n.a.     n.a.
 2026-Jan-10 07:46 *m  09 02 24.93 +14 47 56.9   16.160    n.a.  2.03257625709851  37.7955338  155.8936 /L    7.8011   2.6852829   284.33996   29.803046         n.a.     n.a.
 2026-Jan-10 07:47 *m  09 02 24.75 +14 47 57.5   16.160    n.a.  2.03259141364805  37.7966228  155.8951 /L    7.8006   2.6851961   284.34009   29.804373         n.a.     n.a.
 2026-Jan-10 07:48 *m  09 02 24.57 +14 47 58.2   16.160    n.a.  2.03260657063309  37.7977061  155.8965 /L    7.8001   2.6851093   284.34022   29.805696         n.a.     n.a.
 2026-Jan-10 07:49 *m  09 02 24.39 +14 47 58.8   16.160    n.a.  2.03262172805137  37.7987837  155.8980 /L    7.7996   2.6850225   284.34035   29.807015         n.a.     n.a.
 2026-Jan-10 07:50 *m  09 02 24.22 +14 47 59.5   16.160    n.a.  2.03263688590060  37.7998555  155.8994 /L    7.7991   2.6849358   284.34048   29.808330         n.a.     n.a.
 2026-Jan-10 07:51 *m  09 02 24.04 +14 48 00.2   16.160    n.a.  2.03265204417846  37.8009216  155.9008 /L    7.7986   2.6848491   284.34061   29.809641         n.a.     n.a.
 2026-Jan-10 07:52 *m  09 02 23.86 +14 48 00.8   16.160    n.a.  2.03266720288266  37.8019820  155.9023 /L    7.7981   2.6847625   284.34075   29.810948         n.a.     n.a.
 2026-Jan-10 07:53 *m  09 02 23.68 +14 48 01.5   16.160    n.a.  2.03268236201095  37.8030366  155.9037 /L    7.7976   2.6846759   284.34088   29.812251         n.a.     n.a.
 2026-Jan-10 07:54 *m  09 02 23.50 +14 48 02.1   16.160    n.a.  2.03269752156096  37.8040856  155.9052 /L    7.7971   2.6845893   284.34102   29.813550         n.a.     n.a.
 2026-Jan-10 07:55 *m  09 02 23.32 +14 48 02.8   16.160    n.a.  2.03271268153043  37.8051288  155.9066 /L    7.7966   2.6845027   284.34116   29.814845         n.a.     n.a.
 2026-Jan-10 07:56 *m  09 02 23.14 +14 48 03.5   16.160    n.a.  2.03272784191707  37.8061663  155.9081 /L    7.7961   2.6844162   284.34129   29.816136         n.a.     n.a.
 2026-Jan-10 07:57 *m  09 02 22.96 +14 48 04.1   16.160    n.a.  2.03274300271859  37.8071980  155.9095 /L    7.7956   2.6843297   284.34143   29.817422         n.a.     n.a.
 2026-Jan-10 07:58 *m  09 02 22.78 +14 48 04.8   16.160    n.a.  2.03275816393269  37.8082241  155.9109 /L    7.7951   2.6842433   284.34157   29.818705         n.a.     n.a.
 2026-Jan-10 07:59 *m  09 02 22.60 +14 48 05.4   16.160    n.a.  2.03277332555711  37.8092445  155.9124 /L    7.7946   2.6841569   284.34172   29.819984         n.a.     n.a.
 2026-Jan-10 08:00 *m  09 02 22.42 +14 48 06.1   16.160    n.a.  2.03278848758951  37.8102591  155.9138 /L    7.7941   2.6840705   284.34186   29.821259         n.a.     n.a.
 2026-Jan-10 08:01 *m  09 02 22.24 +14 48 06.8   16.160    n.a.  2.03280365002762  37.8112681  155.9153 /L    7.7936   2.6839842   284.34200   29.822529         n.a.     n.a.
 2026-Jan-10 08:02 *m  09 02 22.06 +14 48 07.4   16.160    n.a.  2.03281881286916  37.8122713  155.9167 /L    7.7931   2.6838979   284.34215   29.823796         n.a.     n.a.
 2026-Jan-10 08:03 *m  09 02 21.88 +14 48 08.1   16.160    n.a.  2.03283397611185  37.8132688  155.9181 /L    7.7926   2.6838117   284.34229   29.825058         n.a.     n.a.
 2026-Jan-10 08:04 *m  09 02 21.70 +14 48 08.7   16.160    n.a.  2.03284913975339  37.8142607  155.9196 /L    7.7921   2.6837255   284.34244   29.826317         n.a.     n.a.
 2026-Jan-10 08:05 *m  09 02 21.52 +14 48 09.4   16.160    n.a.  2.03286430379154  37.8152468  155.9210 /L    7.7916   2.6836393   284.34259   29.827571         n.a.     n.a.
 2026-Jan-10 08:06 *m  09 02 21.35 +14 48 10.1   16.160    n.a.  2.03287946822395  37.8162273  155.9225 /L    7.7911   2.6835532   284.34274   29.828821         n.a.     n.a.
 2026-Jan-10 08:07 *m  09 02 21.17 +14 48 10.7   16.160    n.a.  2.03289463304837  37.8172021  155.9239 /L    7.7906   2.6834672   284.34289   29.830067         n.a.     n.a.
 2026-Jan-10 08:08 *m  09 02 20.99 +14 48 11.4   16.160    n.a.  2.03290979826252  37.8181712  155.9254 /L    7.7901   2.6833812   284.34304   29.831309         n.a.     n.a.
 2026-Jan-10 08:09 *m  09 02 20.81 +14 48 12.0   16.160    n.a.  2.03292496386412  37.8191346  155.9268 /L    7.7896   2.6832952   284.34320   29.832547         n.a.     n.a.
 2026-Jan-10 08:10 *m  09 02 20.63 +14 48 12.7   16.160    n.a.  2.03294012985090  37.8200923  155.9282 /L    7.7891   2.6832093   284.34335   29.833781         n.a.     n.a.
 2026-Jan-10 08:11 *m  09 02 20.45 +14 48 13.4   16.160    n.a.  2.03295529622061  37.8210444  155.9297 /L    7.7886   2.6831234   284.34350   29.835010         n.a.     n.a.
 2026-Jan-10 08:12 *m  09 02 20.27 +14 48 14.0   16.160    n.a.  2.03297046297092  37.8219908  155.9311 /L    7.7881   2.6830376   284.34366   29.836236         n.a.     n.a.
 2026-Jan-10 08:13 *m  09 02 20.09 +14 48 14.7   16.160    n.a.  2.03298563009958  37.8229315  155.9326 /L    7.7876   2.6829519   284.34382   29.837457         n.a.     n.a.
 2026-Jan-10 08:14 *m  09 02 19.91 +14 48 15.3   16.160    n.a.  2.03300079760432  37.8238666  155.9340 /L    7.7871   2.6828662   284.34398   29.838674         n.a.     n.a.
 2026-Jan-10 08:15 *m  09 02 19.73 +14 48 16.0   16.160    n.a.  2.03301596548288  37.8247960  155.9354 /L    7.7866   2.6827805   284.34413   29.839887         n.a.     n.a.
 2026-Jan-10 08:16 *m  09 02 19.55 +14 48 16.7   16.160    n.a.  2.03303113373299  37.8257198  155.9369 /L    7.7861   2.6826949   284.34430   29.841096         n.a.     n.a.
 2026-Jan-10 08:17 *m  09 02 19.37 +14 48 17.3   16.160    n.a.  2.03304630235242  37.8266379  155.9383 /L    7.7856   2.6826094   284.34446   29.842300         n.a.     n.a.
 2026-Jan-10 08:18 *m  09 02 19.19 +14 48 18.0   16.161    n.a.  2.03306147133883  37.8275504  155.9398 /L    7.7851   2.6825239   284.34462   29.843501         n.a.     n.a.
 2026-Jan-10 08:19 *m  09 02 19.01 +14 48 18.6   16.161    n.a.  2.03307664069000  37.8284572  155.9412 /L    7.7846   2.6824385   284.34478   29.844697         n.a.     n.a.
 2026-Jan-10 08:20 *m  09 02 18.84 +14 48 19.3   16.161    n.a.  2.03309181040367  37.8293584  155.9426 /L    7.7841   2.6823532   284.34495   29.845889         n.a.     n.a.
 2026-Jan-10 08:21 *m  09 02 18.66 +14 48 20.0   16.161    n.a.  2.03310698047757  37.8302540  155.9441 /L    7.7836   2.6822679   284.34511   29.847077         n.a.     n.a.
 2026-Jan-10 08:22 *m  09 02 18.48 +14 48 20.6   16.161    n.a.  2.03312215090946  37.8311440  155.9455 /L    7.7831   2.6821826   284.34528   29.848260         n.a.     n.a.
 2026-Jan-10 08:23 *m  09 02 18.30 +14 48 21.3   16.161    n.a.  2.03313732169711  37.8320283  155.9470 /L    7.7826   2.6820975   284.34545   29.849439         n.a.     n.a.
 2026-Jan-10 08:24 *m  09 02 18.12 +14 48 21.9   16.161    n.a.  2.03315249283821  37.8329070  155.9484 /L    7.7821   2.6820124   284.34561   29.850615         n.a.     n.a.
 2026-Jan-10 08:25 *m  09 02 17.94 +14 48 22.6   16.161    n.a.  2.03316766433054  37.8337802  155.9498 /L    7.7816   2.6819273   284.34578   29.851785         n.a.     n.a.
 2026-Jan-10 08:26 *m  09 02 17.76 +14 48 23.3   16.161    n.a.  2.03318283617185  37.8346477  155.9513 /L    7.7811   2.6818423   284.34595   29.852952         n.a.     n.a.
 2026-Jan-10 08:27 *m  09 02 17.58 +14 48 23.9   16.161    n.a.  2.03319800835989  37.8355096  155.9527 /L    7.7806   2.6817574   284.34612   29.854115         n.a.     n.a.
 2026-Jan-10 08:28 *m  09 02 17.40 +14 48 24.6   16.161    n.a.  2.03321318089243  37.8363659  155.9542 /L    7.7801   2.6816726   284.34630   29.855273         n.a.     n.a.
 2026-Jan-10 08:29 *m  09 02 17.22 +14 48 25.2   16.161    n.a.  2.03322835376725  37.8372167  155.9556 /L    7.7796   2.6815878   284.34647   29.856427         n.a.     n.a.
 2026-Jan-10 08:30 *m  09 02 17.04 +14 48 25.9   16.161    n.a.  2.03324352698205  37.8380618  155.9570 /L    7.7791   2.6815031   284.34664   29.857576         n.a.     n.a.
 2026-Jan-10 08:31 *m  09 02 16.86 +14 48 26.6   16.161    n.a.  2.03325870053462  37.8389014  155.9585 /L    7.7786   2.6814185   284.34682   29.858722         n.a.     n.a.
 2026-Jan-10 08:32 *m  09 02 16.68 +14 48 27.2   16.161    n.a.  2.03327387442274  37.8397354  155.9599 /L    7.7781   2.6813339   284.34699   29.859863         n.a.     n.a.
 2026-Jan-10 08:33 *m  09 02 16.51 +14 48 27.9   16.161    n.a.  2.03328904864417  37.8405639  155.9614 /L    7.7776   2.6812494   284.34717   29.861000         n.a.     n.a.
 2026-Jan-10 08:34 *m  09 02 16.33 +14 48 28.5   16.161    n.a.  2.03330422319669  37.8413868  155.9628 /L    7.7771   2.6811650   284.34735   29.862133         n.a.     n.a.
 2026-Jan-10 08:35 *m  09 02 16.15 +14 48 29.2   16.161    n.a.  2.03331939807809  37.8422042  155.9642 /L    7.7766   2.6810807   284.34753   29.863261         n.a.     n.a.
 2026-Jan-10 08:36 *m  09 02 15.97 +14 48 29.9   16.161    n.a.  2.03333457328609  37.8430160  155.9657 /L    7.7761   2.6809964   284.34771   29.864385         n.a.     n.a.
 2026-Jan-10 08:37 *m  09 02 15.79 +14 48 30.5   16.161    n.a.  2.03334974881851  37.8438223  155.9671 /L    7.7756   2.6809122   284.34789   29.865505         n.a.     n.a.
 2026-Jan-10 08:38 *m  09 02 15.61 +14 48 31.2   16.161    n.a.  2.03336492467311  37.8446230  155.9686 /L    7.7751   2.6808281   284.34807   29.866620         n.a.     n.a.
 2026-Jan-10 08:39 *m  09 02 15.43 +14 48 31.8   16.161    n.a.  2.03338010084770  37.8454182  155.9700 /L    7.7746   2.6807441   284.34825   29.867731         n.a.     n.a.
 2026-Jan-10 08:40 *m  09 02 15.25 +14 48 32.5   16.161    n.a.  2.03339527734005  37.8462079  155.9714 /L    7.7741   2.6806601   284.34843   29.868838         n.a.     n.a.
 2026-Jan-10 08:41 *m  09 02 15.07 +14 48 33.2   16.161    n.a.  2.03341045414798  37.8469922  155.9729 /L    7.7736   2.6805762   284.34862   29.869941         n.a.     n.a.
 2026-Jan-10 08:42 *m  09 02 14.89 +14 48 33.8   16.161    n.a.  2.03342563126924  37.8477709  155.9743 /L    7.7731   2.6804925   284.34880   29.871039         n.a.     n.a.
 2026-Jan-10 08:43 *m  09 02 14.71 +14 48 34.5   16.161    n.a.  2.03344080870163  37.8485441  155.9758 /L    7.7726   2.6804087   284.34899   29.872133         n.a.     n.a.
 2026-Jan-10 08:44 *m  09 02 14.53 +14 48 35.1   16.161    n.a.  2.03345598644297  37.8493118  155.9772 /L    7.7721   2.6803251   284.34917   29.873223         n.a.     n.a.
 2026-Jan-10 08:45 *m  09 02 14.36 +14 48 35.8   16.161    n.a.  2.03347116449104  37.8500740  155.9786 /L    7.7716   2.6802416   284.34936   29.874308         n.a.     n.a.
 2026-Jan-10 08:46 *m  09 02 14.18 +14 48 36.4   16.161    n.a.  2.03348634284367  37.8508308  155.9801 /L    7.7711   2.6801581   284.34955   29.875389         n.a.     n.a.
 2026-Jan-10 08:47 *m  09 02 14.00 +14 48 37.1   16.161    n.a.  2.03350152149868  37.8515821  155.9815 /L    7.7706   2.6800747   284.34974   29.876465         n.a.     n.a.
 2026-Jan-10 08:48 *m  09 02 13.82 +14 48 37.8   16.161    n.a.  2.03351670045382  37.8523280  155.9830 /L    7.7701   2.6799915   284.34993   29.877538         n.a.     n.a.
 2026-Jan-10 08:49 *s  09 02 13.64 +14 48 38.4   16.161    n.a.  2.03353187970694  37.8530684  155.9844 /L    7.7696   2.6799083   284.35012   29.878606         n.a.     n.a.
 2026-Jan-10 08:50 *m  09 02 13.46 +14 48 39.1   16.161    n.a.  2.03354705925586  37.8538034  155.9858 /L    7.7691   2.6798252   284.35031   29.879669         n.a.     n.a.
 2026-Jan-10 08:51 *m  09 02 13.28 +14 48 39.7   16.162    n.a.  2.03356223909840  37.8545329  155.9873 /L    7.7686   2.6797421   284.35050   29.880728         n.a.     n.a.
 2026-Jan-10 08:52 *m  09 02 13.10 +14 48 40.4   16.162    n.a.  2.03357741923237  37.8552570  155.9887 /L    7.7681   2.6796592   284.35070   29.881783         n.a.     n.a.
 2026-Jan-10 08:53 *m  09 02 12.92 +14 48 41.1   16.162    n.a.  2.03359259965564  37.8559757  155.9902 /L    7.7676   2.6795764   284.35089   29.882834         n.a.     n.a.
 2026-Jan-10 08:54 *m  09 02 12.74 +14 48 41.7   16.162    n.a.  2.03360778036598  37.8566890  155.9916 /L    7.7671   2.6794936   284.35109   29.883880         n.a.     n.a.
 2026-Jan-10 08:55 *m  09 02 12.56 +14 48 42.4   16.162    n.a.  2.03362296136124  37.8573969  155.9930 /L    7.7666   2.6794110   284.35128   29.884922         n.a.     n.a.
 2026-Jan-10 08:56 *m  09 02 12.39 +14 48 43.0   16.162    n.a.  2.03363814263927  37.8580994  155.9945 /L    7.7661   2.6793284   284.35148   29.885959         n.a.     n.a.
 2026-Jan-10 08:57 *m  09 02 12.21 +14 48 43.7   16.162    n.a.  2.03365332419791  37.8587965  155.9959 /L    7.7656   2.6792460   284.35167   29.886992         n.a.     n.a.
 2026-Jan-10 08:58 *m  09 02 12.03 +14 48 44.4   16.162    n.a.  2.03366850603500  37.8594883  155.9974 /L    7.7651   2.6791636   284.35187   29.888021         n.a.     n.a.
 2026-Jan-10 08:59 *m  09 02 11.85 +14 48 45.0   16.162    n.a.  2.03368368814841  37.8601746  155.9988 /L    7.7646   2.6790814   284.35207   29.889046         n.a.     n.a.
 2026-Jan-10 09:00 *m  09 02 11.67 +14 48 45.7   16.162    n.a.  2.03369887053594  37.8608557  156.0002 /L    7.7641   2.6789992   284.35227   29.890066         n.a.     n.a.
 2026-Jan-10 09:01 *m  09 02 11.49 +14 48 46.3   16.162    n.a.  2.03371405319548  37.8615314  156.0017 /L    7.7636   2.6789171   284.35247   29.891081         n.a.     n.a.
 2026-Jan-10 09:02 *m  09 02 11.31 +14 48 47.0   16.162    n.a.  2.03372923612488  37.8622017  156.0031 /L    7.7631   2.6788352   284.35267   29.892092         n.a.     n.a.
 2026-Jan-10 09:03 *m  09 02 11.13 +14 48 47.7   16.162    n.a.  2.03374441932200  37.8628667  156.0045 /L    7.7626   2.6787533   284.35287   29.893099         n.a.     n.a.
 2026-Jan-10 09:04 *m  09 02 10.95 +14 48 48.3   16.162    n.a.  2.03375960278471  37.8635264  156.0060 /L    7.7621   2.6786715   284.35307   29.894102         n.a.     n.a.
 2026-Jan-10 09:05 *m  09 02 10.77 +14 48 49.0   16.162    n.a.  2.03377478651091  37.8641808  156.0074 /L    7.7616   2.6785899   284.35328   29.895100         n.a.     n.a.
 2026-Jan-10 09:06 *m  09 02 10.60 +14 48 49.6   16.162    n.a.  2.03378997049841  37.8648299  156.0089 /L    7.7611   2.6785083   284.35348   29.896093         n.a.     n.a.
 2026-Jan-10 09:07 *m  09 02 10.42 +14 48 50.3   16.162    n.a.  2.03380515474512  37.8654737  156.0103 /L    7.7606   2.6784269   284.35368   29.897083         n.a.     n.a.
 2026-Jan-10 09:08 *m  09 02 10.24 +14 48 50.9   16.162    n.a.  2.03382033924891  37.8661122  156.0117 /L    7.7601   2.6783455   284.35389   29.898067         n.a.     n.a.
 2026-Jan-10 09:09 *m  09 02 10.06 +14 48 51.6   16.162    n.a.  2.03383552400769  37.8667455  156.0132 /L    7.7596   2.6782643   284.35409   29.899048         n.a.     n.a.
 2026-Jan-10 09:10 *m  09 02 09.88 +14 48 52.3   16.162    n.a.  2.03385070901933  37.8673735  156.0146 /L    7.7591   2.6781831   284.35430   29.900024         n.a.     n.a.
 2026-Jan-10 09:11 *m  09 02 09.70 +14 48 52.9   16.162    n.a.  2.03386589428175  37.8679963  156.0161 /L    7.7586   2.6781021   284.35451   29.900996         n.a.     n.a.
 2026-Jan-10 09:12 *m  09 02 09.52 +14 48 53.6   16.162    n.a.  2.03388107979280  37.8686138  156.0175 /L    7.7581   2.6780212   284.35471   29.901963         n.a.     n.a.
 2026-Jan-10 09:13 *m  09 02 09.34 +14 48 54.2   16.162    n.a.  2.03389626555041  37.8692261  156.0189 /L    7.7576   2.6779404   284.35492   29.902926         n.a.     n.a.
 2026-Jan-10 09:14 *m  09 02 09.16 +14 48 54.9   16.162    n.a.  2.03391145155248  37.8698331  156.0204 /L    7.7571   2.6778597   284.35513   29.903884         n.a.     n.a.
 2026-Jan-10 09:15 *m  09 02 08.98 +14 48 55.6   16.162    n.a.  2.03392663779692  37.8704350  156.0218 /L    7.7566   2.6777791   284.35534   29.904838         n.a.     n.a.
 2026-Jan-10 09:16 *m  09 02 08.81 +14 48 56.2   16.162    n.a.  2.03394182428164  37.8710316  156.0232 /L    7.7561   2.6776987   284.35555   29.905788         n.a.     n.a.
 2026-Jan-10 09:17 *m  09 02 08.63 +14 48 56.9   16.162    n.a.  2.03395701100460  37.8716231  156.0247 /L    7.7556   2.6776183   284.35576   29.906733         n.a.     n.a.
 2026-Jan-10 09:18 *m  09 02 08.45 +14 48 57.5   16.162    n.a.  2.03397219796366  37.8722094  156.0261 /L    7.7551   2.6775381   284.35597   29.907674         n.a.     n.a.
 2026-Jan-10 09:19 *m  09 02 08.27 +14 48 58.2   16.162    n.a.  2.03398738515676  37.8727906  156.0276 /L    7.7546   2.6774580   284.35618   29.908610         n.a.     n.a.
 2026-Jan-10 09:20 *m  09 02 08.09 +14 48 58.9   16.162    n.a.  2.03400257258185  37.8733665  156.0290 /L    7.7541   2.6773779   284.35640   29.909542         n.a.     n.a.
 2026-Jan-10 09:21 *m  09 02 07.91 +14 48 59.5   16.162    n.a.  2.03401776023687  37.8739374  156.0304 /L    7.7536   2.6772981   284.35661   29.910470         n.a.     n.a.
 2026-Jan-10 09:22 *m  09 02 07.73 +14 49 00.2   16.162    n.a.  2.03403294811974  37.8745031  156.0319 /L    7.7531   2.6772183   284.35682   29.911393         n.a.     n.a.
 2026-Jan-10 09:23 *m  09 02 07.55 +14 49 00.8   16.163    n.a.  2.03404813622845  37.8750637  156.0333 /L    7.7526   2.6771386   284.35704   29.912312         n.a.     n.a.
 2026-Jan-10 09:24 *m  09 02 07.37 +14 49 01.5   16.163    n.a.  2.03406332456088  37.8756192  156.0348 /L    7.7521   2.6770591   284.35725   29.913226         n.a.     n.a.
 2026-Jan-10 09:25 *m  09 02 07.19 +14 49 02.1   16.163    n.a.  2.03407851311502  37.8761696  156.0362 /L    7.7516   2.6769797   284.35747   29.914136         n.a.     n.a.
 2026-Jan-10 09:26 *m  09 02 07.02 +14 49 02.8   16.163    n.a.  2.03409370188883  37.8767149  156.0376 /L    7.7511   2.6769004   284.35768   29.915041         n.a.     n.a.
 2026-Jan-10 09:27 *m  09 02 06.84 +14 49 03.5   16.163    n.a.  2.03410889088026  37.8772551  156.0391 /L    7.7506   2.6768212   284.35790   29.915942         n.a.     n.a.
 2026-Jan-10 09:28 *m  09 02 06.66 +14 49 04.1   16.163    n.a.  2.03412408008730  37.8777903  156.0405 /L    7.7501   2.6767422   284.35811   29.916839         n.a.     n.a.
 2026-Jan-10 09:29 *m  09 02 06.48 +14 49 04.8   16.163    n.a.  2.03413926950794  37.8783204  156.0419 /L    7.7496   2.6766633   284.35833   29.917731         n.a.     n.a.
 2026-Jan-10 09:30 *m  09 02 06.30 +14 49 05.4   16.163    n.a.  2.03415445914009  37.8788455  156.0434 /L    7.7491   2.6765845   284.35855   29.918619         n.a.     n.a.
 2026-Jan-10 09:31 *m  09 02 06.12 +14 49 06.1   16.163    n.a.  2.03416964898178  37.8793655  156.0448 /L    7.7486   2.6765058   284.35877   29.919502         n.a.     n.a.
 2026-Jan-10 09:32 *m  09 02 05.94 +14 49 06.8   16.163    n.a.  2.03418483903098  37.8798806  156.0463 /L    7.7481   2.6764273   284.35899   29.920381         n.a.     n.a.
 2026-Jan-10 09:33 *m  09 02 05.76 +14 49 07.4   16.163    n.a.  2.03420002928569  37.8803906  156.0477 /L    7.7476   2.6763489   284.35921   29.921256         n.a.     n.a.
 2026-Jan-10 09:34 *m  09 02 05.59 +14 49 08.1   16.163    n.a.  2.03421521974392  37.8808957  156.0491 /L    7.7471   2.6762706   284.35943   29.922126         n.a.     n.a.
 2026-Jan-10 09:35 *m  09 02 05.41 +14 49 08.7   16.163    n.a.  2.03423041040368  37.8813957  156.0506 /L    7.7466   2.6761924   284.35965   29.922991         n.a.     n.a.
 2026-Jan-10 09:36 *m  09 02 05.23 +14 49 09.4   16.163    n.a.  2.03424560126293  37.8818908  156.0520 /L    7.7461   2.6761144   284.35987   29.923853         n.a.     n.a.
 2026-Jan-10 09:37 *m  09 02 05.05 +14 49 10.1   16.163    n.a.  2.03426079231970  37.8823810  156.0534 /L    7.7456   2.6760365   284.36009   29.924710         n.a.     n.a.
 2026-Jan-10 09:38 *m  09 02 04.87 +14 49 10.7   16.163    n.a.  2.03427598357203  37.8828662  156.0549 /L    7.7451   2.6759588   284.36031   29.925562         n.a.     n.a.
 2026-Jan-10 09:39 *m  09 02 04.69 +14 49 11.4   16.163    n.a.  2.03429117501792  37.8833465  156.0563 /L    7.7447   2.6758811   284.36053   29.926410         n.a.     n.a.
 2026-Jan-10 09:40 *m  09 02 04.51 +14 49 12.0   16.163    n.a.  2.03430636665540  37.8838219  156.0578 /L    7.7442   2.6758037   284.36075   29.927253         n.a.     n.a.
 2026-Jan-10 09:41 *m  09 02 04.33 +14 49 12.7   16.163    n.a.  2.03432155848255  37.8842924  156.0592 /L    7.7437   2.6757263   284.36098   29.928093         n.a.     n.a.
 2026-Jan-10 09:42 *m  09 02 04.15 +14 49 13.3   16.163    n.a.  2.03433675049733  37.8847580  156.0606 /L    7.7432   2.6756491   284.36120   29.928927         n.a.     n.a.
 2026-Jan-10 09:43 *m  09 02 03.98 +14 49 14.0   16.163    n.a.  2.03435194269783  37.8852188  156.0621 /L    7.7427   2.6755720   284.36142   29.929757         n.a.     n.a.
 2026-Jan-10 09:44 *m  09 02 03.80 +14 49 14.7   16.163    n.a.  2.03436713508208  37.8856746  156.0635 /L    7.7422   2.6754950   284.36165   29.930583         n.a.     n.a.
 2026-Jan-10 09:45 *m  09 02 03.62 +14 49 15.3   16.163    n.a.  2.03438232764814  37.8861256  156.0649 /L    7.7417   2.6754182   284.36187   29.931405         n.a.     n.a.
 2026-Jan-10 09:46 *m  09 02 03.44 +14 49 16.0   16.163    n.a.  2.03439752039408  37.8865718  156.0664 /L    7.7412   2.6753416   284.36210   29.932222         n.a.     n.a.
 2026-Jan-10 09:47 *m  09 02 03.26 +14 49 16.6   16.163    n.a.  2.03441271331799  37.8870132  156.0678 /L    7.7407   2.6752650   284.36232   29.933034         n.a.     n.a.
 2026-Jan-10 09:48 *m  09 02 03.08 +14 49 17.3   16.163    n.a.  2.03442790641787  37.8874498  156.0692 /L    7.7402   2.6751886   284.36255   29.933843         n.a.     n.a.
 2026-Jan-10 09:49 *m  09 02 02.90 +14 49 18.0   16.163    n.a.  2.03444309969184  37.8878816  156.0707 /L    7.7397   2.6751124   284.36278   29.934646         n.a.     n.a.
 2026-Jan-10 09:50 *m  09 02 02.72 +14 49 18.6   16.163    n.a.  2.03445829313798  37.8883086  156.0721 /L    7.7392   2.6750363   284.36300   29.935446         n.a.     n.a.
 2026-Jan-10 09:51 *m  09 02 02.55 +14 49 19.3   16.163    n.a.  2.03447348675436  37.8887308  156.0736 /L    7.7387   2.6749603   284.36323   29.936241         n.a.     n.a.
 2026-Jan-10 09:52 *m  09 02 02.37 +14 49 19.9   16.163    n.a.  2.03448868053909  37.8891483  156.0750 /L    7.7382   2.6748845   284.36346   29.937031         n.a.     n.a.
 2026-Jan-10 09:53 *m  09 02 02.19 +14 49 20.6   16.163    n.a.  2.03450387449030  37.8895610  156.0764 /L    7.7377   2.6748088   284.36368   29.937817         n.a.     n.a.
 2026-Jan-10 09:54 *m  09 02 02.01 +14 49 21.3   16.163    n.a.  2.03451906860602  37.8899691  156.0779 /L    7.7372   2.6747333   284.36391   29.938599         n.a.     n.a.
 2026-Jan-10 09:55 *m  09 02 01.83 +14 49 21.9   16.163    n.a.  2.03453426288440  37.8903724  156.0793 /L    7.7367   2.6746579   284.36414   29.939376         n.a.     n.a.
 2026-Jan-10 09:56 *m  09 02 01.65 +14 49 22.6   16.164    n.a.  2.03454945732355  37.8907710  156.0807 /L    7.7362   2.6745827   284.36437   29.940149         n.a.     n.a.
 2026-Jan-10 09:57 *m  09 02 01.47 +14 49 23.2   16.164    n.a.  2.03456465192160  37.8911650  156.0822 /L    7.7357   2.6745076   284.36460   29.940918         n.a.     n.a.
 2026-Jan-10 09:58 *m  09 02 01.29 +14 49 23.9   16.164    n.a.  2.03457984667667  37.8915543  156.0836 /L    7.7352   2.6744326   284.36483   29.941682         n.a.     n.a.
 2026-Jan-10 09:59 *m  09 02 01.12 +14 49 24.5   16.164    n.a.  2.03459504158693  37.8919389  156.0851 /L    7.7347   2.6743578   284.36506   29.942442         n.a.     n.a.
 2026-Jan-10 10:00 *m  09 02 00.94 +14 49 25.2   16.164    n.a.  2.03461023665045  37.8923190  156.0865 /L    7.7342   2.6742832   284.36529   29.943197         n.a.     n.a.
 2026-Jan-10 10:01 *m  09 02 00.76 +14 49 25.9   16.164    n.a.  2.03462543186540  37.8926943  156.0879 /L    7.7337   2.6742087   284.36552   29.943948         n.a.     n.a.
 2026-Jan-10 10:02 *m  09 02 00.58 +14 49 26.5   16.164    n.a.  2.03464062722995  37.8930651  156.0894 /L    7.7332   2.6741344   284.36575   29.944695         n.a.     n.a.
 2026-Jan-10 10:03 *m  09 02 00.40 +14 49 27.2   16.164    n.a.  2.03465582274224  37.8934313  156.0908 /L    7.7327   2.6740602   284.36598   29.945437         n.a.     n.a.
 2026-Jan-10 10:04 *m  09 02 00.22 +14 49 27.8   16.164    n.a.  2.03467101840045  37.8937930  156.0922 /L    7.7322   2.6739861   284.36621   29.946175         n.a.     n.a.
 2026-Jan-10 10:05 *m  09 02 00.04 +14 49 28.5   16.164    n.a.  2.03468621420276  37.8941500  156.0937 /L    7.7317   2.6739123   284.36644   29.946908         n.a.     n.a.
 2026-Jan-10 10:06 *m  09 01 59.86 +14 49 29.2   16.164    n.a.  2.03470141014730  37.8945026  156.0951 /L    7.7312   2.6738385   284.36667   29.947637         n.a.     n.a.
 2026-Jan-10 10:07 *m  09 01 59.69 +14 49 29.8   16.164    n.a.  2.03471660623227  37.8948506  156.0965 /L    7.7307   2.6737650   284.36690   29.948362         n.a.     n.a.
 2026-Jan-10 10:08 *m  09 01 59.51 +14 49 30.5   16.164    n.a.  2.03473180245587  37.8951941  156.0980 /L    7.7302   2.6736915   284.36713   29.949082         n.a.     n.a.
 2026-Jan-10 10:09 *m  09 01 59.33 +14 49 31.1   16.164    n.a.  2.03474699881628  37.8955331  156.0994 /L    7.7297   2.6736183   284.36737   29.949798         n.a.     n.a.
 2026-Jan-10 10:10 *m  09 01 59.15 +14 49 31.8   16.164    n.a.  2.03476219531172  37.8958676  156.1008 /L    7.7292   2.6735452   284.36760   29.950509         n.a.     n.a.
 2026-Jan-10 10:11 *m  09 01 58.97 +14 49 32.4   16.164    n.a.  2.03477739194037  37.8961976  156.1023 /L    7.7287   2.6734722   284.36783   29.951217         n.a.     n.a.
 2026-Jan-10 10:12 *m  09 01 58.79 +14 49 33.1   16.164    n.a.  2.03479258870049  37.8965232  156.1037 /L    7.7282   2.6733995   284.36806   29.951919         n.a.     n.a.
 2026-Jan-10 10:13 *m  09 01 58.61 +14 49 33.8   16.164    n.a.  2.03480778559024  37.8968444  156.1052 /L    7.7277   2.6733268   284.36830   29.952618         n.a.     n.a.
 2026-Jan-10 10:14 *m  09 01 58.43 +14 49 34.4   16.164    n.a.  2.03482298260787  37.8971611  156.1066 /L    7.7272   2.6732544   284.36853   29.953312         n.a.     n.a.
 2026-Jan-10 10:15 *m  09 01 58.26 +14 49 35.1   16.164    n.a.  2.03483817975162  37.8974735  156.1080 /L    7.7267   2.6731821   284.36876   29.954002         n.a.     n.a.
 2026-Jan-10 10:16 *m  09 01 58.08 +14 49 35.7   16.164    n.a.  2.03485337701972  37.8977815  156.1095 /L    7.7262   2.6731099   284.36899   29.954687         n.a.     n.a.
 2026-Jan-10 10:17 *m  09 01 57.90 +14 49 36.4   16.164    n.a.  2.03486857441041  37.8980851  156.1109 /L    7.7257   2.6730380   284.36923   29.955368         n.a.     n.a.
 2026-Jan-10 10:18 *m  09 01 57.72 +14 49 37.1   16.164    n.a.  2.03488377192198  37.8983843  156.1123 /L    7.7252   2.6729662   284.36946   29.956045         n.a.     n.a.
 2026-Jan-10 10:19 *m  09 01 57.54 +14 49 37.7   16.164    n.a.  2.03489896955263  37.8986792  156.1138 /L    7.7247   2.6728945   284.36969   29.956717         n.a.     n.a.
 2026-Jan-10 10:20 *m  09 01 57.36 +14 49 38.4   16.164    n.a.  2.03491416730066  37.8989698  156.1152 /L    7.7242   2.6728230   284.36993   29.957385         n.a.     n.a.
 2026-Jan-10 10:21 *m  09 01 57.18 +14 49 39.0   16.164    n.a.  2.03492936516432  37.8992561  156.1166 /L    7.7237   2.6727517   284.37016   29.958049         n.a.     n.a.
 2026-Jan-10 10:22 *m  09 01 57.01 +14 49 39.7   16.164    n.a.  2.03494456314191  37.8995381  156.1181 /L    7.7232   2.6726806   284.37040   29.958708         n.a.     n.a.
 2026-Jan-10 10:23 *m  09 01 56.83 +14 49 40.3   16.164    n.a.  2.03495976123170  37.8998158  156.1195 /L    7.7227   2.6726096   284.37063   29.959363         n.a.     n.a.
 2026-Jan-10 10:24 *m  09 01 56.65 +14 49 41.0   16.164    n.a.  2.03497495943202  37.9000893  156.1210 /L    7.7222   2.6725388   284.37087   29.960014         n.a.     n.a.
 2026-Jan-10 10:25 *m  09 01 56.47 +14 49 41.7   16.164    n.a.  2.03499015774110  37.9003586  156.1224 /L    7.7217   2.6724681   284.37110   29.960661         n.a.     n.a.
 2026-Jan-10 10:26 *m  09 01 56.29 +14 49 42.3   16.164    n.a.  2.03500535615729  37.9006236  156.1238 /L    7.7212   2.6723977   284.37133   29.961303         n.a.     n.a.
 2026-Jan-10 10:27 *m  09 01 56.11 +14 49 43.0   16.164    n.a.  2.03502055467889  37.9008844  156.1253 /L    7.7207   2.6723273   284.37157   29.961941         n.a.     n.a.
 2026-Jan-10 10:28 *m  09 01 55.93 +14 49 43.6   16.164    n.a.  2.03503575330422  37.9011411  156.1267 /L    7.7203   2.6722572   284.37180   29.962574         n.a.     n.a.
 2026-Jan-10 10:29 *m  09 01 55.76 +14 49 44.3   16.165    n.a.  2.03505095203161  37.9013935  156.1281 /L    7.7198   2.6721872   284.37204   29.963203         n.a.     n.a.
 2026-Jan-10 10:30 *m  09 01 55.58 +14 49 45.0   16.165    n.a.  2.03506615085942  37.9016419  156.1296 /L    7.7193   2.6721175   284.37227   29.963828         n.a.     n.a.
 2026-Jan-10 10:31 *m  09 01 55.40 +14 49 45.6   16.165    n.a.  2.03508134978593  37.9018861  156.1310 /L    7.7188   2.6720478   284.37251   29.964449         n.a.     n.a.
 2026-Jan-10 10:32 *m  09 01 55.22 +14 49 46.3   16.165    n.a.  2.03509654880951  37.9021261  156.1324 /L    7.7183   2.6719784   284.37274   29.965065         n.a.     n.a.
 2026-Jan-10 10:33 *m  09 01 55.04 +14 49 46.9   16.165    n.a.  2.03511174792853  37.9023621  156.1339 /L    7.7178   2.6719091   284.37298   29.965678         n.a.     n.a.
 2026-Jan-10 10:34 *m  09 01 54.86 +14 49 47.6   16.165    n.a.  2.03512694714134  37.9025940  156.1353 /L    7.7173   2.6718400   284.37321   29.966285         n.a.     n.a.
 2026-Jan-10 10:35 *m  09 01 54.68 +14 49 48.2   16.165    n.a.  2.03514214644630  37.9028219  156.1367 /L    7.7168   2.6717711   284.37345   29.966889         n.a.     n.a.
 2026-Jan-10 10:36 *m  09 01 54.51 +14 49 48.9   16.165    n.a.  2.03515734584183  37.9030457  156.1382 /L    7.7163   2.6717024   284.37368   29.967488         n.a.     n.a.
 2026-Jan-10 10:37 *m  09 01 54.33 +14 49 49.6   16.165    n.a.  2.03517254532624  37.9032655  156.1396 /L    7.7158   2.6716338   284.37392   29.968083         n.a.     n.a.
 2026-Jan-10 10:38 *m  09 01 54.15 +14 49 50.2   16.165    n.a.  2.03518774489796  37.9034812  156.1410 /L    7.7153   2.6715654   284.37415   29.968674         n.a.     n.a.
 2026-Jan-10 10:39 *m  09 01 53.97 +14 49 50.9   16.165    n.a.  2.03520294455538  37.9036930  156.1425 /L    7.7148   2.6714972   284.37438   29.969261         n.a.     n.a.
 2026-Jan-10 10:40 *m  09 01 53.79 +14 49 51.5   16.165    n.a.  2.03521814429691  37.9039008  156.1439 /L    7.7143   2.6714292   284.37462   29.969843         n.a.     n.a.
 2026-Jan-10 10:41 *m  09 01 53.61 +14 49 52.2   16.165    n.a.  2.03523334412095  37.9041047  156.1454 /L    7.7138   2.6713613   284.37485   29.970421         n.a.     n.a.
 2026-Jan-10 10:42 *m  09 01 53.43 +14 49 52.9   16.165    n.a.  2.03524854402596  37.9043046  156.1468 /L    7.7133   2.6712936   284.37509   29.970995         n.a.     n.a.
 2026-Jan-10 10:43 *m  09 01 53.26 +14 49 53.5   16.165    n.a.  2.03526374401030  37.9045006  156.1482 /L    7.7128   2.6712262   284.37532   29.971565         n.a.     n.a.
 2026-Jan-10 10:44 *m  09 01 53.08 +14 49 54.2   16.165    n.a.  2.03527894407243  37.9046927  156.1497 /L    7.7123   2.6711588   284.37556   29.972130         n.a.     n.a.
 2026-Jan-10 10:45 *m  09 01 52.90 +14 49 54.8   16.165    n.a.  2.03529414421080  37.9048809  156.1511 /L    7.7118   2.6710917   284.37579   29.972692         n.a.     n.a.
 2026-Jan-10 10:46 *   09 01 52.72 +14 49 55.5   16.165    n.a.  2.03530934442385  37.9050653  156.1525 /L    7.7113   2.6710248   284.37603   29.973249         n.a.     n.a.
 2026-Jan-10 10:47 *   09 01 52.54 +14 49 56.1   16.165    n.a.  2.03532454471004  37.9052458  156.1540 /L    7.7108   2.6709580   284.37626   29.973802         n.a.     n.a.
 2026-Jan-10 10:48 *   09 01 52.36 +14 49 56.8   16.165    n.a.  2.03533974506785  37.9054225  156.1554 /L    7.7103   2.6708914   284.37649   29.974350         n.a.     n.a.
 2026-Jan-10 10:49 *   09 01 52.19 +14 49 57.5   16.165    n.a.  2.03535494549571  37.9055954  156.1568 /L    7.7098   2.6708250   284.37673   29.974895         n.a.     n.a.
 2026-Jan-10 10:50 *   09 01 52.01 +14 49 58.1   16.165    n.a.  2.03537014599212  37.9057645  156.1583 /L    7.7093   2.6707588   284.37696   29.975435         n.a.     n.a.
 2026-Jan-10 10:51 *   09 01 51.83 +14 49 58.8   16.165    n.a.  2.03538534655556  37.9059299  156.1597 /L    7.7088   2.6706928   284.37720   29.975971         n.a.     n.a.
 2026-Jan-10 10:52 *   09 01 51.65 +14 49 59.4   16.165    n.a.  2.03540054718453  37.9060915  156.1611 /L    7.7083   2.6706270   284.37743   29.976503         n.a.     n.a.
 2026-Jan-10 10:53 *   09 01 51.47 +14 50 00.1   16.165    n.a.  2.03541574787752  37.9062493  156.1626 /L    7.7078   2.6705613   284.37766   29.977031         n.a.     n.a.
 2026-Jan-10 10:54 *   09 01 51.29 +14 50 00.8   16.165    n.a.  2.03543094863309  37.9064035  156.1640 /L    7.7073   2.6704959   284.37790   29.977555         n.a.     n.a.
 2026-Jan-10 10:55 *   09 01 51.11 +14 50 01.4   16.165    n.a.  2.03544614944968  37.9065539  156.1654 /L    7.7068   2.6704306   284.37813   29.978074         n.a.     n.a.
 2026-Jan-10 10:56 *   09 01 50.94 +14 50 02.1   16.165    n.a.  2.03546135032584  37.9067007  156.1669 /L    7.7063   2.6703655   284.37836   29.978589         n.a.     n.a.
 2026-Jan-10 10:57 *   09 01 50.76 +14 50 02.7   16.165    n.a.  2.03547655126011  37.9068439  156.1683 /L    7.7058   2.6703006   284.37860   29.979101         n.a.     n.a.
 2026-Jan-10 10:58 *   09 01 50.58 +14 50 03.4   16.165    n.a.  2.03549175225103  37.9069834  156.1697 /L    7.7053   2.6702359   284.37883   29.979608         n.a.     n.a.
 2026-Jan-10 10:59 *   09 01 50.40 +14 50 04.0   16.165    n.a.  2.03550695329715  37.9071193  156.1712 /L    7.7048   2.6701714   284.37906   29.980111         n.a.     n.a.
 2026-Jan-10 11:00 *   09 01 50.22 +14 50 04.7   16.165    n.a.  2.03552215439704  37.9072516  156.1726 /L    7.7043   2.6701071   284.37929   29.980610         n.a.     n.a.
 2026-Jan-10 11:01 *   09 01 50.04 +14 50 05.4   16.166    n.a.  2.03553735554922  37.9073803  156.1741 /L    7.7038   2.6700430   284.37953   29.981104         n.a.     n.a.
 2026-Jan-10 11:02 *   09 01 49.87 +14 50 06.0   16.166    n.a.  2.03555255675228  37.9075055  156.1755 /L    7.7033   2.6699790   284.37976   29.981595         n.a.     n.a.
 2026-Jan-10 11:03 *   09 01 49.69 +14 50 06.7   16.166    n.a.  2.03556775800481  37.9076271  156.1769 /L    7.7028   2.6699153   284.37999   29.982082         n.a.     n.a.
 2026-Jan-10 11:04 *   09 01 49.51 +14 50 07.3   16.166    n.a.  2.03558295930538  37.9077452  156.1784 /L    7.7024   2.6698517   284.38022   29.982564         n.a.     n.a.
 2026-Jan-10 11:05 *   09 01 49.33 +14 50 08.0   16.166    n.a.  2.03559816065260  37.9078598  156.1798 /L    7.7019   2.6697884   284.38045   29.983043         n.a.     n.a.
 2026-Jan-10 11:06 *   09 01 49.15 +14 50 08.7   16.166    n.a.  2.03561336204510  37.9079710  156.1812 /L    7.7014   2.6697252   284.38068   29.983517         n.a.     n.a.
 2026-Jan-10 11:07 *   09 01 48.97 +14 50 09.3   16.166    n.a.  2.03562856348142  37.9080787  156.1827 /L    7.7009   2.6696622   284.38092   29.983988         n.a.     n.a.
 2026-Jan-10 11:08 *   09 01 48.79 +14 50 10.0   16.166    n.a.  2.03564376496022  37.9081830  156.1841 /L    7.7004   2.6695995   284.38115   29.984454         n.a.     n.a.
 2026-Jan-10 11:09 *   09 01 48.62 +14 50 10.6   16.166    n.a.  2.03565896648012  37.9082838  156.1855 /L    7.6999   2.6695369   284.38138   29.984916         n.a.     n.a.
 2026-Jan-10 11:10 *   09 01 48.44 +14 50 11.3   16.166    n.a.  2.03567416803976  37.9083813  156.1870 /L    7.6994   2.6694745   284.38161   29.985374         n.a.     n.a.
 2026-Jan-10 11:11 *   09 01 48.26 +14 50 11.9   16.166    n.a.  2.03568936963778  37.9084754  156.1884 /L    7.6989   2.6694123   284.38184   29.985828         n.a.     n.a.
 2026-Jan-10 11:12 *   09 01 48.08 +14 50 12.6   16.166    n.a.  2.03570457127287  37.9085661  156.1898 /L    7.6984   2.6693504   284.38207   29.986279         n.a.     n.a.
 2026-Jan-10 11:13 *   09 01 47.90 +14 50 13.3   16.166    n.a.  2.03571977294361  37.9086535  156.1913 /L    7.6979   2.6692886   284.38230   29.986725         n.a.     n.a.
 2026-Jan-10 11:14 *   09 01 47.72 +14 50 13.9   16.166    n.a.  2.03573497464872  37.9087376  156.1927 /L    7.6974   2.6692270   284.38252   29.987167         n.a.     n.a.
 2026-Jan-10 11:15 *   09 01 47.55 +14 50 14.6   16.166    n.a.  2.03575017638686  37.9088184  156.1941 /L    7.6969   2.6691656   284.38275   29.987605         n.a.     n.a.
 2026-Jan-10 11:16 *   09 01 47.37 +14 50 15.2   16.166    n.a.  2.03576537815672  37.9088959  156.1956 /L    7.6964   2.6691044   284.38298   29.988039         n.a.     n.a.
 2026-Jan-10 11:17 *   09 01 47.19 +14 50 15.9   16.166    n.a.  2.03578057995699  37.9089702  156.1970 /L    7.6959   2.6690435   284.38321   29.988470         n.a.     n.a.
 2026-Jan-10 11:18 *   09 01 47.01 +14 50 16.5   16.166    n.a.  2.03579578178640  37.9090412  156.1984 /L    7.6954   2.6689827   284.38344   29.988896         n.a.     n.a.
 2026-Jan-10 11:19 *   09 01 46.83 +14 50 17.2   16.166    n.a.  2.03581098364361  37.9091090  156.1999 /L    7.6949   2.6689221   284.38366   29.989318         n.a.     n.a.
 2026-Jan-10 11:20 *   09 01 46.65 +14 50 17.9   16.166    n.a.  2.03582618552735  37.9091737  156.2013 /L    7.6944   2.6688617   284.38389   29.989736         n.a.     n.a.
 2026-Jan-10 11:21 *   09 01 46.48 +14 50 18.5   16.166    n.a.  2.03584138743636  37.9092352  156.2027 /L    7.6939   2.6688015   284.38412   29.990151         n.a.     n.a.
 2026-Jan-10 11:22 *   09 01 46.30 +14 50 19.2   16.166    n.a.  2.03585658936937  37.9092935  156.2042 /L    7.6934   2.6687416   284.38434   29.990561         n.a.     n.a.
 2026-Jan-10 11:23 *   09 01 46.12 +14 50 19.8   16.166    n.a.  2.03587179132512  37.9093487  156.2056 /L    7.6929   2.6686818   284.38457   29.990968         n.a.     n.a.
 2026-Jan-10 11:24 *   09 01 45.94 +14 50 20.5   16.166    n.a.  2.03588699330239  37.9094008  156.2070 /L    7.6924   2.6686222   284.38480   29.991370         n.a.     n.a.
 2026-Jan-10 11:25 *   09 01 45.76 +14 50 21.2   16.166    n.a.  2.03590219529988  37.9094498  156.2085 /L    7.6919   2.6685629   284.38502   29.991769         n.a.     n.a.
 2026-Jan-10 11:26 *   09 01 45.58 +14 50 21.8   16.166    n.a.  2.03591739731640  37.9094958  156.2099 /L    7.6914   2.6685037   284.38525   29.992164         n.a.     n.a.
 2026-Jan-10 11:27 *   09 01 45.41 +14 50 22.5   16.166    n.a.  2.03593259935071  37.9095387  156.2113 /L    7.6909   2.6684448   284.38547   29.992555         n.a.     n.a.
 2026-Jan-10 11:28 *   09 01 45.23 +14 50 23.1   16.166    n.a.  2.03594780140160  37.9095786  156.2128 /L    7.6904   2.6683860   284.38569   29.992942         n.a.     n.a.
 2026-Jan-10 11:29 *   09 01 45.05 +14 50 23.8   16.166    n.a.  2.03596300346787  37.9096155  156.2142 /L    7.6899   2.6683275   284.38592   29.993325         n.a.     n.a.
 2026-Jan-10 11:30 *   09 01 44.87 +14 50 24.4   16.166    n.a.  2.03597820554835  37.9096494  156.2156 /L    7.6894   2.6682692   284.38614   29.993705         n.a.     n.a.
 2026-Jan-10 11:31 *   09 01 44.69 +14 50 25.1   16.166    n.a.  2.03599340764179  37.9096804  156.2171 /L    7.6889   2.6682110   284.38636   29.994080         n.a.     n.a.
 2026-Jan-10 11:32 *   09 01 44.51 +14 50 25.8   16.166    n.a.  2.03600860974704  37.9097085  156.2185 /L    7.6884   2.6681531   284.38659   29.994452         n.a.     n.a.
 2026-Jan-10 11:33 *   09 01 44.34 +14 50 26.4   16.166    n.a.  2.03602381186292  37.9097336  156.2199 /L    7.6879   2.6680954   284.38681   29.994820         n.a.     n.a.
 2026-Jan-10 11:34 *   09 01 44.16 +14 50 27.1   16.167    n.a.  2.03603901398828  37.9097558  156.2214 /L    7.6874   2.6680379   284.38703   29.995184         n.a.     n.a.
 2026-Jan-10 11:35 *   09 01 43.98 +14 50 27.7   16.167    n.a.  2.03605421612196  37.9097752  156.2228 /L    7.6870   2.6679807   284.38725   29.995544         n.a.     n.a.
 2026-Jan-10 11:36 *   09 01 43.80 +14 50 28.4   16.167    n.a.  2.03606941826285  37.9097917  156.2242 /L    7.6865   2.6679236   284.38747   29.995900         n.a.     n.a.
 2026-Jan-10 11:37 *   09 01 43.62 +14 50 29.0   16.167    n.a.  2.03608462040974  37.9098054  156.2257 /L    7.6860   2.6678667   284.38769   29.996253         n.a.     n.a.
 2026-Jan-10 11:38 *   09 01 43.44 +14 50 29.7   16.167    n.a.  2.03609982256154  37.9098163  156.2271 /L    7.6855   2.6678101   284.38791   29.996602         n.a.     n.a.
 2026-Jan-10 11:39 *   09 01 43.27 +14 50 30.4   16.167    n.a.  2.03611502471714  37.9098245  156.2286 /L    7.6850   2.6677536   284.38813   29.996947         n.a.     n.a.
 2026-Jan-10 11:40 *   09 01 43.09 +14 50 31.0   16.167    n.a.  2.03613022687541  37.9098298  156.2300 /L    7.6845   2.6676974   284.38835   29.997288         n.a.     n.a.
 2026-Jan-10 11:41 *   09 01 42.91 +14 50 31.7   16.167    n.a.  2.03614542903526  37.9098325  156.2314 /L    7.6840   2.6676414   284.38856   29.997626         n.a.     n.a.
 2026-Jan-10 11:42 *   09 01 42.73 +14 50 32.3   16.167    n.a.  2.03616063119563  37.9098324  156.2329 /L    7.6835   2.6675855   284.38878   29.997959         n.a.     n.a.
 2026-Jan-10 11:43 *   09 01 42.55 +14 50 33.0   16.167    n.a.  2.03617583335537  37.9098296  156.2343 /L    7.6830   2.6675300   284.38900   29.998289         n.a.     n.a.
 2026-Jan-10 11:44 *   09 01 42.37 +14 50 33.7   16.167    n.a.  2.03619103551344  37.9098241  156.2357 /L    7.6825   2.6674746   284.38922   29.998616         n.a.     n.a.
 2026-Jan-10 11:45 *   09 01 42.20 +14 50 34.3   16.167    n.a.  2.03620623766877  37.9098161  156.2372 /L    7.6820   2.6674194   284.38943   29.998938         n.a.     n.a.
 2026-Jan-10 11:46 *   09 01 42.02 +14 50 35.0   16.167    n.a.  2.03622143982030  37.9098053  156.2386 /L    7.6815   2.6673644   284.38965   29.999257         n.a.     n.a.
 2026-Jan-10 11:47 *   09 01 41.84 +14 50 35.6   16.167    n.a.  2.03623664196699  37.9097920  156.2400 /L    7.6810   2.6673097   284.38986   29.999573         n.a.     n.a.
 2026-Jan-10 11:48 *   09 01 41.66 +14 50 36.3   16.167    n.a.  2.03625184410783  37.9097761  156.2415 /L    7.6805   2.6672552   284.39008   29.999884         n.a.     n.a.
 2026-Jan-10 11:49 *   09 01 41.48 +14 50 36.9   16.167    n.a.  2.03626704624172  37.9097577  156.2429 /L    7.6800   2.6672009   284.39029   30.000192         n.a.     n.a.
 2026-Jan-10 11:50 *   09 01 41.31 +14 50 37.6   16.167    n.a.  2.03628224836768  37.9097367  156.2443 /L    7.6795   2.6671468   284.39050   30.000497         n.a.     n.a.
 2026-Jan-10 11:51 *   09 01 41.13 +14 50 38.3   16.167    n.a.  2.03629745048470  37.9097132  156.2458 /L    7.6790   2.6670929   284.39071   30.000797         n.a.     n.a.
 2026-Jan-10 11:52 *   09 01 40.95 +14 50 38.9   16.167    n.a.  2.03631265259177  37.9096872  156.2472 /L    7.6785   2.6670392   284.39093   30.001094         n.a.     n.a.
 2026-Jan-10 11:53 *   09 01 40.77 +14 50 39.6   16.167    n.a.  2.03632785468789  37.9096587  156.2486 /L    7.6780   2.6669858   284.39114   30.001388         n.a.     n.a.
 2026-Jan-10 11:54 *   09 01 40.59 +14 50 40.2   16.167    n.a.  2.03634305677212  37.9096278  156.2501 /L    7.6775   2.6669326   284.39135   30.001677         n.a.     n.a.
 2026-Jan-10 11:55 *   09 01 40.41 +14 50 40.9   16.167    n.a.  2.03635825884341  37.9095945  156.2515 /L    7.6770   2.6668796   284.39156   30.001964         n.a.     n.a.
 2026-Jan-10 11:56 *   09 01 40.24 +14 50 41.5   16.167    n.a.  2.03637346090084  37.9095587  156.2529 /L    7.6765   2.6668268   284.39177   30.002246         n.a.     n.a.
 2026-Jan-10 11:57 *   09 01 40.06 +14 50 42.2   16.167    n.a.  2.03638866294344  37.9095206  156.2544 /L    7.6760   2.6667742   284.39198   30.002525         n.a.     n.a.
 2026-Jan-10 11:58 *   09 01 39.88 +14 50 42.9   16.167    n.a.  2.03640386497026  37.9094802  156.2558 /L    7.6755   2.6667218   284.39218   30.002801         n.a.     n.a.
 2026-Jan-10 11:59 *   09 01 39.70 +14 50 43.5   16.167    n.a.  2.03641906698038  37.9094374  156.2572 /L    7.6750   2.6666697   284.39239   30.003073         n.a.     n.a.
 2026-Jan-10 12:00 *   09 01 39.52 +14 50 44.2   16.167    n.a.  2.03643426897288  37.9093923  156.2587 /L    7.6745   2.6666178   284.39260   30.003341         n.a.     n.a.
 2026-Jan-10 12:01 *   09 01 39.34 +14 50 44.8   16.167    n.a.  2.03644947094678  37.9093449  156.2601 /L    7.6740   2.6665661   284.39281   30.003606         n.a.     n.a.
 2026-Jan-10 12:02 *   09 01 39.17 +14 50 45.5   16.167    n.a.  2.03646467290121  37.9092953  156.2615 /L    7.6735   2.6665146   284.39301   30.003867         n.a.     n.a.
 2026-Jan-10 12:03 *   09 01 38.99 +14 50 46.2   16.167    n.a.  2.03647987483527  37.9092434  156.2630 /L    7.6731   2.6664633   284.39322   30.004125         n.a.     n.a.
 2026-Jan-10 12:04 *   09 01 38.81 +14 50 46.8   16.167    n.a.  2.03649507674805  37.9091893  156.2644 /L    7.6726   2.6664123   284.39342   30.004380         n.a.     n.a.
 2026-Jan-10 12:05 *   09 01 38.63 +14 50 47.5   16.167    n.a.  2.03651027863869  37.9091331  156.2658 /L    7.6721   2.6663615   284.39362   30.004630         n.a.     n.a.
 2026-Jan-10 12:06 *   09 01 38.45 +14 50 48.1   16.168    n.a.  2.03652548050632  37.9090746  156.2673 /L    7.6716   2.6663109   284.39383   30.004878         n.a.     n.a.
 2026-Jan-10 12:07 *   09 01 38.28 +14 50 48.8   16.168    n.a.  2.03654068235004  37.9090140  156.2687 /L    7.6711   2.6662605   284.39403   30.005122         n.a.     n.a.
 2026-Jan-10 12:08 *   09 01 38.10 +14 50 49.4   16.168    n.a.  2.03655588416901  37.9089513  156.2701 /L    7.6706   2.6662104   284.39423   30.005362         n.a.     n.a.
 2026-Jan-10 12:09 *   09 01 37.92 +14 50 50.1   16.168    n.a.  2.03657108596238  37.9088865  156.2716 /L    7.6701   2.6661604   284.39443   30.005599         n.a.     n.a.
 2026-Jan-10 12:10 *   09 01 37.74 +14 50 50.8   16.168    n.a.  2.03658628772933  37.9088196  156.2730 /L    7.6696   2.6661107   284.39463   30.005833         n.a.     n.a.
 2026-Jan-10 12:11 *   09 01 37.56 +14 50 51.4   16.168    n.a.  2.03660148946902  37.9087507  156.2744 /L    7.6691   2.6660612   284.39483   30.006063         n.a.     n.a.
 2026-Jan-10 12:12 *   09 01 37.38 +14 50 52.1   16.168    n.a.  2.03661669118067  37.9086797  156.2759 /L    7.6686   2.6660120   284.39503   30.006290         n.a.     n.a.
 2026-Jan-10 12:13 *   09 01 37.21 +14 50 52.7   16.168    n.a.  2.03663189286340  37.9086068  156.2773 /L    7.6681   2.6659630   284.39523   30.006514         n.a.     n.a.
 2026-Jan-10 12:14 *   09 01 37.03 +14 50 53.4   16.168    n.a.  2.03664709451646  37.9085318  156.2787 /L    7.6676   2.6659141   284.39542   30.006734         n.a.     n.a.
 2026-Jan-10 12:15 *   09 01 36.85 +14 50 54.0   16.168    n.a.  2.03666229613904  37.9084549  156.2802 /L    7.6671   2.6658655   284.39562   30.006951         n.a.     n.a.
 2026-Jan-10 12:16 *   09 01 36.67 +14 50 54.7   16.168    n.a.  2.03667749773037  37.9083761  156.2816 /L    7.6666   2.6658172   284.39581   30.007164         n.a.     n.a.
 2026-Jan-10 12:17 *   09 01 36.49 +14 50 55.4   16.168    n.a.  2.03669269928968  37.9082953  156.2830 /L    7.6661   2.6657690   284.39601   30.007374         n.a.     n.a.
 2026-Jan-10 12:18 *   09 01 36.32 +14 50 56.0   16.168    n.a.  2.03670790081624  37.9082127  156.2845 /L    7.6656   2.6657211   284.39620   30.007581         n.a.     n.a.
 2026-Jan-10 12:19 *   09 01 36.14 +14 50 56.7   16.168    n.a.  2.03672310230924  37.9081282  156.2859 /L    7.6651   2.6656734   284.39640   30.007784         n.a.     n.a.
 2026-Jan-10 12:20 *   09 01 35.96 +14 50 57.3   16.168    n.a.  2.03673830376796  37.9080419  156.2873 /L    7.6646   2.6656260   284.39659   30.007984         n.a.     n.a.
 2026-Jan-10 12:21 *   09 01 35.78 +14 50 58.0   16.168    n.a.  2.03675350519167  37.9079537  156.2888 /L    7.6641   2.6655787   284.39678   30.008181         n.a.     n.a.
 2026-Jan-10 12:22 *   09 01 35.60 +14 50 58.7   16.168    n.a.  2.03676870657966  37.9078638  156.2902 /L    7.6636   2.6655317   284.39697   30.008375         n.a.     n.a.
 2026-Jan-10 12:23 *   09 01 35.43 +14 50 59.3   16.168    n.a.  2.03678390793120  37.9077721  156.2916 /L    7.6631   2.6654849   284.39716   30.008565         n.a.     n.a.
 2026-Jan-10 12:24 *   09 01 35.25 +14 51 00.0   16.168    n.a.  2.03679910924562  37.9076786  156.2931 /L    7.6626   2.6654384   284.39735   30.008752         n.a.     n.a.
 2026-Jan-10 12:25 *   09 01 35.07 +14 51 00.6   16.168    n.a.  2.03681431052217  37.9075835  156.2945 /L    7.6621   2.6653920   284.39754   30.008936         n.a.     n.a.
 2026-Jan-10 12:26 *   09 01 34.89 +14 51 01.3   16.168    n.a.  2.03682951176020  37.9074866  156.2959 /L    7.6616   2.6653459   284.39772   30.009117         n.a.     n.a.
 2026-Jan-10 12:27 *   09 01 34.71 +14 51 01.9   16.168    n.a.  2.03684471295903  37.9073881  156.2974 /L    7.6611   2.6653000   284.39791   30.009295         n.a.     n.a.
 2026-Jan-10 12:28 *   09 01 34.53 +14 51 02.6   16.168    n.a.  2.03685991411799  37.9072879  156.2988 /L    7.6606   2.6652544   284.39810   30.009469         n.a.     n.a.
 2026-Jan-10 12:29 *   09 01 34.36 +14 51 03.3   16.168    n.a.  2.03687511523643  37.9071861  156.3002 /L    7.6602   2.6652089   284.39828   30.009640         n.a.     n.a.
 2026-Jan-10 12:30 *   09 01 34.18 +14 51 03.9   16.168    n.a.  2.03689031631370  37.9070827  156.3017 /L    7.6597   2.6651637   284.39847   30.009808         n.a.     n.a.
 2026-Jan-10 12:31 *   09 01 34.00 +14 51 04.6   16.168    n.a.  2.03690551734921  37.9069777  156.3031 /L    7.6592   2.6651188   284.39865   30.009973         n.a.     n.a.
 2026-Jan-10 12:32 *   09 01 33.82 +14 51 05.2   16.168    n.a.  2.03692071834225  37.9068712  156.3045 /L    7.6587   2.6650740   284.39883   30.010135         n.a.     n.a.
 2026-Jan-10 12:33 *   09 01 33.64 +14 51 05.9   16.168    n.a.  2.03693591929225  37.9067632  156.3060 /L    7.6582   2.6650295   284.39901   30.010293         n.a.     n.a.
 2026-Jan-10 12:34 *   09 01 33.47 +14 51 06.5   16.168    n.a.  2.03695112019860  37.9066536  156.3074 /L    7.6577   2.6649852   284.39919   30.010449         n.a.     n.a.
 2026-Jan-10 12:35 *   09 01 33.29 +14 51 07.2   16.168    n.a.  2.03696632106069  37.9065426  156.3088 /L    7.6572   2.6649412   284.39937   30.010601         n.a.     n.a.
 2026-Jan-10 12:36 *   09 01 33.11 +14 51 07.9   16.168    n.a.  2.03698152187795  37.9064301  156.3103 /L    7.6567   2.6648973   284.39955   30.010751         n.a.     n.a.
 2026-Jan-10 12:37 *   09 01 32.93 +14 51 08.5   16.168    n.a.  2.03699672264983  37.9063162  156.3117 /L    7.6562   2.6648537   284.39973   30.010897         n.a.     n.a.
 2026-Jan-10 12:38 *   09 01 32.75 +14 51 09.2   16.168    n.a.  2.03701192337569  37.9062009  156.3131 /L    7.6557   2.6648104   284.39991   30.011040         n.a.     n.a.
 2026-Jan-10 12:39 *   09 01 32.58 +14 51 09.8   16.169    n.a.  2.03702712405501  37.9060842  156.3146 /L    7.6552   2.6647672   284.40008   30.011180         n.a.     n.a.
 2026-Jan-10 12:40 *   09 01 32.40 +14 51 10.5   16.169    n.a.  2.03704232468725  37.9059662  156.3160 /L    7.6547   2.6647243   284.40026   30.011317         n.a.     n.a.
 2026-Jan-10 12:41 *   09 01 32.22 +14 51 11.1   16.169    n.a.  2.03705752527185  37.9058468  156.3174 /L    7.6542   2.6646816   284.40043   30.011452         n.a.     n.a.
 2026-Jan-10 12:42 *   09 01 32.04 +14 51 11.8   16.169    n.a.  2.03707272580830  37.9057261  156.3189 /L    7.6537   2.6646392   284.40060   30.011583         n.a.     n.a.
 2026-Jan-10 12:43 *   09 01 31.86 +14 51 12.5   16.169    n.a.  2.03708792629611  37.9056042  156.3203 /L    7.6532   2.6645969   284.40077   30.011711         n.a.     n.a.
 2026-Jan-10 12:44 *   09 01 31.69 +14 51 13.1   16.169    n.a.  2.03710312673470  37.9054809  156.3217 /L    7.6527   2.6645549   284.40095   30.011836         n.a.     n.a.
 2026-Jan-10 12:45 *   09 01 31.51 +14 51 13.8   16.169    n.a.  2.03711832712360  37.9053565  156.3232 /L    7.6522   2.6645132   284.40112   30.011959         n.a.     n.a.
 2026-Jan-10 12:46 *   09 01 31.33 +14 51 14.4   16.169    n.a.  2.03713352746233  37.9052308  156.3246 /L    7.6517   2.6644716   284.40129   30.012078         n.a.     n.a.
 2026-Jan-10 12:47 *   09 01 31.15 +14 51 15.1   16.169    n.a.  2.03714872775041  37.9051040  156.3260 /L    7.6512   2.6644303   284.40145   30.012194         n.a.     n.a.
 2026-Jan-10 12:48 *   09 01 30.97 +14 51 15.8   16.169    n.a.  2.03716392798737  37.9049760  156.3275 /L    7.6507   2.6643893   284.40162   30.012308         n.a.     n.a.
 2026-Jan-10 12:49 *   09 01 30.79 +14 51 16.4   16.169    n.a.  2.03717912817277  37.9048468  156.3289 /L    7.6502   2.6643484   284.40179   30.012419         n.a.     n.a.
 2026-Jan-10 12:50 *   09 01 30.62 +14 51 17.1   16.169    n.a.  2.03719432830611  37.9047166  156.3303 /L    7.6497   2.6643078   284.40195   30.012527         n.a.     n.a.
 2026-Jan-10 12:51 *   09 01 30.44 +14 51 17.7   16.169    n.a.  2.03720952838698  37.9045852  156.3318 /L    7.6492   2.6642674   284.40212   30.012631         n.a.     n.a.
 2026-Jan-10 12:52 *   09 01 30.26 +14 51 18.4   16.169    n.a.  2.03722472841495  37.9044528  156.3332 /L    7.6487   2.6642273   284.40228   30.012734         n.a.     n.a.
 2026-Jan-10 12:53 *   09 01 30.08 +14 51 19.0   16.169    n.a.  2.03723992838959  37.9043194  156.3346 /L    7.6483   2.6641874   284.40244   30.012833         n.a.     n.a.
 2026-Jan-10 12:54 *   09 01 29.90 +14 51 19.7   16.169    n.a.  2.03725512831050  37.9041850  156.3361 /L    7.6478   2.6641477   284.40260   30.012929         n.a.     n.a.
 2026-Jan-10 12:55 *   09 01 29.73 +14 51 20.4   16.169    n.a.  2.03727032817731  37.9040495  156.3375 /L    7.6473   2.6641082   284.40276   30.013023         n.a.     n.a.
 2026-Jan-10 12:56 *   09 01 29.55 +14 51 21.0   16.169    n.a.  2.03728552798956  37.9039132  156.3389 /L    7.6468   2.6640690   284.40292   30.013114         n.a.     n.a.
 2026-Jan-10 12:57 *   09 01 29.37 +14 51 21.7   16.169    n.a.  2.03730072774690  37.9037758  156.3403 /L    7.6463   2.6640300   284.40308   30.013202         n.a.     n.a.
 2026-Jan-10 12:58 *   09 01 29.19 +14 51 22.3   16.169    n.a.  2.03731592744897  37.9036376  156.3418 /L    7.6458   2.6639913   284.40324   30.013287         n.a.     n.a.
 2026-Jan-10 12:59 *   09 01 29.01 +14 51 23.0   16.169    n.a.  2.03733112709541  37.9034985  156.3432 /L    7.6453   2.6639527   284.40339   30.013370         n.a.     n.a.
 2026-Jan-10 13:00 *   09 01 28.84 +14 51 23.6   16.169    n.a.  2.03734632668586  37.9033585  156.3446 /L    7.6448   2.6639144   284.40355   30.013450         n.a.     n.a.
 2026-Jan-10 13:01 *   09 01 28.66 +14 51 24.3   16.169    n.a.  2.03736152622001  37.9032176  156.3461 /L    7.6443   2.6638764   284.40370   30.013527         n.a.     n.a.
 2026-Jan-10 13:02 *   09 01 28.48 +14 51 25.0   16.169    n.a.  2.03737672569747  37.9030760  156.3475 /L    7.6438   2.6638386   284.40385   30.013602         n.a.     n.a.
 2026-Jan-10 13:03 *   09 01 28.30 +14 51 25.6   16.169    n.a.  2.03739192511795  37.9029336  156.3489 /L    7.6433   2.6638010   284.40400   30.013674         n.a.     n.a.
 2026-Jan-10 13:04 *   09 01 28.12 +14 51 26.3   16.169    n.a.  2.03740712448114  37.9027904  156.3504 /L    7.6428   2.6637636   284.40415   30.013743         n.a.     n.a.
 2026-Jan-10 13:05 *   09 01 27.95 +14 51 26.9   16.169    n.a.  2.03742232378674  37.9026465  156.3518 /L    7.6423   2.6637265   284.40430   30.013809         n.a.     n.a.
 2026-Jan-10 13:06 *   09 01 27.77 +14 51 27.6   16.169    n.a.  2.03743752303446  37.9025018  156.3532 /L    7.6418   2.6636896   284.40445   30.013873         n.a.     n.a.
 2026-Jan-10 13:07 *   09 01 27.59 +14 51 28.2   16.169    n.a.  2.03745272222405  37.9023565  156.3547 /L    7.6413   2.6636529   284.40460   30.013935         n.a.     n.a.
 2026-Jan-10 13:08 *   09 01 27.41 +14 51 28.9   16.169    n.a.  2.03746792135517  37.9022105  156.3561 /L    7.6408   2.6636165   284.40475   30.013993         n.a.     n.a.
 2026-Jan-10 13:09 *   09 01 27.23 +14 51 29.6   16.169    n.a.  2.03748312042760  37.9020639  156.3575 /L    7.6403   2.6635802   284.40489   30.014050         n.a.     n.a.
 2026-Jan-10 13:10 *   09 01 27.06 +14 51 30.2   16.169    n.a.  2.03749831944108  37.9019167  156.3590 /L    7.6398   2.6635443   284.40503   30.014103         n.a.     n.a.
 2026-Jan-10 13:11 *   09 01 26.88 +14 51 30.9   16.169    n.a.  2.03751351839538  37.9017688  156.3604 /L    7.6393   2.6635085   284.40518   30.014154         n.a.     n.a.
 2026-Jan-10 13:12 *   09 01 26.70 +14 51 31.5   16.170    n.a.  2.03752871729026  37.9016204  156.3618 /L    7.6388   2.6634730   284.40532   30.014203         n.a.     n.a.
 2026-Jan-10 13:13 *   09 01 26.52 +14 51 32.2   16.170    n.a.  2.03754391612553  37.9014715  156.3633 /L    7.6383   2.6634378   284.40546   30.014249         n.a.     n.a.
 2026-Jan-10 13:14 *   09 01 26.34 +14 51 32.9   16.170    n.a.  2.03755911490093  37.9013221  156.3647 /L    7.6378   2.6634027   284.40560   30.014292         n.a.     n.a.
 2026-Jan-10 13:15 *   09 01 26.17 +14 51 33.5   16.170    n.a.  2.03757431361627  37.9011721  156.3661 /L    7.6373   2.6633679   284.40573   30.014333         n.a.     n.a.
 2026-Jan-10 13:16 *   09 01 25.99 +14 51 34.2   16.170    n.a.  2.03758951227138  37.9010218  156.3676 /L    7.6369   2.6633333   284.40587   30.014372         n.a.     n.a.
 2026-Jan-10 13:17 *   09 01 25.81 +14 51 34.8   16.170    n.a.  2.03760471086607  37.9008709  156.3690 /L    7.6364   2.6632990   284.40601   30.014408         n.a.     n.a.
 2026-Jan-10 13:18 *   09 01 25.63 +14 51 35.5   16.170    n.a.  2.03761990940016  37.9007197  156.3704 /L    7.6359   2.6632649   284.40614   30.014441         n.a.     n.a.
 2026-Jan-10 13:19 *   09 01 25.45 +14 51 36.1   16.170    n.a.  2.03763510787354  37.9005681  156.3719 /L    7.6354   2.6632310   284.40627   30.014473         n.a.     n.a.
 2026-Jan-10 13:20 *   09 01 25.28 +14 51 36.8   16.170    n.a.  2.03765030628598  37.9004161  156.3733 /L    7.6349   2.6631974   284.40641   30.014502         n.a.     n.a.
 2026-Jan-10 13:21 *   09 01 25.10 +14 51 37.5   16.170    n.a.  2.03766550463739  37.9002637  156.3747 /L    7.6344   2.6631640   284.40654   30.014528         n.a.     n.a.
 2026-Jan-10 13:22 *   09 01 24.92 +14 51 38.1   16.170    n.a.  2.03768070292762  37.9001111  156.3762 /L    7.6339   2.6631308   284.40667   30.014552         n.a.     n.a.
 2026-Jan-10 13:23 *   09 01 24.74 +14 51 38.8   16.170    n.a.  2.03769590115656  37.8999582  156.3776 /L    7.6334   2.6630978   284.40680   30.014574         n.a.     n.a.
 2026-Jan-10 13:24 *   09 01 24.56 +14 51 39.4   16.170    n.a.  2.03771109932410  37.8998050  156.3790 /L    7.6329   2.6630651   284.40692   30.014593         n.a.     n.a.
 2026-Jan-10 13:25 *   09 01 24.39 +14 51 40.1   16.170    n.a.  2.03772629743016  37.8996515  156.3805 /L    7.6324   2.6630326   284.40705   30.014610         n.a.     n.a.
 2026-Jan-10 13:26 *   09 01 24.21 +14 51 40.7   16.170    n.a.  2.03774149547460  37.8994979  156.3819 /L    7.6319   2.6630004   284.40717   30.014625         n.a.     n.a.
 2026-Jan-10 13:27 *   09 01 24.03 +14 51 41.4   16.170    n.a.  2.03775669345738  37.8993441  156.3833 /L    7.6314   2.6629684   284.40730   30.014638         n.a.     n.a.
 2026-Jan-10 13:28 *   09 01 23.85 +14 51 42.1   16.170    n.a.  2.03777189137840  37.8991901  156.3848 /L    7.6309   2.6629366   284.40742   30.014648         n.a.     n.a.
 2026-Jan-10 13:29 *   09 01 23.67 +14 51 42.7   16.170    n.a.  2.03778708923763  37.8990360  156.3862 /L    7.6304   2.6629050   284.40754   30.014656         n.a.     n.a.
 2026-Jan-10 13:30 *   09 01 23.50 +14 51 43.4   16.170    n.a.  2.03780228703501  37.8988817  156.3876 /L    7.6299   2.6628737   284.40766   30.014661         n.a.     n.a.
 2026-Jan-10 13:31 *   09 01 23.32 +14 51 44.0   16.170    n.a.  2.03781748477052  37.8987274  156.3891 /L    7.6294   2.6628426   284.40778   30.014665         n.a.     n.a.
 2026-Jan-10 13:32 *   09 01 23.14 +14 51 44.7   16.170    n.a.  2.03783268244408  37.8985730  156.3905 /L    7.6289   2.6628118   284.40790   30.014666         n.a.     n.a.
 2026-Jan-10 13:33 *   09 01 22.96 +14 51 45.3   16.170    n.a.  2.03784788005570  37.8984186  156.3919 /L    7.6284   2.6627812   284.40801   30.014665         n.a.     n.a.
 2026-Jan-10 13:34 *   09 01 22.78 +14 51 46.0   16.170    n.a.  2.03786307760538  37.8982642  156.3934 /L    7.6279   2.6627508   284.40813   30.014662         n.a.     n.a.
 2026-Jan-10 13:35 *   09 01 22.61 +14 51 46.7   16.170    n.a.  2.03787827509310  37.8981097  156.3948 /L    7.6274   2.6627206   284.40824   30.014657         n.a.     n.a.
 2026-Jan-10 13:36 *   09 01 22.43 +14 51 47.3   16.170    n.a.  2.03789347251889  37.8979554  156.3962 /L    7.6269   2.6626907   284.40835   30.014650         n.a.     n.a.
 2026-Jan-10 13:37 *   09 01 22.25 +14 51 48.0   16.170    n.a.  2.03790866988278  37.8978011  156.3977 /L    7.6264   2.6626610   284.40846   30.014641         n.a.     n.a.
 2026-Jan-10 13:38 *   09 01 22.07 +14 51 48.6   16.170    n.a.  2.03792386718476  37.8976468  156.3991 /L    7.6260   2.6626315   284.40857   30.014629         n.a.     n.a.
 2026-Jan-10 13:39 *   09 01 21.90 +14 51 49.3   16.170    n.a.  2.03793906442490  37.8974927  156.4005 /L    7.6255   2.6626023   284.40868   30.014615         n.a.     n.a.
 2026-Jan-10 13:40 *   09 01 21.72 +14 51 50.0   16.170    n.a.  2.03795426160324  37.8973388  156.4020 /L    7.6250   2.6625733   284.40879   30.014600         n.a.     n.a.
 2026-Jan-10 13:41 *   09 01 21.54 +14 51 50.6   16.170    n.a.  2.03796945871985  37.8971849  156.4034 /L    7.6245   2.6625445   284.40889   30.014582         n.a.     n.a.
 2026-Jan-10 13:42 *   09 01 21.36 +14 51 51.3   16.170    n.a.  2.03798465577479  37.8970313  156.4048 /L    7.6240   2.6625160   284.40900   30.014562         n.a.     n.a.
 2026-Jan-10 13:43 *   09 01 21.18 +14 51 51.9   16.170    n.a.  2.03799985276818  37.8968779  156.4063 /L    7.6235   2.6624877   284.40910   30.014541         n.a.     n.a.
 2026-Jan-10 13:44 *   09 01 21.01 +14 51 52.6   16.171    n.a.  2.03801504970006  37.8967248  156.4077 /L    7.6230   2.6624596   284.40920   30.014517         n.a.     n.a.
 2026-Jan-10 13:45 *   09 01 20.83 +14 51 53.2   16.171    n.a.  2.03803024657054  37.8965719  156.4091 /L    7.6225   2.6624318   284.40930   30.014491         n.a.     n.a.
 2026-Jan-10 13:46 *   09 01 20.65 +14 51 53.9   16.171    n.a.  2.03804544337975  37.8964193  156.4106 /L    7.6220   2.6624042   284.40940   30.014463         n.a.     n.a.
 2026-Jan-10 13:47 *   09 01 20.47 +14 51 54.6   16.171    n.a.  2.03806064012780  37.8962670  156.4120 /L    7.6215   2.6623768   284.40950   30.014434         n.a.     n.a.
 2026-Jan-10 13:48 *   09 01 20.29 +14 51 55.2   16.171    n.a.  2.03807583681483  37.8961150  156.4134 /L    7.6210   2.6623496   284.40960   30.014402         n.a.     n.a.
 2026-Jan-10 13:49 *   09 01 20.12 +14 51 55.9   16.171    n.a.  2.03809103344101  37.8959635  156.4149 /L    7.6205   2.6623227   284.40969   30.014369         n.a.     n.a.
 2026-Jan-10 13:50 *   09 01 19.94 +14 51 56.5   16.171    n.a.  2.03810623000642  37.8958123  156.4163 /L    7.6200   2.6622960   284.40978   30.014333         n.a.     n.a.
 2026-Jan-10 13:51 *   09 01 19.76 +14 51 57.2   16.171    n.a.  2.03812142651127  37.8956615  156.4177 /L    7.6195   2.6622696   284.40988   30.014296         n.a.     n.a.
 2026-Jan-10 13:52 *   09 01 19.58 +14 51 57.8   16.171    n.a.  2.03813662295572  37.8955112  156.4192 /L    7.6190   2.6622433   284.40997   30.014257         n.a.     n.a.
 2026-Jan-10 13:53 *   09 01 19.40 +14 51 58.5   16.171    n.a.  2.03815181933996  37.8953613  156.4206 /L    7.6185   2.6622173   284.41006   30.014216         n.a.     n.a.
 2026-Jan-10 13:54 *   09 01 19.23 +14 51 59.2   16.171    n.a.  2.03816701566417  37.8952119  156.4220 /L    7.6180   2.6621916   284.41014   30.014173         n.a.     n.a.
 2026-Jan-10 13:55 *   09 01 19.05 +14 51 59.8   16.171    n.a.  2.03818221192859  37.8950631  156.4235 /L    7.6175   2.6621660   284.41023   30.014129         n.a.     n.a.
 2026-Jan-10 13:56 *   09 01 18.87 +14 52 00.5   16.171    n.a.  2.03819740813337  37.8949147  156.4249 /L    7.6170   2.6621407   284.41032   30.014083         n.a.     n.a.
 2026-Jan-10 13:57 *   09 01 18.69 +14 52 01.1   16.171    n.a.  2.03821260427876  37.8947670  156.4263 /L    7.6165   2.6621156   284.41040   30.014035         n.a.     n.a.
 2026-Jan-10 13:58 *   09 01 18.51 +14 52 01.8   16.171    n.a.  2.03822780036500  37.8946198  156.4278 /L    7.6160   2.6620908   284.41048   30.013985         n.a.     n.a.
 2026-Jan-10 13:59 *   09 01 18.34 +14 52 02.4   16.171    n.a.  2.03824299639232  37.8944733  156.4292 /L    7.6156   2.6620662   284.41056   30.013933         n.a.     n.a.
 2026-Jan-10 14:00 *   09 01 18.16 +14 52 03.1   16.171    n.a.  2.03825819236098  37.8943274  156.4306 /L    7.6151   2.6620418   284.41064   30.013880         n.a.     n.a.
 2026-Jan-10 14:01 *   09 01 17.98 +14 52 03.8   16.171    n.a.  2.03827338827128  37.8941821  156.4321 /L    7.6146   2.6620176   284.41072   30.013825         n.a.     n.a.
 2026-Jan-10 14:02 *   09 01 17.80 +14 52 04.4   16.171    n.a.  2.03828858412341  37.8940376  156.4335 /L    7.6141   2.6619937   284.41080   30.013768         n.a.     n.a.
 2026-Jan-10 14:03 *   09 01 17.63 +14 52 05.1   16.171    n.a.  2.03830377991770  37.8938938  156.4349 /L    7.6136   2.6619700   284.41087   30.013710         n.a.     n.a.
 2026-Jan-10 14:04 *   09 01 17.45 +14 52 05.7   16.171    n.a.  2.03831897565444  37.8937507  156.4364 /L    7.6131   2.6619465   284.41095   30.013650         n.a.     n.a.
 2026-Jan-10 14:05 *   09 01 17.27 +14 52 06.4   16.171    n.a.  2.03833417133393  37.8936083  156.4378 /L    7.6126   2.6619232   284.41102   30.013589         n.a.     n.a.
 2026-Jan-10 14:06 *   09 01 17.09 +14 52 07.0   16.171    n.a.  2.03834936695647  37.8934668  156.4392 /L    7.6121   2.6619002   284.41109   30.013526         n.a.     n.a.
 2026-Jan-10 14:07 *   09 01 16.91 +14 52 07.7   16.171    n.a.  2.03836456252243  37.8933261  156.4407 /L    7.6116   2.6618774   284.41116   30.013461         n.a.     n.a.
 2026-Jan-10 14:08 *   09 01 16.74 +14 52 08.4   16.171    n.a.  2.03837975803208  37.8931862  156.4421 /L    7.6111   2.6618548   284.41123   30.013395         n.a.     n.a.
 2026-Jan-10 14:09 *   09 01 16.56 +14 52 09.0   16.171    n.a.  2.03839495348578  37.8930472  156.4435 /L    7.6106   2.6618325   284.41130   30.013327         n.a.     n.a.
 2026-Jan-10 14:10 *   09 01 16.38 +14 52 09.7   16.171    n.a.  2.03841014888389  37.8929091  156.4450 /L    7.6101   2.6618104   284.41136   30.013258         n.a.     n.a.
 2026-Jan-10 14:11 *   09 01 16.20 +14 52 10.3   16.171    n.a.  2.03842534422677  37.8927719  156.4464 /L    7.6096   2.6617885   284.41143   30.013187         n.a.     n.a.
 2026-Jan-10 14:12 *   09 01 16.02 +14 52 11.0   16.171    n.a.  2.03844053951479  37.8926356  156.4478 /L    7.6091   2.6617668   284.41149   30.013114         n.a.     n.a.
 2026-Jan-10 14:13 *   09 01 15.85 +14 52 11.7   16.171    n.a.  2.03845573474837  37.8925003  156.4493 /L    7.6086   2.6617454   284.41155   30.013041         n.a.     n.a.
 2026-Jan-10 14:14 *   09 01 15.67 +14 52 12.3   16.171    n.a.  2.03847092992783  37.8923660  156.4507 /L    7.6081   2.6617242   284.41161   30.012965         n.a.     n.a.
 2026-Jan-10 14:15 *   09 01 15.49 +14 52 13.0   16.171    n.a.  2.03848612505361  37.8922327  156.4521 /L    7.6076   2.6617032   284.41167   30.012889         n.a.     n.a.
 2026-Jan-10 14:16 *   09 01 15.31 +14 52 13.6   16.171    n.a.  2.03850132012612  37.8921004  156.4536 /L    7.6071   2.6616824   284.41172   30.012810         n.a.     n.a.
 2026-Jan-10 14:17 *   09 01 15.13 +14 52 14.3   16.172    n.a.  2.03851651514578  37.8919692  156.4550 /L    7.6066   2.6616619   284.41178   30.012731         n.a.     n.a.
 2026-Jan-10 14:18 *   09 01 14.96 +14 52 14.9   16.172    n.a.  2.03853171011302  37.8918391  156.4564 /L    7.6061   2.6616415   284.41183   30.012650         n.a.     n.a.
 2026-Jan-10 14:19 *   09 01 14.78 +14 52 15.6   16.172    n.a.  2.03854690502831  37.8917101  156.4579 /L    7.6056   2.6616215   284.41188   30.012568         n.a.     n.a.
 2026-Jan-10 14:20 *   09 01 14.60 +14 52 16.3   16.172    n.a.  2.03856209989205  37.8915822  156.4593 /L    7.6051   2.6616016   284.41193   30.012484         n.a.     n.a.
 2026-Jan-10 14:21 *   09 01 14.42 +14 52 16.9   16.172    n.a.  2.03857729470472  37.8914555  156.4607 /L    7.6047   2.6615820   284.41198   30.012399         n.a.     n.a.
 2026-Jan-10 14:22 *   09 01 14.25 +14 52 17.6   16.172    n.a.  2.03859248946680  37.8913300  156.4622 /L    7.6042   2.6615625   284.41203   30.012313         n.a.     n.a.
 2026-Jan-10 14:23 *   09 01 14.07 +14 52 18.2   16.172    n.a.  2.03860768417876  37.8912057  156.4636 /L    7.6037   2.6615433   284.41207   30.012226         n.a.     n.a.
 2026-Jan-10 14:24 *   09 01 13.89 +14 52 18.9   16.172    n.a.  2.03862287884110  37.8910826  156.4650 /L    7.6032   2.6615244   284.41212   30.012137         n.a.     n.a.
 2026-Jan-10 14:25 *   09 01 13.71 +14 52 19.5   16.172    n.a.  2.03863807345434  37.8909608  156.4665 /L    7.6027   2.6615056   284.41216   30.012047         n.a.     n.a.
 2026-Jan-10 14:26 *   09 01 13.53 +14 52 20.2   16.172    n.a.  2.03865326801894  37.8908403  156.4679 /L    7.6022   2.6614871   284.41220   30.011956         n.a.     n.a.
 2026-Jan-10 14:27 *   09 01 13.36 +14 52 20.9   16.172    n.a.  2.03866846253545  37.8907211  156.4693 /L    7.6017   2.6614688   284.41224   30.011863         n.a.     n.a.
 2026-Jan-10 14:28 *   09 01 13.18 +14 52 21.5   16.172    n.a.  2.03868365700440  37.8906032  156.4708 /L    7.6012   2.6614507   284.41228   30.011769         n.a.     n.a.
 2026-Jan-10 14:29 *   09 01 13.00 +14 52 22.2   16.172    n.a.  2.03869885142632  37.8904867  156.4722 /L    7.6007   2.6614328   284.41232   30.011675         n.a.     n.a.
 2026-Jan-10 14:30 *   09 01 12.82 +14 52 22.8   16.172    n.a.  2.03871404580177  37.8903715  156.4736 /L    7.6002   2.6614152   284.41235   30.011579         n.a.     n.a.
 2026-Jan-10 14:31 *   09 01 12.64 +14 52 23.5   16.172    n.a.  2.03872924013133  37.8902578  156.4751 /L    7.5997   2.6613978   284.41239   30.011481         n.a.     n.a.
 2026-Jan-10 14:32 *   09 01 12.47 +14 52 24.1   16.172    n.a.  2.03874443441552  37.8901455  156.4765 /L    7.5992   2.6613806   284.41242   30.011383         n.a.     n.a.
 2026-Jan-10 14:33 *   09 01 12.29 +14 52 24.8   16.172    n.a.  2.03875962865494  37.8900346  156.4779 /L    7.5987   2.6613636   284.41245   30.011284         n.a.     n.a.
 2026-Jan-10 14:34 *   09 01 12.11 +14 52 25.5   16.172    n.a.  2.03877482285018  37.8899252  156.4794 /L    7.5982   2.6613468   284.41248   30.011184         n.a.     n.a.
 2026-Jan-10 14:35 *   09 01 11.93 +14 52 26.1   16.172    n.a.  2.03879001700183  37.8898174  156.4808 /L    7.5977   2.6613303   284.41251   30.011082         n.a.     n.a.
 2026-Jan-10 14:36 *   09 01 11.76 +14 52 26.8   16.172    n.a.  2.03880521111052  37.8897110  156.4822 /L    7.5972   2.6613140   284.41253   30.010980         n.a.     n.a.
 2026-Jan-10 14:37 *   09 01 11.58 +14 52 27.4   16.172    n.a.  2.03882040517688  37.8896062  156.4837 /L    7.5967   2.6612979   284.41255   30.010876         n.a.     n.a.
 2026-Jan-10 14:38 *   09 01 11.40 +14 52 28.1   16.172    n.a.  2.03883559920148  37.8895030  156.4851 /L    7.5962   2.6612820   284.41258   30.010772         n.a.     n.a.
 2026-Jan-10 14:39 *   09 01 11.22 +14 52 28.7   16.172    n.a.  2.03885079318499  37.8894014  156.4865 /L    7.5957   2.6612663   284.41260   30.010666         n.a.     n.a.
 2026-Jan-10 14:40 *   09 01 11.04 +14 52 29.4   16.172    n.a.  2.03886598712805  37.8893014  156.4880 /L    7.5952   2.6612509   284.41262   30.010560         n.a.     n.a.
 2026-Jan-10 14:41 *   09 01 10.87 +14 52 30.1   16.172    n.a.  2.03888118103132  37.8892031  156.4894 /L    7.5947   2.6612356   284.41264   30.010452         n.a.     n.a.
 2026-Jan-10 14:42 *   09 01 10.69 +14 52 30.7   16.172    n.a.  2.03889637489547  37.8891064  156.4908 /L    7.5943   2.6612206   284.41265   30.010344         n.a.     n.a.
 2026-Jan-10 14:43 *   09 01 10.51 +14 52 31.4   16.172    n.a.  2.03891156872121  37.8890115  156.4923 /L    7.5938   2.6612058   284.41267   30.010234         n.a.     n.a.
 2026-Jan-10 14:44 *   09 01 10.33 +14 52 32.0   16.172    n.a.  2.03892676250915  37.8889182  156.4937 /L    7.5933   2.6611912   284.41268   30.010124         n.a.     n.a.
 2026-Jan-10 14:45 *   09 01 10.15 +14 52 32.7   16.172    n.a.  2.03894195626002  37.8888267  156.4951 /L    7.5928   2.6611769   284.41269   30.010013         n.a.     n.a.
 2026-Jan-10 14:46 *   09 01 09.98 +14 52 33.3   16.172    n.a.  2.03895714997453  37.8887370  156.4966 /L    7.5923   2.6611627   284.41270   30.009901         n.a.     n.a.
 2026-Jan-10 14:47 *   09 01 09.80 +14 52 34.0   16.172    n.a.  2.03897234365339  37.8886490  156.4980 /L    7.5918   2.6611488   284.41271   30.009789         n.a.     n.a.
 2026-Jan-10 14:48 *   09 01 09.62 +14 52 34.7   16.172    n.a.  2.03898753729732  37.8885629  156.4994 /L    7.5913   2.6611350   284.41272   30.009675         n.a.     n.a.
 2026-Jan-10 14:49 *   09 01 09.44 +14 52 35.3   16.172    n.a.  2.03900273090709  37.8884786  156.5009 /L    7.5908   2.6611215   284.41272   30.009561         n.a.     n.a.
 2026-Jan-10 14:50 *   09 01 09.27 +14 52 36.0   16.173    n.a.  2.03901792448338  37.8883962  156.5023 /L    7.5903   2.6611082   284.41272   30.009446         n.a.     n.a.
 2026-Jan-10 14:51 *   09 01 09.09 +14 52 36.6   16.173    n.a.  2.03903311802697  37.8883156  156.5037 /L    7.5898   2.6610952   284.41273   30.009330         n.a.     n.a.
 2026-Jan-10 14:52 *   09 01 08.91 +14 52 37.3   16.173    n.a.  2.03904831153863  37.8882370  156.5052 /L    7.5893   2.6610823   284.41273   30.009214         n.a.     n.a.
 2026-Jan-10 14:53 *   09 01 08.73 +14 52 37.9   16.173    n.a.  2.03906350501912  37.8881603  156.5066 /L    7.5888   2.6610696   284.41272   30.009096         n.a.     n.a.
 2026-Jan-10 14:54 *   09 01 08.55 +14 52 38.6   16.173    n.a.  2.03907869846922  37.8880856  156.5080 /L    7.5883   2.6610572   284.41272   30.008978         n.a.     n.a.
 2026-Jan-10 14:55 *   09 01 08.38 +14 52 39.3   16.173    n.a.  2.03909389188973  37.8880128  156.5095 /L    7.5878   2.6610450   284.41272   30.008860         n.a.     n.a.
 2026-Jan-10 14:56 *   09 01 08.20 +14 52 39.9   16.173    n.a.  2.03910908528147  37.8879421  156.5109 /L    7.5873   2.6610330   284.41271   30.008740         n.a.     n.a.
 2026-Jan-10 14:57 *   09 01 08.02 +14 52 40.6   16.173    n.a.  2.03912427864519  37.8878734  156.5123 /L    7.5868   2.6610211   284.41270   30.008621         n.a.     n.a.
 2026-Jan-10 14:58 *   09 01 07.84 +14 52 41.2   16.173    n.a.  2.03913947198175  37.8878067  156.5138 /L    7.5863   2.6610095   284.41269   30.008500         n.a.     n.a.
 2026-Jan-10 14:59 *   09 01 07.66 +14 52 41.9   16.173    n.a.  2.03915466529196  37.8877421  156.5152 /L    7.5858   2.6609982   284.41268   30.008379         n.a.     n.a.
 2026-Jan-10 15:00 *   09 01 07.49 +14 52 42.5   16.173    n.a.  2.03916985857667  37.8876796  156.5166 /L    7.5853   2.6609870   284.41267   30.008257         n.a.     n.a.
 2026-Jan-10 15:01 *   09 01 07.31 +14 52 43.2   16.173    n.a.  2.03918505183673  37.8876193  156.5181 /L    7.5848   2.6609760   284.41265   30.008135         n.a.     n.a.
 2026-Jan-10 15:02 *   09 01 07.13 +14 52 43.9   16.173    n.a.  2.03920024507301  37.8875610  156.5195 /L    7.5844   2.6609652   284.41264   30.008012         n.a.     n.a.
 2026-Jan-10 15:03 *   09 01 06.95 +14 52 44.5   16.173    n.a.  2.03921543828632  37.8875050  156.5209 /L    7.5839   2.6609547   284.41262   30.007889         n.a.     n.a.
 2026-Jan-10 15:04 *   09 01 06.78 +14 52 45.2   16.173    n.a.  2.03923063147757  37.8874511  156.5224 /L    7.5834   2.6609443   284.41260   30.007765         n.a.     n.a.
 2026-Jan-10 15:05 *   09 01 06.60 +14 52 45.8   16.173    n.a.  2.03924582464764  37.8873995  156.5238 /L    7.5829   2.6609342   284.41258   30.007641         n.a.     n.a.
 2026-Jan-10 15:06 *   09 01 06.42 +14 52 46.5   16.173    n.a.  2.03926101779743  37.8873501  156.5253 /L    7.5824   2.6609243   284.41255   30.007516         n.a.     n.a.
 2026-Jan-10 15:07 *   09 01 06.24 +14 52 47.2   16.173    n.a.  2.03927621092783  37.8873029  156.5267 /L    7.5819   2.6609146   284.41253   30.007391         n.a.     n.a.
 2026-Jan-10 15:08 *   09 01 06.06 +14 52 47.8   16.173    n.a.  2.03929140403980  37.8872580  156.5281 /L    7.5814   2.6609050   284.41250   30.007265         n.a.     n.a.
 2026-Jan-10 15:09 *   09 01 05.89 +14 52 48.5   16.173    n.a.  2.03930659713418  37.8872155  156.5296 /L    7.5809   2.6608957   284.41247   30.007139         n.a.     n.a.
 2026-Jan-10 15:10 *   09 01 05.71 +14 52 49.1   16.173    n.a.  2.03932179021194  37.8871753  156.5310 /L    7.5804   2.6608866   284.41244   30.007013         n.a.     n.a.
 2026-Jan-10 15:11 *   09 01 05.53 +14 52 49.8   16.173    n.a.  2.03933698327401  37.8871374  156.5324 /L    7.5799   2.6608777   284.41241   30.006886         n.a.     n.a.
 2026-Jan-10 15:12 *   09 01 05.35 +14 52 50.4   16.173    n.a.  2.03935217632136  37.8871019  156.5339 /L    7.5794   2.6608690   284.41238   30.006759         n.a.     n.a.
 2026-Jan-10 15:13 *   09 01 05.17 +14 52 51.1   16.173    n.a.  2.03936736935492  37.8870688  156.5353 /L    7.5789   2.6608605   284.41234   30.006631         n.a.     n.a.
 2026-Jan-10 15:14 *   09 01 05.00 +14 52 51.8   16.173    n.a.  2.03938256237571  37.8870381  156.5367 /L    7.5784   2.6608522   284.41231   30.006503         n.a.     n.a.
 2026-Jan-10 15:15 *   09 01 04.82 +14 52 52.4   16.173    n.a.  2.03939775538464  37.8870099  156.5382 /L    7.5779   2.6608441   284.41227   30.006375         n.a.     n.a.
 2026-Jan-10 15:16 *   09 01 04.64 +14 52 53.1   16.173    n.a.  2.03941294838271  37.8869841  156.5396 /L    7.5774   2.6608362   284.41223   30.006247         n.a.     n.a.
 2026-Jan-10 15:17 *   09 01 04.46 +14 52 53.7   16.173    n.a.  2.03942814137093  37.8869609  156.5410 /L    7.5769   2.6608286   284.41219   30.006118         n.a.     n.a.
 2026-Jan-10 15:18 *   09 01 04.29 +14 52 54.4   16.173    n.a.  2.03944333435030  37.8869401  156.5425 /L    7.5764   2.6608211   284.41214   30.005990         n.a.     n.a.
 2026-Jan-10 15:19 *   09 01 04.11 +14 52 55.0   16.173    n.a.  2.03945852732183  37.8869219  156.5439 /L    7.5759   2.6608138   284.41210   30.005861         n.a.     n.a.
 2026-Jan-10 15:20 *   09 01 03.93 +14 52 55.7   16.173    n.a.  2.03947372028657  37.8869062  156.5453 /L    7.5754   2.6608067   284.41205   30.005731         n.a.     n.a.
 2026-Jan-10 15:21 *   09 01 03.75 +14 52 56.4   16.173    n.a.  2.03948891324549  37.8868931  156.5468 /L    7.5749   2.6607998   284.41200   30.005602         n.a.     n.a.
 2026-Jan-10 15:22 *   09 01 03.57 +14 52 57.0   16.174    n.a.  2.03950410619966  37.8868827  156.5482 /L    7.5744   2.6607931   284.41195   30.005473         n.a.     n.a.
 2026-Jan-10 15:23 *   09 01 03.40 +14 52 57.7   16.174    n.a.  2.03951929915013  37.8868748  156.5496 /L    7.5740   2.6607866   284.41190   30.005343         n.a.     n.a.
 2026-Jan-10 15:24 *   09 01 03.22 +14 52 58.3   16.174    n.a.  2.03953449209795  37.8868696  156.5511 /L    7.5735   2.6607803   284.41185   30.005213         n.a.     n.a.
 2026-Jan-10 15:25 *   09 01 03.04 +14 52 59.0   16.174    n.a.  2.03954968504420  37.8868670  156.5525 /L    7.5730   2.6607743   284.41179   30.005083         n.a.     n.a.
 2026-Jan-10 15:26 *   09 01 02.86 +14 52 59.6   16.174    n.a.  2.03956487798997  37.8868672  156.5539 /L    7.5725   2.6607684   284.41174   30.004954         n.a.     n.a.
 2026-Jan-10 15:27 *   09 01 02.69 +14 53 00.3   16.174    n.a.  2.03958007093629  37.8868700  156.5554 /L    7.5720   2.6607627   284.41168   30.004824         n.a.     n.a.
 2026-Jan-10 15:28 *   09 01 02.51 +14 53 01.0   16.174    n.a.  2.03959526388428  37.8868756  156.5568 /L    7.5715   2.6607572   284.41162   30.004694         n.a.     n.a.
 2026-Jan-10 15:29 *   09 01 02.33 +14 53 01.6   16.174    n.a.  2.03961045683505  37.8868840  156.5582 /L    7.5710   2.6607518   284.41155   30.004564         n.a.     n.a.
 2026-Jan-10 15:30 *   09 01 02.15 +14 53 02.3   16.174    n.a.  2.03962564978970  37.8868951  156.5597 /L    7.5705   2.6607467   284.41149   30.004434         n.a.     n.a.
 2026-Jan-10 15:31 *   09 01 01.97 +14 53 02.9   16.174    n.a.  2.03964084274935  37.8869091  156.5611 /L    7.5700   2.6607418   284.41142   30.004304         n.a.     n.a.
 2026-Jan-10 15:32 *   09 01 01.80 +14 53 03.6   16.174    n.a.  2.03965603571516  37.8869258  156.5625 /L    7.5695   2.6607371   284.41136   30.004174         n.a.     n.a.
 2026-Jan-10 15:33 *   09 01 01.62 +14 53 04.2   16.174    n.a.  2.03967122868821  37.8869454  156.5640 /L    7.5690   2.6607325   284.41129   30.004044         n.a.     n.a.
 2026-Jan-10 15:34 *   09 01 01.44 +14 53 04.9   16.174    n.a.  2.03968642166968  37.8869679  156.5654 /L    7.5685   2.6607282   284.41122   30.003914         n.a.     n.a.
 2026-Jan-10 15:35 *   09 01 01.26 +14 53 05.6   16.174    n.a.  2.03970161466070  37.8869933  156.5668 /L    7.5680   2.6607240   284.41114   30.003784         n.a.     n.a.
 2026-Jan-10 15:36 *   09 01 01.08 +14 53 06.2   16.174    n.a.  2.03971680766246  37.8870215  156.5683 /L    7.5675   2.6607201   284.41107   30.003655         n.a.     n.a.
 2026-Jan-10 15:37 *   09 01 00.91 +14 53 06.9   16.174    n.a.  2.03973200067612  37.8870527  156.5697 /L    7.5670   2.6607163   284.41099   30.003526         n.a.     n.a.
 2026-Jan-10 15:38 *   09 01 00.73 +14 53 07.5   16.174    n.a.  2.03974719370289  37.8870869  156.5712 /L    7.5665   2.6607127   284.41091   30.003396         n.a.     n.a.
 2026-Jan-10 15:39 *   09 01 00.55 +14 53 08.2   16.174    n.a.  2.03976238674389  37.8871240  156.5726 /L    7.5660   2.6607093   284.41083   30.003267         n.a.     n.a.
 2026-Jan-10 15:40 *   09 01 00.37 +14 53 08.8   16.174    n.a.  2.03977757980037  37.8871641  156.5740 /L    7.5655   2.6607061   284.41075   30.003138         n.a.     n.a.
 2026-Jan-10 15:41 *   09 01 00.20 +14 53 09.5   16.174    n.a.  2.03979277287351  37.8872073  156.5755 /L    7.5650   2.6607031   284.41067   30.003010         n.a.     n.a.
 2026-Jan-10 15:42 *   09 01 00.02 +14 53 10.2   16.174    n.a.  2.03980796596454  37.8872534  156.5769 /L    7.5645   2.6607003   284.41058   30.002881         n.a.     n.a.
 2026-Jan-10 15:43 *   09 00 59.84 +14 53 10.8   16.174    n.a.  2.03982315907468  37.8873027  156.5783 /L    7.5640   2.6606977   284.41050   30.002753         n.a.     n.a.
 2026-Jan-10 15:44 *   09 00 59.66 +14 53 11.5   16.174    n.a.  2.03983835220518  37.8873550  156.5798 /L    7.5636   2.6606952   284.41041   30.002626         n.a.     n.a.
 2026-Jan-10 15:45 *   09 00 59.48 +14 53 12.1   16.174    n.a.  2.03985354535724  37.8874104  156.5812 /L    7.5631   2.6606929   284.41032   30.002498         n.a.     n.a.
 2026-Jan-10 15:46 *   09 00 59.31 +14 53 12.8   16.174    n.a.  2.03986873853213  37.8874690  156.5826 /L    7.5626   2.6606908   284.41023   30.002371         n.a.     n.a.
 2026-Jan-10 15:47 *   09 00 59.13 +14 53 13.4   16.174    n.a.  2.03988393173110  37.8875307  156.5841 /L    7.5621   2.6606889   284.41013   30.002244         n.a.     n.a.
 2026-Jan-10 15:48 *   09 00 58.95 +14 53 14.1   16.174    n.a.  2.03989912495542  37.8875955  156.5855 /L    7.5616   2.6606872   284.41004   30.002117         n.a.     n.a.
 2026-Jan-10 15:49 *   09 00 58.77 +14 53 14.8   16.174    n.a.  2.03991431820636  37.8876636  156.5869 /L    7.5611   2.6606857   284.40994   30.001991         n.a.     n.a.
 2026-Jan-10 15:50 *   09 00 58.60 +14 53 15.4   16.174    n.a.  2.03992951148524  37.8877348  156.5884 /L    7.5606   2.6606843   284.40984   30.001866         n.a.     n.a.
 2026-Jan-10 15:51 *   09 00 58.42 +14 53 16.1   16.174    n.a.  2.03994470479329  37.8878093  156.5898 /L    7.5601   2.6606832   284.40974   30.001740         n.a.     n.a.
 2026-Jan-10 15:52 *   09 00 58.24 +14 53 16.7   16.174    n.a.  2.03995989813183  37.8878870  156.5912 /L    7.5596   2.6606822   284.40964   30.001615         n.a.     n.a.
 2026-Jan-10 15:53 *   09 00 58.06 +14 53 17.4   16.174    n.a.  2.03997509150217  37.8879680  156.5927 /L    7.5591   2.6606814   284.40953   30.001491         n.a.     n.a.
 2026-Jan-10 15:54 *   09 00 57.88 +14 53 18.0   16.174    n.a.  2.03999028490562  37.8880523  156.5941 /L    7.5586   2.6606808   284.40943   30.001367         n.a.     n.a.
 2026-Jan-10 15:55 *   09 00 57.71 +14 53 18.7   16.175    n.a.  2.04000547834351  37.8881399  156.5955 /L    7.5581   2.6606803   284.40932   30.001244         n.a.     n.a.
 2026-Jan-10 15:56 *   09 00 57.53 +14 53 19.4   16.175    n.a.  2.04002067181721  37.8882308  156.5970 /L    7.5576   2.6606801   284.40921   30.001121         n.a.     n.a.
 2026-Jan-10 15:57 *   09 00 57.35 +14 53 20.0   16.175    n.a.  2.04003586532798  37.8883251  156.5984 /L    7.5571   2.6606800   284.40910   30.000998         n.a.     n.a.
 2026-Jan-10 15:58 *   09 00 57.17 +14 53 20.7   16.175    n.a.  2.04005105887722  37.8884227  156.5999 /L    7.5566   2.6606800   284.40898   30.000876         n.a.     n.a.
 2026-Jan-10 15:59 *   09 00 56.99 +14 53 21.3   16.175    n.a.  2.04006625246626  37.8885238  156.6013 /L    7.5561   2.6606803   284.40887   30.000755         n.a.     n.a.
 2026-Jan-10 16:00 *   09 00 56.82 +14 53 22.0   16.175    n.a.  2.04008144609648  37.8886282  156.6027 /L    7.5556   2.6606808   284.40875   30.000635         n.a.     n.a.
 2026-Jan-10 16:01 *   09 00 56.64 +14 53 22.6   16.175    n.a.  2.04009663976926  37.8887361  156.6042 /L    7.5551   2.6606814   284.40863   30.000514         n.a.     n.a.
 2026-Jan-10 16:02 *   09 00 56.46 +14 53 23.3   16.175    n.a.  2.04011183348599  37.8888474  156.6056 /L    7.5546   2.6606822   284.40851   30.000395         n.a.     n.a.
 2026-Jan-10 16:03 *   09 00 56.28 +14 53 24.0   16.175    n.a.  2.04012702724801  37.8889623  156.6070 /L    7.5541   2.6606831   284.40839   30.000276         n.a.     n.a.
 2026-Jan-10 16:04 *   09 00 56.11 +14 53 24.6   16.175    n.a.  2.04014222105675  37.8890806  156.6085 /L    7.5536   2.6606843   284.40826   30.000158         n.a.     n.a.
 2026-Jan-10 16:05 *   09 00 55.93 +14 53 25.3   16.175    n.a.  2.04015741491360  37.8892024  156.6099 /L    7.5532   2.6606856   284.40814   30.000041         n.a.     n.a.
 2026-Jan-10 16:06 *   09 00 55.75 +14 53 25.9   16.175    n.a.  2.04017260881999  37.8893277  156.6113 /L    7.5527   2.6606871   284.40801   29.999924         n.a.     n.a.
 2026-Jan-10 16:07 *   09 00 55.57 +14 53 26.6   16.175    n.a.  2.04018780277732  37.8894566  156.6128 /L    7.5522   2.6606887   284.40788   29.999808         n.a.     n.a.
 2026-Jan-10 16:08 *   09 00 55.39 +14 53 27.2   16.175    n.a.  2.04020299678707  37.8895891  156.6142 /L    7.5517   2.6606905   284.40775   29.999693         n.a.     n.a.
 2026-Jan-10 16:09 *   09 00 55.22 +14 53 27.9   16.175    n.a.  2.04021819085060  37.8897251  156.6156 /L    7.5512   2.6606925   284.40762   29.999578         n.a.     n.a.
 2026-Jan-10 16:10 *   09 00 55.04 +14 53 28.6   16.175    n.a.  2.04023338496938  37.8898648  156.6171 /L    7.5507   2.6606947   284.40748   29.999465         n.a.     n.a.
 2026-Jan-10 16:11 *   09 00 54.86 +14 53 29.2   16.175    n.a.  2.04024857914488  37.8900081  156.6185 /L    7.5502   2.6606970   284.40735   29.999352         n.a.     n.a.
 2026-Jan-10 16:12 *   09 00 54.68 +14 53 29.9   16.175    n.a.  2.04026377337854  37.8901550  156.6200 /L    7.5497   2.6606995   284.40721   29.999240         n.a.     n.a.
 2026-Jan-10 16:13 *   09 00 54.50 +14 53 30.5   16.175    n.a.  2.04027896767184  37.8903056  156.6214 /L    7.5492   2.6607022   284.40707   29.999129         n.a.     n.a.
 2026-Jan-10 16:14 *   09 00 54.33 +14 53 31.2   16.175    n.a.  2.04029416202628  37.8904599  156.6228 /L    7.5487   2.6607050   284.40692   29.999018         n.a.     n.a.
 2026-Jan-10 16:15 C   09 00 54.15 +14 53 31.8   16.175    n.a.  2.04030935644328  37.8906179  156.6243 /L    7.5482   2.6607080   284.40678   29.998909         n.a.     n.a.
 2026-Jan-10 16:16 C   09 00 53.97 +14 53 32.5   16.175    n.a.  2.04032455092436  37.8907796  156.6257 /L    7.5477   2.6607112   284.40663   29.998800         n.a.     n.a.
 2026-Jan-10 16:17 C   09 00 53.79 +14 53 33.2   16.175    n.a.  2.04033974547102  37.8909451  156.6271 /L    7.5472   2.6607145   284.40649   29.998693         n.a.     n.a.
 2026-Jan-10 16:18 C   09 00 53.62 +14 53 33.8   16.175    n.a.  2.04035494008477  37.8911143  156.6286 /L    7.5467   2.6607180   284.40634   29.998586         n.a.     n.a.
 2026-Jan-10 16:19 C   09 00 53.44 +14 53 34.5   16.175    n.a.  2.04037013476712  37.8912873  156.6300 /L    7.5462   2.6607217   284.40619   29.998480         n.a.     n.a.
 2026-Jan-10 16:20 C   09 00 53.26 +14 53 35.1   16.175    n.a.  2.04038532951961  37.8914641  156.6314 /L    7.5457   2.6607255   284.40603   29.998375         n.a.     n.a.
 2026-Jan-10 16:21 C   09 00 53.08 +14 53 35.8   16.175    n.a.  2.04040052434372  37.8916448  156.6329 /L    7.5452   2.6607294   284.40588   29.998272         n.a.     n.a.
 2026-Jan-10 16:22 C   09 00 52.90 +14 53 36.4   16.175    n.a.  2.04041571924101  37.8918292  156.6343 /L    7.5447   2.6607336   284.40572   29.998169         n.a.     n.a.
 2026-Jan-10 16:23 C   09 00 52.73 +14 53 37.1   16.175    n.a.  2.04043091421303  37.8920176  156.6357 /L    7.5442   2.6607379   284.40556   29.998067         n.a.     n.a.
 2026-Jan-10 16:24 C   09 00 52.55 +14 53 37.8   16.175    n.a.  2.04044610926132  37.8922098  156.6372 /L    7.5437   2.6607423   284.40540   29.997967         n.a.     n.a.
 2026-Jan-10 16:25 C   09 00 52.37 +14 53 38.4   16.175    n.a.  2.04046130438744  37.8924059  156.6386 /L    7.5432   2.6607470   284.40524   29.997867         n.a.     n.a.
 2026-Jan-10 16:26 C   09 00 52.19 +14 53 39.1   16.175    n.a.  2.04047649959299  37.8926059  156.6401 /L    7.5428   2.6607517   284.40508   29.997768         n.a.     n.a.
 2026-Jan-10 16:27 C   09 00 52.02 +14 53 39.7   16.175    n.a.  2.04049169487948  37.8928098  156.6415 /L    7.5423   2.6607567   284.40491   29.997671         n.a.     n.a.
 2026-Jan-10 16:28 C   09 00 51.84 +14 53 40.4   16.176    n.a.  2.04050689024852  37.8930177  156.6429 /L    7.5418   2.6607617   284.40475   29.997575         n.a.     n.a.
 2026-Jan-10 16:29 C   09 00 51.66 +14 53 41.0   16.176    n.a.  2.04052208570169  37.8932296  156.6444 /L    7.5413   2.6607670   284.40458   29.997480         n.a.     n.a.
 2026-Jan-10 16:30 C   09 00 51.48 +14 53 41.7   16.176    n.a.  2.04053728124059  37.8934454  156.6458 /L    7.5408   2.6607724   284.40441   29.997386         n.a.     n.a.
 2026-Jan-10 16:31 C   09 00 51.30 +14 53 42.4   16.176    n.a.  2.04055247686683  37.8936652  156.6472 /L    7.5403   2.6607779   284.40423   29.997293         n.a.     n.a.
 2026-Jan-10 16:32 C   09 00 51.13 +14 53 43.0   16.176    n.a.  2.04056767258203  37.8938891  156.6487 /L    7.5398   2.6607836   284.40406   29.997201         n.a.     n.a.
 2026-Jan-10 16:33 C   09 00 50.95 +14 53 43.7   16.176    n.a.  2.04058286838776  37.8941170  156.6501 /L    7.5393   2.6607895   284.40388   29.997111         n.a.     n.a.
 2026-Jan-10 16:34 C   09 00 50.77 +14 53 44.3   16.176    n.a.  2.04059806428567  37.8943489  156.6515 /L    7.5388   2.6607955   284.40371   29.997022         n.a.     n.a.
 2026-Jan-10 16:35 C   09 00 50.59 +14 53 45.0   16.176    n.a.  2.04061326027739  37.8945850  156.6530 /L    7.5383   2.6608016   284.40353   29.996934         n.a.     n.a.
 2026-Jan-10 16:36 C   09 00 50.41 +14 53 45.6   16.176    n.a.  2.04062845636455  37.8948251  156.6544 /L    7.5378   2.6608079   284.40334   29.996848         n.a.     n.a.
 2026-Jan-10 16:37 C   09 00 50.24 +14 53 46.3   16.176    n.a.  2.04064365254880  37.8950693  156.6559 /L    7.5373   2.6608144   284.40316   29.996762         n.a.     n.a.
 2026-Jan-10 16:38 C   09 00 50.06 +14 53 46.9   16.176    n.a.  2.04065884883183  37.8953177  156.6573 /L    7.5368   2.6608210   284.40297   29.996679         n.a.     n.a.
 2026-Jan-10 16:39 C   09 00 49.88 +14 53 47.6   16.176    n.a.  2.04067404521522  37.8955702  156.6587 /L    7.5363   2.6608278   284.40279   29.996596         n.a.     n.a.
 2026-Jan-10 16:40 C   09 00 49.70 +14 53 48.3   16.176    n.a.  2.04068924170067  37.8958268  156.6602 /L    7.5358   2.6608347   284.40260   29.996515         n.a.     n.a.
 2026-Jan-10 16:41 C   09 00 49.53 +14 53 48.9   16.176    n.a.  2.04070443828986  37.8960876  156.6616 /L    7.5353   2.6608417   284.40241   29.996435         n.a.     n.a.
 2026-Jan-10 16:42 C   09 00 49.35 +14 53 49.6   16.176    n.a.  2.04071963498447  37.8963527  156.6630 /L    7.5348   2.6608489   284.40222   29.996356         n.a.     n.a.
 2026-Jan-10 16:43 C   09 00 49.17 +14 53 50.2   16.176    n.a.  2.04073483178617  37.8966219  156.6645 /L    7.5343   2.6608562   284.40202   29.996279         n.a.     n.a.
 2026-Jan-10 16:44 C   09 00 48.99 +14 53 50.9   16.176    n.a.  2.04075002869670  37.8968954  156.6659 /L    7.5338   2.6608637   284.40183   29.996204         n.a.     n.a.
 2026-Jan-10 16:45 C   09 00 48.81 +14 53 51.5   16.176    n.a.  2.04076522571768  37.8971731  156.6673 /L    7.5333   2.6608713   284.40163   29.996130         n.a.     n.a.
 2026-Jan-10 16:46 C   09 00 48.64 +14 53 52.2   16.176    n.a.  2.04078042285087  37.8974551  156.6688 /L    7.5328   2.6608791   284.40143   29.996057         n.a.     n.a.
 2026-Jan-10 16:47 C   09 00 48.46 +14 53 52.9   16.176    n.a.  2.04079562009796  37.8977413  156.6702 /L    7.5323   2.6608870   284.40123   29.995986         n.a.     n.a.
 2026-Jan-10 16:48 C   09 00 48.28 +14 53 53.5   16.176    n.a.  2.04081081746068  37.8980319  156.6717 /L    7.5319   2.6608950   284.40102   29.995916         n.a.     n.a.
 2026-Jan-10 16:49 C   09 00 48.10 +14 53 54.2   16.176    n.a.  2.04082601494076  37.8983267  156.6731 /L    7.5314   2.6609032   284.40082   29.995848         n.a.     n.a.
 2026-Jan-10 16:50 C   09 00 47.92 +14 53 54.8   16.176    n.a.  2.04084121253995  37.8986259  156.6745 /L    7.5309   2.6609115   284.40061   29.995781         n.a.     n.a.
 2026-Jan-10 16:51 C   09 00 47.75 +14 53 55.5   16.176    n.a.  2.04085641025994  37.8989295  156.6760 /L    7.5304   2.6609200   284.40040   29.995716         n.a.     n.a.
 2026-Jan-10 16:52 N   09 00 47.57 +14 53 56.1   16.176    n.a.  2.04087160810250  37.8992374  156.6774 /L    7.5299   2.6609286   284.40019   29.995652         n.a.     n.a.
 2026-Jan-10 16:53 N   09 00 47.39 +14 53 56.8   16.176    n.a.  2.04088680606938  37.8995496  156.6788 /L    7.5294   2.6609373   284.39998   29.995590         n.a.     n.a.
 2026-Jan-10 16:54 N   09 00 47.21 +14 53 57.5   16.176    n.a.  2.04090200416234  37.8998663  156.6803 /L    7.5289   2.6609462   284.39977   29.995530         n.a.     n.a.
 2026-Jan-10 16:55 N   09 00 47.04 +14 53 58.1   16.176    n.a.  2.04091720238315  37.9001874  156.6817 /L    7.5284   2.6609552   284.39955   29.995471         n.a.     n.a.
 2026-Jan-10 16:56 N   09 00 46.86 +14 53 58.8   16.176    n.a.  2.04093240073361  37.9005129  156.6831 /L    7.5279   2.6609643   284.39933   29.995414         n.a.     n.a.
 2026-Jan-10 16:57 N   09 00 46.68 +14 53 59.4   16.176    n.a.  2.04094759921544  37.9008428  156.6846 /L    7.5274   2.6609736   284.39911   29.995359         n.a.     n.a.
 2026-Jan-10 16:58 N   09 00 46.50 +14 54 00.1   16.176    n.a.  2.04096279783044  37.9011772  156.6860 /L    7.5269   2.6609830   284.39889   29.995305         n.a.     n.a.
 2026-Jan-10 16:59 N   09 00 46.32 +14 54 00.7   16.176    n.a.  2.04097799658042  37.9015161  156.6875 /L    7.5264   2.6609925   284.39867   29.995253         n.a.     n.a.
 2026-Jan-10 17:00 N   09 00 46.15 +14 54 01.4   16.177    n.a.  2.04099319546716  37.9018595  156.6889 /L    7.5259   2.6610022   284.39844   29.995203         n.a.     n.a.
 2026-Jan-10 17:01 N   09 00 45.97 +14 54 02.1   16.177    n.a.  2.04100839449248  37.9022073  156.6903 /L    7.5254   2.6610120   284.39822   29.995154         n.a.     n.a.
 2026-Jan-10 17:02 N   09 00 45.79 +14 54 02.7   16.177    n.a.  2.04102359365820  37.9025597  156.6918 /L    7.5249   2.6610219   284.39799   29.995108         n.a.     n.a.
 2026-Jan-10 17:03 N   09 00 45.61 +14 54 03.4   16.177    n.a.  2.04103879296608  37.9029166  156.6932 /L    7.5244   2.6610319   284.39776   29.995063         n.a.     n.a.
 2026-Jan-10 17:04 N   09 00 45.43 +14 54 04.0   16.177    n.a.  2.04105399241799  37.9032781  156.6946 /L    7.5239   2.6610421   284.39753   29.995019         n.a.     n.a.
 2026-Jan-10 17:05 N   09 00 45.26 +14 54 04.7   16.177    n.a.  2.04106919201573  37.9036441  156.6961 /L    7.5234   2.6610524   284.39729   29.994978         n.a.     n.a.
 2026-Jan-10 17:06 N   09 00 45.08 +14 54 05.3   16.177    n.a.  2.04108439176115  37.9040147  156.6975 /L    7.5229   2.6610628   284.39706   29.994938         n.a.     n.a.
 2026-Jan-10 17:07 N   09 00 44.90 +14 54 06.0   16.177    n.a.  2.04109959165609  37.9043899  156.6990 /L    7.5224   2.6610734   284.39682   29.994901         n.a.     n.a.
 2026-Jan-10 17:08 N   09 00 44.72 +14 54 06.7   16.177    n.a.  2.04111479170242  37.9047698  156.7004 /L    7.5219   2.6610841   284.39658   29.994865         n.a.     n.a.
 2026-Jan-10 17:09 N   09 00 44.55 +14 54 07.3   16.177    n.a.  2.04112999190193  37.9051542  156.7018 /L    7.5214   2.6610949   284.39634   29.994831         n.a.     n.a.
 2026-Jan-10 17:10 N   09 00 44.37 +14 54 08.0   16.177    n.a.  2.04114519225651  37.9055433  156.7033 /L    7.5210   2.6611058   284.39610   29.994799         n.a.     n.a.
 2026-Jan-10 17:11 N   09 00 44.19 +14 54 08.6   16.177    n.a.  2.04116039276803  37.9059370  156.7047 /L    7.5205   2.6611168   284.39586   29.994769         n.a.     n.a.
 2026-Jan-10 17:12 N   09 00 44.01 +14 54 09.3   16.177    n.a.  2.04117559343834  37.9063354  156.7061 /L    7.5200   2.6611280   284.39561   29.994740         n.a.     n.a.
 2026-Jan-10 17:13 N   09 00 43.83 +14 54 09.9   16.177    n.a.  2.04119079426934  37.9067385  156.7076 /L    7.5195   2.6611392   284.39536   29.994714         n.a.     n.a.
 2026-Jan-10 17:14 N   09 00 43.66 +14 54 10.6   16.177    n.a.  2.04120599526292  37.9071463  156.7090 /L    7.5190   2.6611506   284.39511   29.994690         n.a.     n.a.
 2026-Jan-10 17:15 N   09 00 43.48 +14 54 11.2   16.177    n.a.  2.04122119642092  37.9075588  156.7105 /L    7.5185   2.6611622   284.39486   29.994667         n.a.     n.a.
 2026-Jan-10 17:16 N   09 00 43.30 +14 54 11.9   16.177    n.a.  2.04123639774525  37.9079760  156.7119 /L    7.5180   2.6611738   284.39461   29.994647         n.a.     n.a.
 2026-Jan-10 17:17 N   09 00 43.12 +14 54 12.6   16.177    n.a.  2.04125159923782  37.9083979  156.7133 /L    7.5175   2.6611855   284.39435   29.994629         n.a.     n.a.
 2026-Jan-10 17:18 N   09 00 42.94 +14 54 13.2   16.177    n.a.  2.04126680090053  37.9088246  156.7148 /L    7.5170   2.6611974   284.39410   29.994612         n.a.     n.a.
 2026-Jan-10 17:19 N   09 00 42.77 +14 54 13.9   16.177    n.a.  2.04128200273528  37.9092561  156.7162 /L    7.5165   2.6612094   284.39384   29.994598         n.a.     n.a.
 2026-Jan-10 17:20 N   09 00 42.59 +14 54 14.5   16.177    n.a.  2.04129720474399  37.9096924  156.7176 /L    7.5160   2.6612215   284.39358   29.994586         n.a.     n.a.
 2026-Jan-10 17:21 N   09 00 42.41 +14 54 15.2   16.177    n.a.  2.04131240692862  37.9101334  156.7191 /L    7.5155   2.6612337   284.39331   29.994576         n.a.     n.a.
 2026-Jan-10 17:22 N   09 00 42.23 +14 54 15.8   16.177    n.a.  2.04132760929102  37.9105793  156.7205 /L    7.5150   2.6612460   284.39305   29.994568         n.a.     n.a.
 2026-Jan-10 17:23 N   09 00 42.05 +14 54 16.5   16.177    n.a.  2.04134281183316  37.9110300  156.7220 /L    7.5145   2.6612584   284.39279   29.994562         n.a.     n.a.
 2026-Jan-10 17:24 N   09 00 41.88 +14 54 17.2   16.177    n.a.  2.04135801455697  37.9114855  156.7234 /L    7.5140   2.6612709   284.39252   29.994559         n.a.     n.a.
 2026-Jan-10 17:25 N   09 00 41.70 +14 54 17.8   16.177    n.a.  2.04137321746440  37.9119459  156.7248 /L    7.5135   2.6612836   284.39225   29.994557         n.a.     n.a.
 2026-Jan-10 17:26 N   09 00 41.52 +14 54 18.5   16.177    n.a.  2.04138842055739  37.9124111  156.7263 /L    7.5130   2.6612963   284.39198   29.994558         n.a.     n.a.
 2026-Jan-10 17:27 N   09 00 41.34 +14 54 19.1   16.177    n.a.  2.04140362383792  37.9128812  156.7277 /L    7.5125   2.6613092   284.39171   29.994560         n.a.     n.a.
 2026-Jan-10 17:28 N   09 00 41.17 +14 54 19.8   16.177    n.a.  2.04141882730790  37.9133562  156.7291 /L    7.5120   2.6613221   284.39143   29.994565         n.a.     n.a.
 2026-Jan-10 17:29 N   09 00 40.99 +14 54 20.4   16.177    n.a.  2.04143403096931  37.9138361  156.7306 /L    7.5115   2.6613352   284.39116   29.994573         n.a.     n.a.
 2026-Jan-10 17:30 N   09 00 40.81 +14 54 21.1   16.177    n.a.  2.04144923482412  37.9143209  156.7320 /L    7.5110   2.6613483   284.39088   29.994582         n.a.     n.a.
 2026-Jan-10 17:31 A   09 00 40.63 +14 54 21.8   16.177    n.a.  2.04146443887431  37.9148106  156.7335 /L    7.5105   2.6613616   284.39060   29.994594         n.a.     n.a.
 2026-Jan-10 17:32 A   09 00 40.45 +14 54 22.4   16.177    n.a.  2.04147964312186  37.9153053  156.7349 /L    7.5100   2.6613750   284.39032   29.994608         n.a.     n.a.
 2026-Jan-10 17:33 A   09 00 40.28 +14 54 23.1   16.178    n.a.  2.04149484756877  37.9158049  156.7363 /L    7.5096   2.6613885   284.39003   29.994624         n.a.     n.a.
 2026-Jan-10 17:34 A   09 00 40.10 +14 54 23.7   16.178    n.a.  2.04151005221698  37.9163095  156.7378 /L    7.5091   2.6614020   284.38975   29.994643         n.a.     n.a.
 2026-Jan-10 17:35 A   09 00 39.92 +14 54 24.4   16.178    n.a.  2.04152525706850  37.9168191  156.7392 /L    7.5086   2.6614157   284.38946   29.994664         n.a.     n.a.
 2026-Jan-10 17:36 A   09 00 39.74 +14 54 25.0   16.178    n.a.  2.04154046212535  37.9173336  156.7407 /L    7.5081   2.6614295   284.38918   29.994687         n.a.     n.a.
 2026-Jan-10 17:37 A   09 00 39.56 +14 54 25.7   16.178    n.a.  2.04155566738951  37.9178532  156.7421 /L    7.5076   2.6614433   284.38889   29.994713         n.a.     n.a.
 2026-Jan-10 17:38 A   09 00 39.39 +14 54 26.3   16.178    n.a.  2.04157087286300  37.9183777  156.7435 /L    7.5071   2.6614573   284.38859   29.994741         n.a.     n.a.
 2026-Jan-10 17:39 A   09 00 39.21 +14 54 27.0   16.178    n.a.  2.04158607854786  37.9189073  156.7450 /L    7.5066   2.6614714   284.38830   29.994772         n.a.     n.a.
 2026-Jan-10 17:40 A   09 00 39.03 +14 54 27.7   16.178    n.a.  2.04160128444605  37.9194420  156.7464 /L    7.5061   2.6614855   284.38801   29.994804         n.a.     n.a.
 2026-Jan-10 17:41 A   09 00 38.85 +14 54 28.3   16.178    n.a.  2.04161649055962  37.9199816  156.7478 /L    7.5056   2.6614998   284.38771   29.994840         n.a.     n.a.
 2026-Jan-10 17:42 A   09 00 38.67 +14 54 29.0   16.178    n.a.  2.04163169689060  37.9205264  156.7493 /L    7.5051   2.6615141   284.38741   29.994877         n.a.     n.a.
 2026-Jan-10 17:43 A   09 00 38.50 +14 54 29.6   16.178    n.a.  2.04164690344102  37.9210762  156.7507 /L    7.5046   2.6615285   284.38711   29.994918         n.a.     n.a.
 2026-Jan-10 17:44 A   09 00 38.32 +14 54 30.3   16.178    n.a.  2.04166211021291  37.9216311  156.7522 /L    7.5041   2.6615431   284.38681   29.994960         n.a.     n.a.
 2026-Jan-10 17:45 A   09 00 38.14 +14 54 30.9   16.178    n.a.  2.04167731720835  37.9221911  156.7536 /L    7.5036   2.6615577   284.38651   29.995005         n.a.     n.a.
 2026-Jan-10 17:46 A   09 00 37.96 +14 54 31.6   16.178    n.a.  2.04169252442932  37.9227562  156.7550 /L    7.5031   2.6615724   284.38620   29.995053         n.a.     n.a.
 2026-Jan-10 17:47 A   09 00 37.78 +14 54 32.3   16.178    n.a.  2.04170773187791  37.9233264  156.7565 /L    7.5026   2.6615872   284.38589   29.995103         n.a.     n.a.
 2026-Jan-10 17:48 A   09 00 37.61 +14 54 32.9   16.178    n.a.  2.04172293955616  37.9239017  156.7579 /L    7.5021   2.6616021   284.38558   29.995156         n.a.     n.a.
 2026-Jan-10 17:49 A   09 00 37.43 +14 54 33.6   16.178    n.a.  2.04173814746613  37.9244822  156.7594 /L    7.5016   2.6616170   284.38527   29.995211         n.a.     n.a.
 2026-Jan-10 17:50 A   09 00 37.25 +14 54 34.2   16.178    n.a.  2.04175335560990  37.9250679  156.7608 /L    7.5011   2.6616321   284.38496   29.995269         n.a.     n.a.
 2026-Jan-10 17:51 A   09 00 37.07 +14 54 34.9   16.178    n.a.  2.04176856398955  37.9256587  156.7622 /L    7.5006   2.6616472   284.38465   29.995329         n.a.     n.a.
 2026-Jan-10 17:52 A   09 00 36.90 +14 54 35.5   16.178    n.a.  2.04178377260710  37.9262546  156.7637 /L    7.5001   2.6616624   284.38433   29.995392         n.a.     n.a.
 2026-Jan-10 17:53 A   09 00 36.72 +14 54 36.2   16.178    n.a.  2.04179898146465  37.9268558  156.7651 /L    7.4996   2.6616777   284.38402   29.995458         n.a.     n.a.
 2026-Jan-10 17:54 A   09 00 36.54 +14 54 36.8   16.178    n.a.  2.04181419056429  37.9274621  156.7665 /L    7.4991   2.6616931   284.38370   29.995526         n.a.     n.a.
 2026-Jan-10 17:55 A   09 00 36.36 +14 54 37.5   16.178    n.a.  2.04182939990810  37.9280737  156.7680 /L    7.4986   2.6617086   284.38338   29.995597         n.a.     n.a.
 2026-Jan-10 17:56 A   09 00 36.18 +14 54 38.2   16.178    n.a.  2.04184460949817  37.9286904  156.7694 /L    7.4981   2.6617241   284.38306   29.995671         n.a.     n.a.
 2026-Jan-10 17:57 A   09 00 36.01 +14 54 38.8   16.178    n.a.  2.04185981933662  37.9293124  156.7709 /L    7.4977   2.6617397   284.38273   29.995747         n.a.     n.a.
 2026-Jan-10 17:58 A   09 00 35.83 +14 54 39.5   16.178    n.a.  2.04187502942548  37.9299397  156.7723 /L    7.4972   2.6617554   284.38241   29.995826         n.a.     n.a.
 2026-Jan-10 17:59 A   09 00 35.65 +14 54 40.1   16.178    n.a.  2.04189023976690  37.9305721  156.7737 /L    7.4967   2.6617712   284.38208   29.995907         n.a.     n.a.
 2026-Jan-10 18:00 A   09 00 35.47 +14 54 40.8   16.178    n.a.  2.04190545036298  37.9312098  156.7752 /L    7.4962   2.6617871   284.38175   29.995992         n.a.     n.a.
 2026-Jan-10 18:01 A   09 00 35.29 +14 54 41.4   16.178    n.a.  2.04192066121581  37.9318528  156.7766 /L    7.4957   2.6618030   284.38142   29.996079         n.a.     n.a.
 2026-Jan-10 18:02 A   09 00 35.12 +14 54 42.1   16.178    n.a.  2.04193587232753  37.9325011  156.7781 /L    7.4952   2.6618190   284.38109   29.996169         n.a.     n.a.
 2026-Jan-10 18:03 A   09 00 34.94 +14 54 42.8   16.178    n.a.  2.04195108370026  37.9331546  156.7795 /L    7.4947   2.6618351   284.38075   29.996261         n.a.     n.a.
 2026-Jan-10 18:04 A   09 00 34.76 +14 54 43.4   16.178    n.a.  2.04196629533609  37.9338135  156.7809 /L    7.4942   2.6618512   284.38042   29.996357         n.a.     n.a.
 2026-Jan-10 18:05 A   09 00 34.58 +14 54 44.1   16.178    n.a.  2.04198150723715  37.9344776  156.7824 /L    7.4937   2.6618674   284.38008   29.996455         n.a.     n.a.
 2026-Jan-10 18:06 A   09 00 34.40 +14 54 44.7   16.179    n.a.  2.04199671940557  37.9351471  156.7838 /L    7.4932   2.6618837   284.37974   29.996556         n.a.     n.a.
 2026-Jan-10 18:07 A   09 00 34.23 +14 54 45.4   16.179    n.a.  2.04201193184350  37.9358218  156.7853 /L    7.4927   2.6619001   284.37940   29.996660         n.a.     n.a.
 2026-Jan-10 18:08 A   09 00 34.05 +14 54 46.0   16.179    n.a.  2.04202714455306  37.9365019  156.7867 /L    7.4922   2.6619165   284.37906   29.996766         n.a.     n.a.
 2026-Jan-10 18:09     09 00 33.87 +14 54 46.7   16.179    n.a.  2.04204235753643  37.9371874  156.7881 /L    7.4917   2.6619330   284.37872   29.996876         n.a.     n.a.
 2026-Jan-10 18:10     09 00 33.69 +14 54 47.3   16.179    n.a.  2.04205757079568  37.9378782  156.7896 /L    7.4912   2.6619495   284.37837   29.996988         n.a.     n.a.
 2026-Jan-10 18:11     09 00 33.51 +14 54 48.0   16.179    n.a.  2.04207278433299  37.9385743  156.7910 /L    7.4907   2.6619661   284.37802   29.997104         n.a.     n.a.
 2026-Jan-10 18:12     09 00 33.34 +14 54 48.7   16.179    n.a.  2.04208799815052  37.9392758  156.7924 /L    7.4902   2.6619828   284.37768   29.997222         n.a.     n.a.
 2026-Jan-10 18:13     09 00 33.16 +14 54 49.3   16.179    n.a.  2.04210321225041  37.9399827  156.7939 /L    7.4897   2.6619996   284.37733   29.997343         n.a.     n.a.
 2026-Jan-10 18:14     09 00 32.98 +14 54 50.0   16.179    n.a.  2.04211842663482  37.9406950  156.7953 /L    7.4892   2.6620164   284.37697   29.997467         n.a.     n.a.
 2026-Jan-10 18:15     09 00 32.80 +14 54 50.6   16.179    n.a.  2.04213364130595  37.9414126  156.7968 /L    7.4887   2.6620332   284.37662   29.997594         n.a.     n.a.
 2026-Jan-10 18:16     09 00 32.62 +14 54 51.3   16.179    n.a.  2.04214885626589  37.9421357  156.7982 /L    7.4882   2.6620502   284.37627   29.997724         n.a.     n.a.
 2026-Jan-10 18:17     09 00 32.45 +14 54 51.9   16.179    n.a.  2.04216407151685  37.9428642  156.7996 /L    7.4877   2.6620672   284.37591   29.997857         n.a.     n.a.
 2026-Jan-10 18:18  r  09 00 32.27 +14 54 52.6   16.179    n.a.  2.04217928706098  37.9435980  156.8011 /L    7.4872   2.6620842   284.37555   29.997993         n.a.     n.a.
 2026-Jan-10 18:19     09 00 32.09 +14 54 53.3   16.179    n.a.  2.04219450290048  37.9443373  156.8025 /L    7.4867   2.6621013   284.37519   29.998132         n.a.     n.a.
 2026-Jan-10 18:20     09 00 31.91 +14 54 53.9   16.179    n.a.  2.04220971903750  37.9450821  156.8040 /L    7.4862   2.6621185   284.37483   29.998274         n.a.     n.a.
 2026-Jan-10 18:21     09 00 31.73 +14 54 54.6   16.179    n.a.  2.04222493547427  37.9458322  156.8054 /L    7.4858   2.6621357   284.37447   29.998419         n.a.     n.a.
 2026-Jan-10 18:22     09 00 31.56 +14 54 55.2   16.179    n.a.  2.04224015221290  37.9465879  156.8068 /L    7.4853   2.6621530   284.37410   29.998567         n.a.     n.a.
 2026-Jan-10 18:23     09 00 31.38 +14 54 55.9   16.179    n.a.  2.04225536925562  37.9473489  156.8083 /L    7.4848   2.6621703   284.37374   29.998718         n.a.     n.a.
 2026-Jan-10 18:24     09 00 31.20 +14 54 56.5   16.179    n.a.  2.04227058660460  37.9481155  156.8097 /L    7.4843   2.6621876   284.37337   29.998872         n.a.     n.a.
 2026-Jan-10 18:25     09 00 31.02 +14 54 57.2   16.179    n.a.  2.04228580426204  37.9488875  156.8112 /L    7.4838   2.6622051   284.37300   29.999029         n.a.     n.a.
 2026-Jan-10 18:26     09 00 30.84 +14 54 57.8   16.179    n.a.  2.04230102223013  37.9496649  156.8126 /L    7.4833   2.6622225   284.37263   29.999190         n.a.     n.a.
 2026-Jan-10 18:27     09 00 30.67 +14 54 58.5   16.179    n.a.  2.04231624051111  37.9504479  156.8140 /L    7.4828   2.6622401   284.37225   29.999353         n.a.     n.a.
 2026-Jan-10 18:28     09 00 30.49 +14 54 59.2   16.179    n.a.  2.04233145910711  37.9512364  156.8155 /L    7.4823   2.6622576   284.37188   29.999520         n.a.     n.a.
 2026-Jan-10 18:29     09 00 30.31 +14 54 59.8   16.179    n.a.  2.04234667802036  37.9520303  156.8169 /L    7.4818   2.6622753   284.37151   29.999690         n.a.     n.a.
 2026-Jan-10 18:30     09 00 30.13 +14 55 00.5   16.179    n.a.  2.04236189725307  37.9528298  156.8184 /L    7.4813   2.6622929   284.37113   29.999862         n.a.     n.a.
 2026-Jan-10 18:31     09 00 29.95 +14 55 01.1   16.179    n.a.  2.04237711680746  37.9536347  156.8198 /L    7.4808   2.6623106   284.37075   30.000039         n.a.     n.a.
 2026-Jan-10 18:32     09 00 29.78 +14 55 01.8   16.179    n.a.  2.04239233668572  37.9544452  156.8212 /L    7.4803   2.6623284   284.37037   30.000218         n.a.     n.a.
 2026-Jan-10 18:33     09 00 29.60 +14 55 02.4   16.179    n.a.  2.04240755689011  37.9552612  156.8227 /L    7.4798   2.6623462   284.36999   30.000400         n.a.     n.a.
 2026-Jan-10 18:34     09 00 29.42 +14 55 03.1   16.179    n.a.  2.04242277742277  37.9560827  156.8241 /L    7.4793   2.6623640   284.36960   30.000586         n.a.     n.a.
 2026-Jan-10 18:35     09 00 29.24 +14 55 03.7   16.179    n.a.  2.04243799828597  37.9569098  156.8256 /L    7.4788   2.6623819   284.36922   30.000775         n.a.     n.a.
 2026-Jan-10 18:36     09 00 29.06 +14 55 04.4   16.179    n.a.  2.04245321948192  37.9577424  156.8270 /L    7.4783   2.6623998   284.36883   30.000967         n.a.     n.a.
 2026-Jan-10 18:37     09 00 28.89 +14 55 05.1   16.179    n.a.  2.04246844101284  37.9585806  156.8284 /L    7.4778   2.6624178   284.36844   30.001162         n.a.     n.a.
 2026-Jan-10 18:38     09 00 28.71 +14 55 05.7   16.180    n.a.  2.04248366288096  37.9594243  156.8299 /L    7.4773   2.6624358   284.36805   30.001361         n.a.     n.a.
 2026-Jan-10 18:39     09 00 28.53 +14 55 06.4   16.180    n.a.  2.04249888508854  37.9602736  156.8313 /L    7.4768   2.6624538   284.36766   30.001563         n.a.     n.a.
 2026-Jan-10 18:40     09 00 28.35 +14 55 07.0   16.180    n.a.  2.04251410763774  37.9611284  156.8328 /L    7.4763   2.6624719   284.36727   30.001768         n.a.     n.a.
 2026-Jan-10 18:41     09 00 28.17 +14 55 07.7   16.180    n.a.  2.04252933053084  37.9619888  156.8342 /L    7.4758   2.6624900   284.36688   30.001977         n.a.     n.a.
 2026-Jan-10 18:42     09 00 28.00 +14 55 08.3   16.180    n.a.  2.04254455377007  37.9628548  156.8356 /L    7.4753   2.6625082   284.36648   30.002188         n.a.     n.a.
 2026-Jan-10 18:43     09 00 27.82 +14 55 09.0   16.180    n.a.  2.04255977735767  37.9637264  156.8371 /L    7.4748   2.6625263   284.36608   30.002404         n.a.     n.a.
 2026-Jan-10 18:44     09 00 27.64 +14 55 09.6   16.180    n.a.  2.04257500129587  37.9646036  156.8385 /L    7.4743   2.6625445   284.36569   30.002622         n.a.     n.a.
 2026-Jan-10 18:45     09 00 27.46 +14 55 10.3   16.180    n.a.  2.04259022558694  37.9654863  156.8400 /L    7.4738   2.6625628   284.36529   30.002844         n.a.     n.a.
 2026-Jan-10 18:46     09 00 27.28 +14 55 11.0   16.180    n.a.  2.04260545023308  37.9663747  156.8414 /L    7.4733   2.6625810   284.36488   30.003069         n.a.     n.a.
 2026-Jan-10 18:47     09 00 27.11 +14 55 11.6   16.180    n.a.  2.04262067523655  37.9672686  156.8428 /L    7.4729   2.6625993   284.36448   30.003298         n.a.     n.a.
 2026-Jan-10 18:48     09 00 26.93 +14 55 12.3   16.180    n.a.  2.04263590059961  37.9681682  156.8443 /L    7.4724   2.6626177   284.36408   30.003530         n.a.     n.a.
 2026-Jan-10 18:49     09 00 26.75 +14 55 12.9   16.180    n.a.  2.04265112632450  37.9690734  156.8457 /L    7.4719   2.6626360   284.36367   30.003765         n.a.     n.a.
 2026-Jan-10 18:50     09 00 26.57 +14 55 13.6   16.180    n.a.  2.04266635241348  37.9699841  156.8472 /L    7.4714   2.6626544   284.36326   30.004004         n.a.     n.a.
 2026-Jan-10 18:51     09 00 26.39 +14 55 14.2   16.180    n.a.  2.04268157886882  37.9709006  156.8486 /L    7.4709   2.6626728   284.36285   30.004246         n.a.     n.a.
 2026-Jan-10 18:52     09 00 26.22 +14 55 14.9   16.180    n.a.  2.04269680569274  37.9718226  156.8501 /L    7.4704   2.6626912   284.36244   30.004492         n.a.     n.a.
 2026-Jan-10 18:53     09 00 26.04 +14 55 15.5   16.180    n.a.  2.04271203288750  37.9727503  156.8515 /L    7.4699   2.6627097   284.36203   30.004741         n.a.     n.a.
 2026-Jan-10 18:54     09 00 25.86 +14 55 16.2   16.180    n.a.  2.04272726045537  37.9736836  156.8529 /L    7.4694   2.6627281   284.36162   30.004993         n.a.     n.a.
 2026-Jan-10 18:55     09 00 25.68 +14 55 16.9   16.180    n.a.  2.04274248839861  37.9746225  156.8544 /L    7.4689   2.6627466   284.36120   30.005249         n.a.     n.a.
 2026-Jan-10 18:56     09 00 25.50 +14 55 17.5   16.180    n.a.  2.04275771671949  37.9755671  156.8558 /L    7.4684   2.6627651   284.36079   30.005509         n.a.     n.a.
 2026-Jan-10 18:57     09 00 25.33 +14 55 18.2   16.180    n.a.  2.04277294542029  37.9765173  156.8573 /L    7.4679   2.6627837   284.36037   30.005772         n.a.     n.a.
 2026-Jan-10 18:58     09 00 25.15 +14 55 18.8   16.180    n.a.  2.04278817450323  37.9774732  156.8587 /L    7.4674   2.6628022   284.35995   30.006038         n.a.     n.a.
 2026-Jan-10 18:59     09 00 24.97 +14 55 19.5   16.180    n.a.  2.04280340397059  37.9784348  156.8601 /L    7.4669   2.6628208   284.35953   30.006308         n.a.     n.a.
 2026-Jan-10 19:00     09 00 24.79 +14 55 20.1   16.180    n.a.  2.04281863382464  37.9794020  156.8616 /L    7.4664   2.6628394   284.35911   30.006582         n.a.     n.a.
 2026-Jan-10 19:01     09 00 24.61 +14 55 20.8   16.180    n.a.  2.04283386406767  37.9803748  156.8630 /L    7.4659   2.6628580   284.35868   30.006859         n.a.     n.a.
 2026-Jan-10 19:02     09 00 24.44 +14 55 21.4   16.180    n.a.  2.04284909470193  37.9813533  156.8645 /L    7.4654   2.6628766   284.35826   30.007140         n.a.     n.a.
 2026-Jan-10 19:03     09 00 24.26 +14 55 22.1   16.180    n.a.  2.04286432572973  37.9823375  156.8659 /L    7.4649   2.6628952   284.35783   30.007424         n.a.     n.a.
 2026-Jan-10 19:04     09 00 24.08 +14 55 22.8   16.180    n.a.  2.04287955715328  37.9833274  156.8673 /L    7.4644   2.6629138   284.35741   30.007712         n.a.     n.a.
 2026-Jan-10 19:05     09 00 23.90 +14 55 23.4   16.180    n.a.  2.04289478897489  37.9843229  156.8688 /L    7.4639   2.6629325   284.35698   30.008003         n.a.     n.a.
 2026-Jan-10 19:06     09 00 23.72 +14 55 24.1   16.180    n.a.  2.04291002119683  37.9853241  156.8702 /L    7.4634   2.6629511   284.35655   30.008298         n.a.     n.a.
 2026-Jan-10 19:07     09 00 23.55 +14 55 24.7   16.180    n.a.  2.04292525382138  37.9863310  156.8717 /L    7.4629   2.6629698   284.35611   30.008597         n.a.     n.a.
 2026-Jan-10 19:08     09 00 23.37 +14 55 25.4   16.180    n.a.  2.04294048685082  37.9873436  156.8731 /L    7.4624   2.6629885   284.35568   30.008899         n.a.     n.a.
 2026-Jan-10 19:09     09 00 23.19 +14 55 26.0   16.180    n.a.  2.04295572028745  37.9883619  156.8745 /L    7.4619   2.6630071   284.35525   30.009205         n.a.     n.a.
 2026-Jan-10 19:10     09 00 23.01 +14 55 26.7   16.180    n.a.  2.04297095413351  37.9893858  156.8760 /L    7.4614   2.6630258   284.35481   30.009515         n.a.     n.a.
 2026-Jan-10 19:11     09 00 22.83 +14 55 27.3   16.181    n.a.  2.04298618839129  37.9904154  156.8774 /L    7.4609   2.6630445   284.35437   30.009828         n.a.     n.a.
 2026-Jan-10 19:12     09 00 22.66 +14 55 28.0   16.181    n.a.  2.04300142306308  37.9914508  156.8789 /L    7.4604   2.6630632   284.35393   30.010145         n.a.     n.a.
 2026-Jan-10 19:13     09 00 22.48 +14 55 28.7   16.181    n.a.  2.04301665815117  37.9924918  156.8803 /L    7.4599   2.6630819   284.35349   30.010465         n.a.     n.a.
 2026-Jan-10 19:14     09 00 22.30 +14 55 29.3   16.181    n.a.  2.04303189365783  37.9935385  156.8818 /L    7.4595   2.6631006   284.35305   30.010789         n.a.     n.a.
 2026-Jan-10 19:15     09 00 22.12 +14 55 30.0   16.181    n.a.  2.04304712958539  37.9945909  156.8832 /L    7.4590   2.6631193   284.35261   30.011117         n.a.     n.a.
 2026-Jan-10 19:16     09 00 21.94 +14 55 30.6   16.181    n.a.  2.04306236593606  37.9956490  156.8846 /L    7.4585   2.6631380   284.35217   30.011449         n.a.     n.a.
 2026-Jan-10 19:17     09 00 21.77 +14 55 31.3   16.181    n.a.  2.04307760271216  37.9967129  156.8861 /L    7.4580   2.6631567   284.35172   30.011784         n.a.     n.a.
 2026-Jan-10 19:18     09 00 21.59 +14 55 31.9   16.181    n.a.  2.04309283991599  37.9977824  156.8875 /L    7.4575   2.6631754   284.35127   30.012123         n.a.     n.a.
 2026-Jan-10 19:19     09 00 21.41 +14 55 32.6   16.181    n.a.  2.04310807754982  37.9988576  156.8890 /L    7.4570   2.6631941   284.35082   30.012466         n.a.     n.a.
 2026-Jan-10 19:20     09 00 21.23 +14 55 33.2   16.181    n.a.  2.04312331561595  37.9999385  156.8904 /L    7.4565   2.6632127   284.35037   30.012813         n.a.     n.a.
 2026-Jan-10 19:21     09 00 21.05 +14 55 33.9   16.181    n.a.  2.04313855411669  38.0010252  156.8918 /L    7.4560   2.6632314   284.34992   30.013163         n.a.     n.a.
 2026-Jan-10 19:22     09 00 20.87 +14 55 34.5   16.181    n.a.  2.04315379305428  38.0021175  156.8933 /L    7.4555   2.6632501   284.34947   30.013517         n.a.     n.a.
 2026-Jan-10 19:23     09 00 20.70 +14 55 35.2   16.181    n.a.  2.04316903243102  38.0032156  156.8947 /L    7.4550   2.6632688   284.34902   30.013875         n.a.     n.a.
 2026-Jan-10 19:24     09 00 20.52 +14 55 35.9   16.181    n.a.  2.04318427224922  38.0043193  156.8962 /L    7.4545   2.6632874   284.34856   30.014237         n.a.     n.a.
 2026-Jan-10 19:25     09 00 20.34 +14 55 36.5   16.181    n.a.  2.04319951251116  38.0054288  156.8976 /L    7.4540   2.6633061   284.34811   30.014602         n.a.     n.a.
 2026-Jan-10 19:26     09 00 20.16 +14 55 37.2   16.181    n.a.  2.04321475321913  38.0065440  156.8991 /L    7.4535   2.6633247   284.34765   30.014972         n.a.     n.a.
 2026-Jan-10 19:27     09 00 19.98 +14 55 37.8   16.181    n.a.  2.04322999437546  38.0076649  156.9005 /L    7.4530   2.6633433   284.34719   30.015345         n.a.     n.a.
 2026-Jan-10 19:28     09 00 19.81 +14 55 38.5   16.181    n.a.  2.04324523598236  38.0087915  156.9019 /L    7.4525   2.6633619   284.34673   30.015722         n.a.     n.a.
 2026-Jan-10 19:29     09 00 19.63 +14 55 39.1   16.181    n.a.  2.04326047804217  38.0099239  156.9034 /L    7.4520   2.6633805   284.34627   30.016102         n.a.     n.a.
 2026-Jan-10 19:30     09 00 19.45 +14 55 39.8   16.181    n.a.  2.04327572055718  38.0110619  156.9048 /L    7.4515   2.6633991   284.34581   30.016487         n.a.     n.a.
 2026-Jan-10 19:31     09 00 19.27 +14 55 40.4   16.181    n.a.  2.04329096352968  38.0122057  156.9063 /L    7.4510   2.6634177   284.34534   30.016875         n.a.     n.a.
 2026-Jan-10 19:32     09 00 19.09 +14 55 41.1   16.181    n.a.  2.04330620696195  38.0133551  156.9077 /L    7.4505   2.6634362   284.34488   30.017268         n.a.     n.a.
 2026-Jan-10 19:33     09 00 18.92 +14 55 41.8   16.181    n.a.  2.04332145085632  38.0145103  156.9091 /L    7.4500   2.6634547   284.34441   30.017664         n.a.     n.a.
 2026-Jan-10 19:34     09 00 18.74 +14 55 42.4   16.181    n.a.  2.04333669521502  38.0156712  156.9106 /L    7.4495   2.6634733   284.34394   30.018064         n.a.     n.a.
 2026-Jan-10 19:35     09 00 18.56 +14 55 43.1   16.181    n.a.  2.04335194004038  38.0168378  156.9120 /L    7.4490   2.6634917   284.34348   30.018468         n.a.     n.a.
 2026-Jan-10 19:36     09 00 18.38 +14 55 43.7   16.181    n.a.  2.04336718533467  38.0180101  156.9135 /L    7.4485   2.6635102   284.34301   30.018876         n.a.     n.a.
 2026-Jan-10 19:37     09 00 18.20 +14 55 44.4   16.181    n.a.  2.04338243110021  38.0191882  156.9149 /L    7.4480   2.6635287   284.34253   30.019288         n.a.     n.a.
 2026-Jan-10 19:38     09 00 18.03 +14 55 45.0   16.181    n.a.  2.04339767733926  38.0203719  156.9164 /L    7.4475   2.6635471   284.34206   30.019703         n.a.     n.a.
 2026-Jan-10 19:39     09 00 17.85 +14 55 45.7   16.181    n.a.  2.04341292405413  38.0215614  156.9178 /L    7.4470   2.6635655   284.34159   30.020123         n.a.     n.a.
 2026-Jan-10 19:40     09 00 17.67 +14 55 46.3   16.181    n.a.  2.04342817124713  38.0227566  156.9192 /L    7.4465   2.6635839   284.34111   30.020547         n.a.     n.a.
 2026-Jan-10 19:41     09 00 17.49 +14 55 47.0   16.181    n.a.  2.04344341892050  38.0239574  156.9207 /L    7.4460   2.6636022   284.34064   30.020974         n.a.     n.a.
 2026-Jan-10 19:42     09 00 17.31 +14 55 47.6   16.181    n.a.  2.04345866707656  38.0251640  156.9221 /L    7.4455   2.6636205   284.34016   30.021406         n.a.     n.a.
 2026-Jan-10 19:43     09 00 17.13 +14 55 48.3   16.181    n.a.  2.04347391571758  38.0263763  156.9236 /L    7.4451   2.6636388   284.33968   30.021841         n.a.     n.a.
 2026-Jan-10 19:44     09 00 16.96 +14 55 49.0   16.182    n.a.  2.04348916484587  38.0275943  156.9250 /L    7.4446   2.6636571   284.33920   30.022280         n.a.     n.a.
 2026-Jan-10 19:45     09 00 16.78 +14 55 49.6   16.182    n.a.  2.04350441446370  38.0288180  156.9265 /L    7.4441   2.6636753   284.33872   30.022724         n.a.     n.a.
 2026-Jan-10 19:46     09 00 16.60 +14 55 50.3   16.182    n.a.  2.04351966457340  38.0300474  156.9279 /L    7.4436   2.6636936   284.33824   30.023171         n.a.     n.a.
 2026-Jan-10 19:47     09 00 16.42 +14 55 50.9   16.182    n.a.  2.04353491517719  38.0312825  156.9293 /L    7.4431   2.6637117   284.33776   30.023623         n.a.     n.a.
 2026-Jan-10 19:48     09 00 16.24 +14 55 51.6   16.182    n.a.  2.04355016627739  38.0325233  156.9308 /L    7.4426   2.6637299   284.33727   30.024078         n.a.     n.a.
 2026-Jan-10 19:49     09 00 16.07 +14 55 52.2   16.182    n.a.  2.04356541787628  38.0337698  156.9322 /L    7.4421   2.6637480   284.33679   30.024537         n.a.     n.a.
 2026-Jan-10 19:50     09 00 15.89 +14 55 52.9   16.182    n.a.  2.04358066997615  38.0350220  156.9337 /L    7.4416   2.6637661   284.33630   30.025001         n.a.     n.a.
 2026-Jan-10 19:51     09 00 15.71 +14 55 53.5   16.182    n.a.  2.04359592257928  38.0362799  156.9351 /L    7.4411   2.6637841   284.33581   30.025468         n.a.     n.a.
 2026-Jan-10 19:52     09 00 15.53 +14 55 54.2   16.182    n.a.  2.04361117568799  38.0375435  156.9366 /L    7.4406   2.6638021   284.33532   30.025940         n.a.     n.a.
 2026-Jan-10 19:53     09 00 15.35 +14 55 54.8   16.182    n.a.  2.04362642930449  38.0388128  156.9380 /L    7.4401   2.6638200   284.33483   30.026415         n.a.     n.a.
 2026-Jan-10 19:54     09 00 15.18 +14 55 55.5   16.182    n.a.  2.04364168343110  38.0400878  156.9394 /L    7.4396   2.6638380   284.33434   30.026895         n.a.     n.a.
 2026-Jan-10 19:55     09 00 15.00 +14 55 56.2   16.182    n.a.  2.04365693807010  38.0413684  156.9409 /L    7.4391   2.6638559   284.33385   30.027378         n.a.     n.a.
 2026-Jan-10 19:56     09 00 14.82 +14 55 56.8   16.182    n.a.  2.04367219322376  38.0426547  156.9423 /L    7.4386   2.6638737   284.33335   30.027866         n.a.     n.a.
 2026-Jan-10 19:57     09 00 14.64 +14 55 57.5   16.182    n.a.  2.04368744889437  38.0439467  156.9438 /L    7.4381   2.6638915   284.33286   30.028358         n.a.     n.a.
 2026-Jan-10 19:58     09 00 14.46 +14 55 58.1   16.182    n.a.  2.04370270508423  38.0452444  156.9452 /L    7.4376   2.6639092   284.33236   30.028853         n.a.     n.a.
 2026-Jan-10 19:59     09 00 14.28 +14 55 58.8   16.182    n.a.  2.04371796179556  38.0465478  156.9467 /L    7.4371   2.6639270   284.33187   30.029353         n.a.     n.a.
 2026-Jan-10 20:00     09 00 14.11 +14 55 59.4   16.182    n.a.  2.04373321903065  38.0478568  156.9481 /L    7.4366   2.6639446   284.33137   30.029857         n.a.     n.a.
 2026-Jan-10 20:01     09 00 13.93 +14 56 00.1   16.182    n.a.  2.04374847679179  38.0491715  156.9495 /L    7.4361   2.6639622   284.33087   30.030366         n.a.     n.a.
 2026-Jan-10 20:02     09 00 13.75 +14 56 00.7   16.182    n.a.  2.04376373508125  38.0504919  156.9510 /L    7.4356   2.6639798   284.33037   30.030878         n.a.     n.a.
 2026-Jan-10 20:03     09 00 13.57 +14 56 01.4   16.182    n.a.  2.04377899390130  38.0518179  156.9524 /L    7.4351   2.6639973   284.32987   30.031394         n.a.     n.a.
 2026-Jan-10 20:04     09 00 13.39 +14 56 02.0   16.182    n.a.  2.04379425325423  38.0531496  156.9539 /L    7.4346   2.6640148   284.32936   30.031914         n.a.     n.a.
 2026-Jan-10 20:05     09 00 13.22 +14 56 02.7   16.182    n.a.  2.04380951314225  38.0544869  156.9553 /L    7.4341   2.6640322   284.32886   30.032439         n.a.     n.a.
 2026-Jan-10 20:06     09 00 13.04 +14 56 03.4   16.182    n.a.  2.04382477356767  38.0558299  156.9568 /L    7.4336   2.6640496   284.32836   30.032968         n.a.     n.a.
 2026-Jan-10 20:07     09 00 12.86 +14 56 04.0   16.182    n.a.  2.04384003453274  38.0571785  156.9582 /L    7.4331   2.6640669   284.32785   30.033501         n.a.     n.a.
 2026-Jan-10 20:08     09 00 12.68 +14 56 04.7   16.182    n.a.  2.04385529603973  38.0585328  156.9596 /L    7.4326   2.6640842   284.32734   30.034038         n.a.     n.a.
 2026-Jan-10 20:09     09 00 12.50 +14 56 05.3   16.182    n.a.  2.04387055809090  38.0598927  156.9611 /L    7.4321   2.6641014   284.32684   30.034579         n.a.     n.a.
 2026-Jan-10 20:10     09 00 12.32 +14 56 06.0   16.182    n.a.  2.04388582068854  38.0612582  156.9625 /L    7.4316   2.6641186   284.32633   30.035124         n.a.     n.a.
 2026-Jan-10 20:11     09 00 12.15 +14 56 06.6   16.182    n.a.  2.04390108383485  38.0626294  156.9640 /L    7.4311   2.6641357   284.32582   30.035674         n.a.     n.a.
 2026-Jan-10 20:12     09 00 11.97 +14 56 07.3   16.182    n.a.  2.04391634753212  38.0640062  156.9654 /L    7.4306   2.6641527   284.32531   30.036227         n.a.     n.a.
 2026-Jan-10 20:13     09 00 11.79 +14 56 07.9   16.182    n.a.  2.04393161178260  38.0653886  156.9669 /L    7.4301   2.6641697   284.32480   30.036785         n.a.     n.a.
 2026-Jan-10 20:14     09 00 11.61 +14 56 08.6   16.182    n.a.  2.04394687658854  38.0667766  156.9683 /L    7.4297   2.6641866   284.32428   30.037347         n.a.     n.a.
 2026-Jan-10 20:15     09 00 11.43 +14 56 09.2   16.182    n.a.  2.04396214195219  38.0681703  156.9697 /L    7.4292   2.6642035   284.32377   30.037913         n.a.     n.a.
 2026-Jan-10 20:16     09 00 11.26 +14 56 09.9   16.183    n.a.  2.04397740787585  38.0695695  156.9712 /L    7.4287   2.6642203   284.32326   30.038484         n.a.     n.a.
 2026-Jan-10 20:17     09 00 11.08 +14 56 10.6   16.183    n.a.  2.04399267436168  38.0709744  156.9726 /L    7.4282   2.6642371   284.32274   30.039058         n.a.     n.a.
 2026-Jan-10 20:18     09 00 10.90 +14 56 11.2   16.183    n.a.  2.04400794141197  38.0723849  156.9741 /L    7.4277   2.6642538   284.32222   30.039637         n.a.     n.a.
 2026-Jan-10 20:19     09 00 10.72 +14 56 11.9   16.183    n.a.  2.04402320902897  38.0738009  156.9755 /L    7.4272   2.6642704   284.32171   30.040220         n.a.     n.a.
 2026-Jan-10 20:20     09 00 10.54 +14 56 12.5   16.183    n.a.  2.04403847721490  38.0752225  156.9770 /L    7.4267   2.6642869   284.32119   30.040807         n.a.     n.a.
 2026-Jan-10 20:21     09 00 10.36 +14 56 13.2   16.183    n.a.  2.04405374597202  38.0766497  156.9784 /L    7.4262   2.6643034   284.32067   30.041399         n.a.     n.a.
 2026-Jan-10 20:22     09 00 10.19 +14 56 13.8   16.183    n.a.  2.04406901530259  38.0780825  156.9798 /L    7.4257   2.6643198   284.32015   30.041994         n.a.     n.a.
 2026-Jan-10 20:23     09 00 10.01 +14 56 14.5   16.183    n.a.  2.04408428520878  38.0795209  156.9813 /L    7.4252   2.6643362   284.31962   30.042594         n.a.     n.a.
 2026-Jan-10 20:24     09 00 09.83 +14 56 15.1   16.183    n.a.  2.04409955569286  38.0809648  156.9827 /L    7.4247   2.6643525   284.31910   30.043198         n.a.     n.a.
 2026-Jan-10 20:25     09 00 09.65 +14 56 15.8   16.183    n.a.  2.04411482675705  38.0824143  156.9842 /L    7.4242   2.6643687   284.31858   30.043807         n.a.     n.a.
 2026-Jan-10 20:26     09 00 09.47 +14 56 16.4   16.183    n.a.  2.04413009840359  38.0838693  156.9856 /L    7.4237   2.6643848   284.31805   30.044419         n.a.     n.a.
 2026-Jan-10 20:27     09 00 09.30 +14 56 17.1   16.183    n.a.  2.04414537063471  38.0853299  156.9871 /L    7.4232   2.6644009   284.31753   30.045036         n.a.     n.a.
 2026-Jan-10 20:28     09 00 09.12 +14 56 17.7   16.183    n.a.  2.04416064345265  38.0867960  156.9885 /L    7.4227   2.6644169   284.31700   30.045658         n.a.     n.a.
 2026-Jan-10 20:29     09 00 08.94 +14 56 18.4   16.183    n.a.  2.04417591685957  38.0882677  156.9900 /L    7.4222   2.6644328   284.31648   30.046283         n.a.     n.a.
 2026-Jan-10 20:30     09 00 08.76 +14 56 19.1   16.183    n.a.  2.04419119085772  38.0897449  156.9914 /L    7.4217   2.6644487   284.31595   30.046913         n.a.     n.a.
 2026-Jan-10 20:31     09 00 08.58 +14 56 19.7   16.183    n.a.  2.04420646544933  38.0912276  156.9928 /L    7.4212   2.6644645   284.31542   30.047547         n.a.     n.a.
 2026-Jan-10 20:32     09 00 08.40 +14 56 20.4   16.183    n.a.  2.04422174063660  38.0927158  156.9943 /L    7.4207   2.6644802   284.31489   30.048185         n.a.     n.a.
 2026-Jan-10 20:33     09 00 08.23 +14 56 21.0   16.183    n.a.  2.04423701642174  38.0942096  156.9957 /L    7.4202   2.6644958   284.31436   30.048827         n.a.     n.a.
 2026-Jan-10 20:34     09 00 08.05 +14 56 21.7   16.183    n.a.  2.04425229280699  38.0957088  156.9972 /L    7.4197   2.6645113   284.31383   30.049474         n.a.     n.a.
 2026-Jan-10 20:35     09 00 07.87 +14 56 22.3   16.183    n.a.  2.04426756979450  38.0972136  156.9986 /L    7.4192   2.6645268   284.31329   30.050125         n.a.     n.a.
 2026-Jan-10 20:36     09 00 07.69 +14 56 23.0   16.183    n.a.  2.04428284738650  38.0987238  157.0001 /L    7.4187   2.6645422   284.31276   30.050781         n.a.     n.a.
 2026-Jan-10 20:37     09 00 07.51 +14 56 23.6   16.183    n.a.  2.04429812558519  38.1002395  157.0015 /L    7.4182   2.6645575   284.31223   30.051440         n.a.     n.a.
 2026-Jan-10 20:38     09 00 07.34 +14 56 24.3   16.183    n.a.  2.04431340439277  38.1017607  157.0029 /L    7.4177   2.6645727   284.31169   30.052104         n.a.     n.a.
 2026-Jan-10 20:39     09 00 07.16 +14 56 24.9   16.183    n.a.  2.04432868381142  38.1032873  157.0044 /L    7.4172   2.6645878   284.31116   30.052773         n.a.     n.a.
 2026-Jan-10 20:40     09 00 06.98 +14 56 25.6   16.183    n.a.  2.04434396384338  38.1048194  157.0058 /L    7.4167   2.6646029   284.31062   30.053445         n.a.     n.a.
 2026-Jan-10 20:41     09 00 06.80 +14 56 26.2   16.183    n.a.  2.04435924449076  38.1063570  157.0073 /L    7.4162   2.6646178   284.31008   30.054122         n.a.     n.a.
 2026-Jan-10 20:42     09 00 06.62 +14 56 26.9   16.183    n.a.  2.04437452575579  38.1079000  157.0087 /L    7.4157   2.6646327   284.30954   30.054803         n.a.     n.a.
 2026-Jan-10 20:43     09 00 06.44 +14 56 27.6   16.183    n.a.  2.04438980764065  38.1094484  157.0102 /L    7.4152   2.6646475   284.30901   30.055489         n.a.     n.a.
 2026-Jan-10 20:44     09 00 06.27 +14 56 28.2   16.183    n.a.  2.04440509014750  38.1110023  157.0116 /L    7.4147   2.6646622   284.30847   30.056179         n.a.     n.a.
 2026-Jan-10 20:45     09 00 06.09 +14 56 28.9   16.183    n.a.  2.04442037327855  38.1125616  157.0131 /L    7.4142   2.6646768   284.30792   30.056873         n.a.     n.a.
 2026-Jan-10 20:46     09 00 05.91 +14 56 29.5   16.183    n.a.  2.04443565703597  38.1141263  157.0145 /L    7.4137   2.6646914   284.30738   30.057571         n.a.     n.a.
 2026-Jan-10 20:47     09 00 05.73 +14 56 30.2   16.183    n.a.  2.04445094142189  38.1156964  157.0159 /L    7.4132   2.6647058   284.30684   30.058274         n.a.     n.a.
 2026-Jan-10 20:48     09 00 05.55 +14 56 30.8   16.183    n.a.  2.04446622643849  38.1172720  157.0174 /L    7.4128   2.6647201   284.30630   30.058982         n.a.     n.a.
 2026-Jan-10 20:49     09 00 05.38 +14 56 31.5   16.184    n.a.  2.04448151208795  38.1188529  157.0188 /L    7.4123   2.6647344   284.30575   30.059693         n.a.     n.a.
 2026-Jan-10 20:50     09 00 05.20 +14 56 32.1   16.184    n.a.  2.04449679837242  38.1204391  157.0203 /L    7.4118   2.6647485   284.30521   30.060409         n.a.     n.a.
 2026-Jan-10 20:51     09 00 05.02 +14 56 32.8   16.184    n.a.  2.04451208529406  38.1220308  157.0217 /L    7.4113   2.6647626   284.30466   30.061129         n.a.     n.a.
 2026-Jan-10 20:52     09 00 04.84 +14 56 33.4   16.184    n.a.  2.04452737285505  38.1236278  157.0232 /L    7.4108   2.6647766   284.30412   30.061854         n.a.     n.a.
 2026-Jan-10 20:53     09 00 04.66 +14 56 34.1   16.184    n.a.  2.04454266105747  38.1252302  157.0246 /L    7.4103   2.6647904   284.30357   30.062583         n.a.     n.a.
 2026-Jan-10 20:54     09 00 04.48 +14 56 34.7   16.184    n.a.  2.04455794990352  38.1268379  157.0261 /L    7.4098   2.6648042   284.30302   30.063316         n.a.     n.a.
 2026-Jan-10 20:55     09 00 04.31 +14 56 35.4   16.184    n.a.  2.04457323939532  38.1284510  157.0275 /L    7.4093   2.6648179   284.30248   30.064054         n.a.     n.a.
 2026-Jan-10 20:56     09 00 04.13 +14 56 36.0   16.184    n.a.  2.04458852953501  38.1300694  157.0289 /L    7.4088   2.6648315   284.30193   30.064796         n.a.     n.a.
 2026-Jan-10 20:57     09 00 03.95 +14 56 36.7   16.184    n.a.  2.04460382032474  38.1316931  157.0304 /L    7.4083   2.6648449   284.30138   30.065542         n.a.     n.a.
 2026-Jan-10 20:58     09 00 03.77 +14 56 37.4   16.184    n.a.  2.04461911176666  38.1333221  157.0318 /L    7.4078   2.6648583   284.30083   30.066293         n.a.     n.a.
 2026-Jan-10 20:59     09 00 03.59 +14 56 38.0   16.184    n.a.  2.04463440386284  38.1349564  157.0333 /L    7.4073   2.6648716   284.30028   30.067048         n.a.     n.a.
 2026-Jan-10 21:00     09 00 03.41 +14 56 38.7   16.184    n.a.  2.04464969661543  38.1365960  157.0347 /L    7.4068   2.6648847   284.29972   30.067807         n.a.     n.a.
 2026-Jan-10 21:01     09 00 03.24 +14 56 39.3   16.184    n.a.  2.04466499002656  38.1382409  157.0362 /L    7.4063   2.6648978   284.29917   30.068571         n.a.     n.a.
 2026-Jan-10 21:02     09 00 03.06 +14 56 40.0   16.184    n.a.  2.04468028409834  38.1398911  157.0376 /L    7.4058   2.6649108   284.29862   30.069339         n.a.     n.a.
 2026-Jan-10 21:03     09 00 02.88 +14 56 40.6   16.184    n.a.  2.04469557883288  38.1415465  157.0391 /L    7.4053   2.6649236   284.29806   30.070112         n.a.     n.a.
 2026-Jan-10 21:04     09 00 02.70 +14 56 41.3   16.184    n.a.  2.04471087423232  38.1432072  157.0405 /L    7.4048   2.6649364   284.29751   30.070889         n.a.     n.a.
 2026-Jan-10 21:05     09 00 02.52 +14 56 41.9   16.184    n.a.  2.04472617029870  38.1448731  157.0419 /L    7.4043   2.6649490   284.29695   30.071670         n.a.     n.a.
 2026-Jan-10 21:06     09 00 02.34 +14 56 42.6   16.184    n.a.  2.04474146703416  38.1465443  157.0434 /L    7.4038   2.6649615   284.29640   30.072456         n.a.     n.a.
 2026-Jan-10 21:07     09 00 02.17 +14 56 43.2   16.184    n.a.  2.04475676444080  38.1482207  157.0448 /L    7.4033   2.6649740   284.29584   30.073246         n.a.     n.a.
 2026-Jan-10 21:08     09 00 01.99 +14 56 43.9   16.184    n.a.  2.04477206252069  38.1499023  157.0463 /L    7.4028   2.6649863   284.29529   30.074041         n.a.     n.a.
 2026-Jan-10 21:09     09 00 01.81 +14 56 44.5   16.184    n.a.  2.04478736127594  38.1515890  157.0477 /L    7.4023   2.6649985   284.29473   30.074839         n.a.     n.a.
 2026-Jan-10 21:10     09 00 01.63 +14 56 45.2   16.184    n.a.  2.04480266070866  38.1532810  157.0492 /L    7.4018   2.6650105   284.29417   30.075643         n.a.     n.a.
 2026-Jan-10 21:11     09 00 01.45 +14 56 45.8   16.184    n.a.  2.04481796082086  38.1549782  157.0506 /L    7.4013   2.6650225   284.29361   30.076450         n.a.     n.a.
 2026-Jan-10 21:12     09 00 01.28 +14 56 46.5   16.184    n.a.  2.04483326161465  38.1566805  157.0521 /L    7.4008   2.6650344   284.29305   30.077262         n.a.     n.a.
 2026-Jan-10 21:13     09 00 01.10 +14 56 47.1   16.184    n.a.  2.04484856309210  38.1583880  157.0535 /L    7.4003   2.6650461   284.29249   30.078079         n.a.     n.a.
 2026-Jan-10 21:14     09 00 00.92 +14 56 47.8   16.184    n.a.  2.04486386525529  38.1601007  157.0549 /L    7.3998   2.6650578   284.29193   30.078899         n.a.     n.a.
 2026-Jan-10 21:15     09 00 00.74 +14 56 48.5   16.184    n.a.  2.04487916810627  38.1618185  157.0564 /L    7.3993   2.6650693   284.29137   30.079725         n.a.     n.a.
 2026-Jan-10 21:16     09 00 00.56 +14 56 49.1   16.184    n.a.  2.04489447164713  38.1635414  157.0578 /L    7.3988   2.6650807   284.29081   30.080554         n.a.     n.a.
 2026-Jan-10 21:17     09 00 00.38 +14 56 49.8   16.184    n.a.  2.04490977587986  38.1652694  157.0593 /L    7.3983   2.6650920   284.29024   30.081388         n.a.     n.a.
 2026-Jan-10 21:18     09 00 00.21 +14 56 50.4   16.184    n.a.  2.04492508080654  38.1670025  157.0607 /L    7.3978   2.6651031   284.28968   30.082227         n.a.     n.a.
 2026-Jan-10 21:19     09 00 00.03 +14 56 51.1   16.184    n.a.  2.04494038642923  38.1687408  157.0622 /L    7.3973   2.6651142   284.28912   30.083069         n.a.     n.a.
 2026-Jan-10 21:20     08 59 59.85 +14 56 51.7   16.184    n.a.  2.04495569274995  38.1704841  157.0636 /L    7.3968   2.6651251   284.28855   30.083916         n.a.     n.a.
 2026-Jan-10 21:21     08 59 59.67 +14 56 52.4   16.184    n.a.  2.04497099977075  38.1722324  157.0651 /L    7.3963   2.6651359   284.28799   30.084768         n.a.     n.a.
 2026-Jan-10 21:22     08 59 59.49 +14 56 53.0   16.185    n.a.  2.04498630749368  38.1739859  157.0665 /L    7.3958   2.6651465   284.28742   30.085624         n.a.     n.a.
 2026-Jan-10 21:23     08 59 59.31 +14 56 53.7   16.185    n.a.  2.04500161592071  38.1757444  157.0679 /L    7.3953   2.6651571   284.28686   30.086484         n.a.     n.a.
 2026-Jan-10 21:24     08 59 59.14 +14 56 54.3   16.185    n.a.  2.04501692505390  38.1775079  157.0694 /L    7.3948   2.6651675   284.28629   30.087349         n.a.     n.a.
 2026-Jan-10 21:25     08 59 58.96 +14 56 55.0   16.185    n.a.  2.04503223489526  38.1792764  157.0708 /L    7.3944   2.6651778   284.28572   30.088218         n.a.     n.a.
 2026-Jan-10 21:26     08 59 58.78 +14 56 55.6   16.185    n.a.  2.04504754544679  38.1810500  157.0723 /L    7.3939   2.6651880   284.28516   30.089092         n.a.     n.a.
 2026-Jan-10 21:27     08 59 58.60 +14 56 56.3   16.185    n.a.  2.04506285671052  38.1828285  157.0737 /L    7.3934   2.6651980   284.28459   30.089969         n.a.     n.a.
 2026-Jan-10 21:28     08 59 58.42 +14 56 56.9   16.185    n.a.  2.04507816868847  38.1846121  157.0752 /L    7.3929   2.6652080   284.28402   30.090852         n.a.     n.a.
 2026-Jan-10 21:29     08 59 58.24 +14 56 57.6   16.185    n.a.  2.04509348138257  38.1864006  157.0766 /L    7.3924   2.6652178   284.28345   30.091738         n.a.     n.a.
 2026-Jan-10 21:30     08 59 58.07 +14 56 58.2   16.185    n.a.  2.04510879479486  38.1881941  157.0781 /L    7.3919   2.6652274   284.28288   30.092629         n.a.     n.a.
 2026-Jan-10 21:31     08 59 57.89 +14 56 58.9   16.185    n.a.  2.04512410892732  38.1899925  157.0795 /L    7.3914   2.6652369   284.28231   30.093525         n.a.     n.a.
 2026-Jan-10 21:32     08 59 57.71 +14 56 59.5   16.185    n.a.  2.04513942378192  38.1917958  157.0809 /L    7.3909   2.6652463   284.28174   30.094425         n.a.     n.a.
 2026-Jan-10 21:33     08 59 57.53 +14 57 00.2   16.185    n.a.  2.04515473936065  38.1936041  157.0824 /L    7.3904   2.6652556   284.28117   30.095329         n.a.     n.a.
 2026-Jan-10 21:34     08 59 57.35 +14 57 00.9   16.185    n.a.  2.04517005566552  38.1954173  157.0838 /L    7.3899   2.6652648   284.28060   30.096238         n.a.     n.a.
 2026-Jan-10 21:35     08 59 57.18 +14 57 01.5   16.185    n.a.  2.04518537269842  38.1972354  157.0853 /L    7.3894   2.6652738   284.28003   30.097151         n.a.     n.a.
 2026-Jan-10 21:36     08 59 57.00 +14 57 02.2   16.185    n.a.  2.04520069046135  38.1990584  157.0867 /L    7.3889   2.6652826   284.27946   30.098068         n.a.     n.a.
 2026-Jan-10 21:37     08 59 56.82 +14 57 02.8   16.185    n.a.  2.04521600895626  38.2008863  157.0882 /L    7.3884   2.6652914   284.27889   30.098990         n.a.     n.a.
 2026-Jan-10 21:38     08 59 56.64 +14 57 03.5   16.185    n.a.  2.04523132818512  38.2027190  157.0896 /L    7.3879   2.6652999   284.27831   30.099916         n.a.     n.a.
 2026-Jan-10 21:39     08 59 56.46 +14 57 04.1   16.185    n.a.  2.04524664814985  38.2045566  157.0911 /L    7.3874   2.6653084   284.27774   30.100847         n.a.     n.a.
 2026-Jan-10 21:40     08 59 56.28 +14 57 04.8   16.185    n.a.  2.04526196885244  38.2063989  157.0925 /L    7.3869   2.6653167   284.27717   30.101782         n.a.     n.a.
 2026-Jan-10 21:41     08 59 56.11 +14 57 05.4   16.185    n.a.  2.04527729029476  38.2082462  157.0940 /L    7.3864   2.6653249   284.27659   30.102721         n.a.     n.a.
 2026-Jan-10 21:42     08 59 55.93 +14 57 06.1   16.185    n.a.  2.04529261247877  38.2100982  157.0954 /L    7.3859   2.6653330   284.27602   30.103665         n.a.     n.a.
 2026-Jan-10 21:43     08 59 55.75 +14 57 06.7   16.185    n.a.  2.04530793540640  38.2119550  157.0968 /L    7.3854   2.6653409   284.27544   30.104613         n.a.     n.a.
 2026-Jan-10 21:44     08 59 55.57 +14 57 07.4   16.185    n.a.  2.04532325907956  38.2138166  157.0983 /L    7.3849   2.6653486   284.27487   30.105565         n.a.     n.a.
 2026-Jan-10 21:45     08 59 55.39 +14 57 08.0   16.185    n.a.  2.04533858350016  38.2156830  157.0997 /L    7.3844   2.6653562   284.27429   30.106522         n.a.     n.a.
 2026-Jan-10 21:46     08 59 55.21 +14 57 08.7   16.185    n.a.  2.04535390867015  38.2175541  157.1012 /L    7.3839   2.6653637   284.27372   30.107484         n.a.     n.a.
 2026-Jan-10 21:47     08 59 55.04 +14 57 09.3   16.185    n.a.  2.04536923459137  38.2194299  157.1026 /L    7.3834   2.6653710   284.27314   30.108449         n.a.     n.a.
 2026-Jan-10 21:48     08 59 54.86 +14 57 10.0   16.185    n.a.  2.04538456126574  38.2213105  157.1041 /L    7.3829   2.6653782   284.27257   30.109419         n.a.     n.a.
 2026-Jan-10 21:49     08 59 54.68 +14 57 10.6   16.185    n.a.  2.04539988869516  38.2231958  157.1055 /L    7.3824   2.6653853   284.27199   30.110393         n.a.     n.a.
 2026-Jan-10 21:50     08 59 54.50 +14 57 11.3   16.185    n.a.  2.04541521688150  38.2250857  157.1070 /L    7.3819   2.6653922   284.27141   30.111372         n.a.     n.a.
 2026-Jan-10 21:51     08 59 54.32 +14 57 11.9   16.185    n.a.  2.04543054582666  38.2269804  157.1084 /L    7.3814   2.6653989   284.27084   30.112355         n.a.     n.a.
 2026-Jan-10 21:52     08 59 54.14 +14 57 12.6   16.185    n.a.  2.04544587553253  38.2288797  157.1099 /L    7.3809   2.6654055   284.27026   30.113343         n.a.     n.a.
 2026-Jan-10 21:53     08 59 53.97 +14 57 13.2   16.185    n.a.  2.04546120600093  38.2307837  157.1113 /L    7.3804   2.6654120   284.26968   30.114335         n.a.     n.a.
 2026-Jan-10 21:54     08 59 53.79 +14 57 13.9   16.186    n.a.  2.04547653723374  38.2326923  157.1127 /L    7.3799   2.6654183   284.26910   30.115331         n.a.     n.a.
 2026-Jan-10 21:55     08 59 53.61 +14 57 14.5   16.186    n.a.  2.04549186923282  38.2346055  157.1142 /L    7.3794   2.6654245   284.26852   30.116331         n.a.     n.a.
 2026-Jan-10 21:56     08 59 53.43 +14 57 15.2   16.186    n.a.  2.04550720200003  38.2365234  157.1156 /L    7.3789   2.6654305   284.26794   30.117336         n.a.     n.a.
 2026-Jan-10 21:57     08 59 53.25 +14 57 15.9   16.186    n.a.  2.04552253553720  38.2384458  157.1171 /L    7.3784   2.6654363   284.26737   30.118345         n.a.     n.a.
 2026-Jan-10 21:58     08 59 53.07 +14 57 16.5   16.186    n.a.  2.04553786984620  38.2403728  157.1185 /L    7.3779   2.6654420   284.26679   30.119359         n.a.     n.a.
 2026-Jan-10 21:59     08 59 52.90 +14 57 17.2   16.186    n.a.  2.04555320492881  38.2423044  157.1200 /L    7.3774   2.6654476   284.26621   30.120377         n.a.     n.a.
 2026-Jan-10 22:00     08 59 52.72 +14 57 17.8   16.186    n.a.  2.04556854078689  38.2442405  157.1214 /L    7.3769   2.6654530   284.26563   30.121399         n.a.     n.a.
 2026-Jan-10 22:01     08 59 52.54 +14 57 18.5   16.186    n.a.  2.04558387742225  38.2461811  157.1229 /L    7.3764   2.6654582   284.26505   30.122426         n.a.     n.a.
 2026-Jan-10 22:02     08 59 52.36 +14 57 19.1   16.186    n.a.  2.04559921483671  38.2481263  157.1243 /L    7.3759   2.6654633   284.26447   30.123457         n.a.     n.a.
 2026-Jan-10 22:03     08 59 52.18 +14 57 19.8   16.186    n.a.  2.04561455303208  38.2500760  157.1258 /L    7.3754   2.6654682   284.26389   30.124492         n.a.     n.a.
 2026-Jan-10 22:04     08 59 52.00 +14 57 20.4   16.186    n.a.  2.04562989201015  38.2520301  157.1272 /L    7.3749   2.6654730   284.26330   30.125532         n.a.     n.a.
 2026-Jan-10 22:05     08 59 51.83 +14 57 21.1   16.186    n.a.  2.04564523177276  38.2539887  157.1286 /L    7.3745   2.6654776   284.26272   30.126575         n.a.     n.a.
 2026-Jan-10 22:06     08 59 51.65 +14 57 21.7   16.186    n.a.  2.04566057232163  38.2559518  157.1301 /L    7.3740   2.6654821   284.26214   30.127624         n.a.     n.a.
 2026-Jan-10 22:07     08 59 51.47 +14 57 22.4   16.186    n.a.  2.04567591365858  38.2579193  157.1315 /L    7.3735   2.6654864   284.26156   30.128676         n.a.     n.a.
 2026-Jan-10 22:08     08 59 51.29 +14 57 23.0   16.186    n.a.  2.04569125578538  38.2598913  157.1330 /L    7.3730   2.6654905   284.26098   30.129733         n.a.     n.a.
 2026-Jan-10 22:09     08 59 51.11 +14 57 23.7   16.186    n.a.  2.04570659870380  38.2618676  157.1344 /L    7.3725   2.6654945   284.26040   30.130794         n.a.     n.a.
 2026-Jan-10 22:10     08 59 50.93 +14 57 24.3   16.186    n.a.  2.04572194241562  38.2638483  157.1359 /L    7.3720   2.6654983   284.25982   30.131860         n.a.     n.a.
 2026-Jan-10 22:11     08 59 50.76 +14 57 25.0   16.186    n.a.  2.04573728692261  38.2658334  157.1373 /L    7.3715   2.6655019   284.25923   30.132930         n.a.     n.a.
 2026-Jan-10 22:12     08 59 50.58 +14 57 25.6   16.186    n.a.  2.04575263222646  38.2678229  157.1388 /L    7.3710   2.6655054   284.25865   30.134004         n.a.     n.a.
 2026-Jan-10 22:13     08 59 50.40 +14 57 26.3   16.186    n.a.  2.04576797832895  38.2698167  157.1402 /L    7.3705   2.6655088   284.25807   30.135082         n.a.     n.a.
 2026-Jan-10 22:14     08 59 50.22 +14 57 26.9   16.186    n.a.  2.04578332523183  38.2718149  157.1417 /L    7.3700   2.6655119   284.25749   30.136165         n.a.     n.a.
 2026-Jan-10 22:15     08 59 50.04 +14 57 27.6   16.186    n.a.  2.04579867293681  38.2738173  157.1431 /L    7.3695   2.6655149   284.25691   30.137252         n.a.     n.a.
 2026-Jan-10 22:16     08 59 49.86 +14 57 28.2   16.186    n.a.  2.04581402144563  38.2758240  157.1445 /L    7.3690   2.6655178   284.25632   30.138343         n.a.     n.a.
 2026-Jan-10 22:17     08 59 49.69 +14 57 28.9   16.186    n.a.  2.04582937076003  38.2778351  157.1460 /L    7.3685   2.6655204   284.25574   30.139439         n.a.     n.a.
 2026-Jan-10 22:18     08 59 49.51 +14 57 29.5   16.186    n.a.  2.04584472088166  38.2798503  157.1474 /L    7.3680   2.6655229   284.25516   30.140539         n.a.     n.a.
 2026-Jan-10 22:19     08 59 49.33 +14 57 30.2   16.186    n.a.  2.04586007181227  38.2818698  157.1489 /L    7.3675   2.6655252   284.25457   30.141643         n.a.     n.a.
 2026-Jan-10 22:20     08 59 49.15 +14 57 30.8   16.186    n.a.  2.04587542355354  38.2838936  157.1503 /L    7.3670   2.6655274   284.25399   30.142751         n.a.     n.a.
 2026-Jan-10 22:21     08 59 48.97 +14 57 31.5   16.186    n.a.  2.04589077610717  38.2859215  157.1518 /L    7.3665   2.6655294   284.25341   30.143864         n.a.     n.a.
 2026-Jan-10 22:22     08 59 48.79 +14 57 32.1   16.186    n.a.  2.04590612947485  38.2879537  157.1532 /L    7.3660   2.6655312   284.25282   30.144981         n.a.     n.a.
 2026-Jan-10 22:23     08 59 48.62 +14 57 32.8   16.186    n.a.  2.04592148365827  38.2899900  157.1547 /L    7.3655   2.6655329   284.25224   30.146102         n.a.     n.a.
 2026-Jan-10 22:24     08 59 48.44 +14 57 33.4   16.186    n.a.  2.04593683865905  38.2920305  157.1561 /L    7.3650   2.6655344   284.25166   30.147227         n.a.     n.a.
 2026-Jan-10 22:25     08 59 48.26 +14 57 34.1   16.186    n.a.  2.04595219447889  38.2940751  157.1576 /L    7.3645   2.6655357   284.25107   30.148357         n.a.     n.a.
 2026-Jan-10 22:26     08 59 48.08 +14 57 34.7   16.186    n.a.  2.04596755111945  38.2961238  157.1590 /L    7.3640   2.6655368   284.25049   30.149491         n.a.     n.a.
 2026-Jan-10 22:27     08 59 47.90 +14 57 35.4   16.187    n.a.  2.04598290858236  38.2981767  157.1605 /L    7.3635   2.6655378   284.24991   30.150629         n.a.     n.a.
 2026-Jan-10 22:28     08 59 47.72 +14 57 36.0   16.187    n.a.  2.04599826686928  38.3002336  157.1619 /L    7.3630   2.6655386   284.24932   30.151771         n.a.     n.a.
 2026-Jan-10 22:29     08 59 47.55 +14 57 36.7   16.187    n.a.  2.04601362598187  38.3022946  157.1633 /L    7.3625   2.6655392   284.24874   30.152918         n.a.     n.a.
 2026-Jan-10 22:30     08 59 47.37 +14 57 37.4   16.187    n.a.  2.04602898592170  38.3043597  157.1648 /L    7.3620   2.6655396   284.24816   30.154069         n.a.     n.a.
 2026-Jan-10 22:31     08 59 47.19 +14 57 38.0   16.187    n.a.  2.04604434669042  38.3064288  157.1662 /L    7.3615   2.6655399   284.24757   30.155224         n.a.     n.a.
 2026-Jan-10 22:32     08 59 47.01 +14 57 38.7   16.187    n.a.  2.04605970828965  38.3085019  157.1677 /L    7.3610   2.6655400   284.24699   30.156383         n.a.     n.a.
 2026-Jan-10 22:33     08 59 46.83 +14 57 39.3   16.187    n.a.  2.04607507072099  38.3105790  157.1691 /L    7.3605   2.6655399   284.24641   30.157546         n.a.     n.a.
 2026-Jan-10 22:34     08 59 46.65 +14 57 40.0   16.187    n.a.  2.04609043398604  38.3126601  157.1706 /L    7.3600   2.6655396   284.24582   30.158714         n.a.     n.a.
 2026-Jan-10 22:35     08 59 46.48 +14 57 40.6   16.187    n.a.  2.04610579808644  38.3147451  157.1720 /L    7.3595   2.6655392   284.24524   30.159886         n.a.     n.a.
 2026-Jan-10 22:36     08 59 46.30 +14 57 41.3   16.187    n.a.  2.04612116302369  38.3168341  157.1735 /L    7.3590   2.6655385   284.24466   30.161062         n.a.     n.a.
 2026-Jan-10 22:37     08 59 46.12 +14 57 41.9   16.187    n.a.  2.04613652879941  38.3189271  157.1749 /L    7.3585   2.6655377   284.24407   30.162242         n.a.     n.a.
 2026-Jan-10 22:38     08 59 45.94 +14 57 42.6   16.187    n.a.  2.04615189541518  38.3210239  157.1764 /L    7.3580   2.6655367   284.24349   30.163426         n.a.     n.a.
 2026-Jan-10 22:39     08 59 45.76 +14 57 43.2   16.187    n.a.  2.04616726287255  38.3231246  157.1778 /L    7.3575   2.6655356   284.24291   30.164614         n.a.     n.a.
 2026-Jan-10 22:40     08 59 45.58 +14 57 43.9   16.187    n.a.  2.04618263117309  38.3252292  157.1793 /L    7.3570   2.6655342   284.24232   30.165807         n.a.     n.a.
 2026-Jan-10 22:41     08 59 45.41 +14 57 44.5   16.187    n.a.  2.04619800031837  38.3273377  157.1807 /L    7.3565   2.6655327   284.24174   30.167004         n.a.     n.a.
 2026-Jan-10 22:42     08 59 45.23 +14 57 45.2   16.187    n.a.  2.04621337030987  38.3294500  157.1821 /L    7.3560   2.6655310   284.24116   30.168205         n.a.     n.a.
 2026-Jan-10 22:43     08 59 45.05 +14 57 45.8   16.187    n.a.  2.04622874114916  38.3315661  157.1836 /L    7.3555   2.6655291   284.24057   30.169410         n.a.     n.a.
 2026-Jan-10 22:44     08 59 44.87 +14 57 46.5   16.187    n.a.  2.04624411283776  38.3336860  157.1850 /L    7.3550   2.6655270   284.23999   30.170619         n.a.     n.a.
 2026-Jan-10 22:45     08 59 44.69 +14 57 47.1   16.187    n.a.  2.04625948537720  38.3358097  157.1865 /L    7.3545   2.6655247   284.23941   30.171833         n.a.     n.a.
 2026-Jan-10 22:46     08 59 44.51 +14 57 47.8   16.187    n.a.  2.04627485876898  38.3379371  157.1879 /L    7.3540   2.6655223   284.23883   30.173050         n.a.     n.a.
 2026-Jan-10 22:47     08 59 44.34 +14 57 48.4   16.187    n.a.  2.04629023301464  38.3400683  157.1894 /L    7.3535   2.6655196   284.23824   30.174272         n.a.     n.a.
 2026-Jan-10 22:48     08 59 44.16 +14 57 49.1   16.187    n.a.  2.04630560811562  38.3422032  157.1908 /L    7.3530   2.6655168   284.23766   30.175497         n.a.     n.a.
 2026-Jan-10 22:49     08 59 43.98 +14 57 49.7   16.187    n.a.  2.04632098407343  38.3443418  157.1923 /L    7.3526   2.6655138   284.23708   30.176727         n.a.     n.a.
 2026-Jan-10 22:50     08 59 43.80 +14 57 50.4   16.187    n.a.  2.04633636088955  38.3464841  157.1937 /L    7.3521   2.6655106   284.23650   30.177961         n.a.     n.a.
 2026-Jan-10 22:51     08 59 43.62 +14 57 51.0   16.187    n.a.  2.04635173856547  38.3486301  157.1952 /L    7.3516   2.6655072   284.23591   30.179199         n.a.     n.a.
 2026-Jan-10 22:52     08 59 43.44 +14 57 51.7   16.187    n.a.  2.04636711710264  38.3507797  157.1966 /L    7.3511   2.6655036   284.23533   30.180441         n.a.     n.a.
 2026-Jan-10 22:53     08 59 43.27 +14 57 52.3   16.187    n.a.  2.04638249650255  38.3529329  157.1980 /L    7.3506   2.6654998   284.23475   30.181687         n.a.     n.a.
 2026-Jan-10 22:54     08 59 43.09 +14 57 53.0   16.187    n.a.  2.04639787676660  38.3550897  157.1995 /L    7.3501   2.6654959   284.23417   30.182937         n.a.     n.a.
 2026-Jan-10 22:55     08 59 42.91 +14 57 53.6   16.187    n.a.  2.04641325789625  38.3572502  157.2009 /L    7.3496   2.6654917   284.23359   30.184192         n.a.     n.a.
 2026-Jan-10 22:56     08 59 42.73 +14 57 54.3   16.187    n.a.  2.04642863989294  38.3594141  157.2024 /L    7.3491   2.6654874   284.23301   30.185450         n.a.     n.a.
 2026-Jan-10 22:57     08 59 42.55 +14 57 54.9   16.187    n.a.  2.04644402275810  38.3615817  157.2038 /L    7.3486   2.6654828   284.23243   30.186712         n.a.     n.a.
 2026-Jan-10 22:58     08 59 42.37 +14 57 55.6   16.187    n.a.  2.04645940649315  38.3637528  157.2053 /L    7.3481   2.6654781   284.23185   30.187979         n.a.     n.a.
 2026-Jan-10 22:59     08 59 42.20 +14 57 56.2   16.187    n.a.  2.04647479109952  38.3659273  157.2067 /L    7.3476   2.6654732   284.23127   30.189249         n.a.     n.a.
 2026-Jan-10 23:00     08 59 42.02 +14 57 56.9   16.188    n.a.  2.04649017657856  38.3681054  157.2082 /L    7.3471   2.6654681   284.23069   30.190524         n.a.     n.a.
 2026-Jan-10 23:01     08 59 41.84 +14 57 57.5   16.188    n.a.  2.04650556293169  38.3702869  157.2096 /L    7.3466   2.6654628   284.23011   30.191802         n.a.     n.a.
 2026-Jan-10 23:02     08 59 41.66 +14 57 58.2   16.188    n.a.  2.04652095016031  38.3724719  157.2111 /L    7.3461   2.6654572   284.22953   30.193084         n.a.     n.a.
 2026-Jan-10 23:03     08 59 41.48 +14 57 58.8   16.188    n.a.  2.04653633826578  38.3746603  157.2125 /L    7.3456   2.6654515   284.22895   30.194371         n.a.     n.a.
 2026-Jan-10 23:04     08 59 41.30 +14 57 59.5   16.188    n.a.  2.04655172724949  38.3768521  157.2140 /L    7.3451   2.6654456   284.22837   30.195661         n.a.     n.a.
 2026-Jan-10 23:05     08 59 41.13 +14 58 00.1   16.188    n.a.  2.04656711711282  38.3790473  157.2154 /L    7.3446   2.6654395   284.22779   30.196956         n.a.     n.a.
 2026-Jan-10 23:06     08 59 40.95 +14 58 00.8   16.188    n.a.  2.04658250785707  38.3812459  157.2168 /L    7.3441   2.6654333   284.22721   30.198254         n.a.     n.a.
 2026-Jan-10 23:07     08 59 40.77 +14 58 01.4   16.188    n.a.  2.04659789948361  38.3834478  157.2183 /L    7.3436   2.6654268   284.22663   30.199557         n.a.     n.a.
 2026-Jan-10 23:08     08 59 40.59 +14 58 02.1   16.188    n.a.  2.04661329199379  38.3856531  157.2197 /L    7.3431   2.6654201   284.22605   30.200863         n.a.     n.a.
 2026-Jan-10 23:09     08 59 40.41 +14 58 02.7   16.188    n.a.  2.04662868538894  38.3878617  157.2212 /L    7.3426   2.6654132   284.22547   30.202173         n.a.     n.a.
 2026-Jan-10 23:10     08 59 40.23 +14 58 03.4   16.188    n.a.  2.04664407967036  38.3900735  157.2226 /L    7.3421   2.6654061   284.22490   30.203487         n.a.     n.a.
 2026-Jan-10 23:11     08 59 40.06 +14 58 04.0   16.188    n.a.  2.04665947483942  38.3922886  157.2241 /L    7.3416   2.6653988   284.22432   30.204805         n.a.     n.a.
 2026-Jan-10 23:12     08 59 39.88 +14 58 04.7   16.188    n.a.  2.04667487089736  38.3945070  157.2255 /L    7.3411   2.6653913   284.22374   30.206128         n.a.     n.a.
 2026-Jan-10 23:13     08 59 39.70 +14 58 05.3   16.188    n.a.  2.04669026784549  38.3967285  157.2270 /L    7.3406   2.6653836   284.22317   30.207454         n.a.     n.a.
 2026-Jan-10 23:14     08 59 39.52 +14 58 06.0   16.188    n.a.  2.04670566568512  38.3989533  157.2284 /L    7.3401   2.6653757   284.22259   30.208783         n.a.     n.a.
 2026-Jan-10 23:15     08 59 39.34 +14 58 06.6   16.188    n.a.  2.04672106441752  38.4011813  157.2299 /L    7.3396   2.6653676   284.22201   30.210117         n.a.     n.a.
 2026-Jan-10 23:16     08 59 39.16 +14 58 07.3   16.188    n.a.  2.04673646404397  38.4034124  157.2313 /L    7.3391   2.6653593   284.22144   30.211455         n.a.     n.a.
 2026-Jan-10 23:17     08 59 38.98 +14 58 07.9   16.188    n.a.  2.04675186456575  38.4056467  157.2328 /L    7.3386   2.6653508   284.22086   30.212796         n.a.     n.a.
 2026-Jan-10 23:18     08 59 38.81 +14 58 08.6   16.188    n.a.  2.04676726598406  38.4078841  157.2342 /L    7.3381   2.6653421   284.22029   30.214142         n.a.     n.a.
 2026-Jan-10 23:19     08 59 38.63 +14 58 09.2   16.188    n.a.  2.04678266830019  38.4101246  157.2356 /L    7.3376   2.6653332   284.21971   30.215491         n.a.     n.a.
 2026-Jan-10 23:20     08 59 38.45 +14 58 09.9   16.188    n.a.  2.04679807151537  38.4123681  157.2371 /L    7.3371   2.6653241   284.21914   30.216844         n.a.     n.a.
 2026-Jan-10 23:21     08 59 38.27 +14 58 10.5   16.188    n.a.  2.04681347563083  38.4146148  157.2385 /L    7.3366   2.6653148   284.21856   30.218201         n.a.     n.a.
 2026-Jan-10 23:22     08 59 38.09 +14 58 11.2   16.188    n.a.  2.04682888064778  38.4168644  157.2400 /L    7.3361   2.6653053   284.21799   30.219562         n.a.     n.a.
 2026-Jan-10 23:23     08 59 37.91 +14 58 11.8   16.188    n.a.  2.04684428656749  38.4191171  157.2414 /L    7.3356   2.6652956   284.21742   30.220927         n.a.     n.a.
 2026-Jan-10 23:24     08 59 37.74 +14 58 12.5   16.188    n.a.  2.04685969339108  38.4213728  157.2429 /L    7.3351   2.6652856   284.21684   30.222295         n.a.     n.a.
 2026-Jan-10 23:25     08 59 37.56 +14 58 13.1   16.188    n.a.  2.04687510111978  38.4236314  157.2443 /L    7.3346   2.6652755   284.21627   30.223667         n.a.     n.a.
 2026-Jan-10 23:26     08 59 37.38 +14 58 13.8   16.188    n.a.  2.04689050975479  38.4258930  157.2458 /L    7.3341   2.6652651   284.21570   30.225043         n.a.     n.a.
 2026-Jan-10 23:27     08 59 37.20 +14 58 14.4   16.188    n.a.  2.04690591929727  38.4281575  157.2472 /L    7.3336   2.6652546   284.21513   30.226423         n.a.     n.a.
 2026-Jan-10 23:28     08 59 37.02 +14 58 15.1   16.188    n.a.  2.04692132974841  38.4304250  157.2487 /L    7.3331   2.6652438   284.21456   30.227807         n.a.     n.a.
 2026-Jan-10 23:29     08 59 36.84 +14 58 15.7   16.188    n.a.  2.04693674110939  38.4326953  157.2501 /L    7.3326   2.6652328   284.21399   30.229194         n.a.     n.a.
 2026-Jan-10 23:30     08 59 36.67 +14 58 16.4   16.188    n.a.  2.04695215338131  38.4349684  157.2516 /L    7.3321   2.6652217   284.21342   30.230585         n.a.     n.a.
 2026-Jan-10 23:31     08 59 36.49 +14 58 17.0   16.188    n.a.  2.04696756656533  38.4372445  157.2530 /L    7.3316   2.6652103   284.21285   30.231980         n.a.     n.a.
 2026-Jan-10 23:32     08 59 36.31 +14 58 17.7   16.189    n.a.  2.04698298066260  38.4395233  157.2544 /L    7.3311   2.6651987   284.21228   30.233379         n.a.     n.a.
 2026-Jan-10 23:33     08 59 36.13 +14 58 18.3   16.189    n.a.  2.04699839567424  38.4418049  157.2559 /L    7.3306   2.6651869   284.21171   30.234781         n.a.     n.a.
 2026-Jan-10 23:34     08 59 35.95 +14 58 19.0   16.189    n.a.  2.04701381160136  38.4440893  157.2573 /L    7.3302   2.6651748   284.21114   30.236187         n.a.     n.a.
 2026-Jan-10 23:35     08 59 35.77 +14 58 19.6   16.189    n.a.  2.04702922844512  38.4463765  157.2588 /L    7.3297   2.6651626   284.21057   30.237597         n.a.     n.a.
 2026-Jan-10 23:36     08 59 35.60 +14 58 20.3   16.189    n.a.  2.04704464620654  38.4486664  157.2602 /L    7.3292   2.6651501   284.21001   30.239011         n.a.     n.a.
 2026-Jan-10 23:37     08 59 35.42 +14 58 20.9   16.189    n.a.  2.04706006488675  38.4509590  157.2617 /L    7.3287   2.6651375   284.20944   30.240428         n.a.     n.a.
 2026-Jan-10 23:38     08 59 35.24 +14 58 21.6   16.189    n.a.  2.04707548448683  38.4532543  157.2631 /L    7.3282   2.6651246   284.20887   30.241849         n.a.     n.a.
 2026-Jan-10 23:39     08 59 35.06 +14 58 22.2   16.189    n.a.  2.04709090500786  38.4555523  157.2646 /L    7.3277   2.6651115   284.20831   30.243273         n.a.     n.a.
 2026-Jan-10 23:40     08 59 34.88 +14 58 22.9   16.189    n.a.  2.04710632645090  38.4578529  157.2660 /L    7.3272   2.6650982   284.20774   30.244701         n.a.     n.a.
 2026-Jan-10 23:41     08 59 34.70 +14 58 23.5   16.189    n.a.  2.04712174881703  38.4601561  157.2675 /L    7.3267   2.6650847   284.20718   30.246133         n.a.     n.a.
 2026-Jan-10 23:42     08 59 34.53 +14 58 24.2   16.189    n.a.  2.04713717210724  38.4624619  157.2689 /L    7.3262   2.6650710   284.20661   30.247569         n.a.     n.a.
 2026-Jan-10 23:43     08 59 34.35 +14 58 24.8   16.189    n.a.  2.04715259632260  38.4647703  157.2704 /L    7.3257   2.6650571   284.20605   30.249008         n.a.     n.a.
 2026-Jan-10 23:44     08 59 34.17 +14 58 25.5   16.189    n.a.  2.04716802146414  38.4670813  157.2718 /L    7.3252   2.6650429   284.20549   30.250450         n.a.     n.a.
 2026-Jan-10 23:45     08 59 33.99 +14 58 26.1   16.189    n.a.  2.04718344753288  38.4693948  157.2732 /L    7.3247   2.6650285   284.20492   30.251897         n.a.     n.a.
 2026-Jan-10 23:46     08 59 33.81 +14 58 26.8   16.189    n.a.  2.04719887452983  38.4717108  157.2747 /L    7.3242   2.6650139   284.20436   30.253346         n.a.     n.a.
 2026-Jan-10 23:47     08 59 33.63 +14 58 27.4   16.189    n.a.  2.04721430245602  38.4740293  157.2761 /L    7.3237   2.6649991   284.20380   30.254800         n.a.     n.a.
 2026-Jan-10 23:48     08 59 33.46 +14 58 28.0   16.189    n.a.  2.04722973131238  38.4763502  157.2776 /L    7.3232   2.6649841   284.20324   30.256257         n.a.     n.a.
 2026-Jan-10 23:49     08 59 33.28 +14 58 28.7   16.189    n.a.  2.04724516109993  38.4786736  157.2790 /L    7.3227   2.6649689   284.20268   30.257717         n.a.     n.a.
 2026-Jan-10 23:50     08 59 33.10 +14 58 29.3   16.189    n.a.  2.04726059181964  38.4809994  157.2805 /L    7.3222   2.6649534   284.20212   30.259182         n.a.     n.a.
 2026-Jan-10 23:51     08 59 32.92 +14 58 30.0   16.189    n.a.  2.04727602347248  38.4833276  157.2819 /L    7.3217   2.6649377   284.20156   30.260649         n.a.     n.a.
 2026-Jan-10 23:52     08 59 32.74 +14 58 30.6   16.189    n.a.  2.04729145605940  38.4856582  157.2834 /L    7.3212   2.6649218   284.20100   30.262120         n.a.     n.a.
 2026-Jan-10 23:53     08 59 32.56 +14 58 31.3   16.189    n.a.  2.04730688958138  38.4879912  157.2848 /L    7.3207   2.6649057   284.20045   30.263595         n.a.     n.a.
 2026-Jan-10 23:54     08 59 32.39 +14 58 31.9   16.189    n.a.  2.04732232403931  38.4903264  157.2863 /L    7.3202   2.6648894   284.19989   30.265073         n.a.     n.a.
 2026-Jan-10 23:55     08 59 32.21 +14 58 32.6   16.189    n.a.  2.04733775943412  38.4926640  157.2877 /L    7.3197   2.6648729   284.19933   30.266555         n.a.     n.a.
 2026-Jan-10 23:56     08 59 32.03 +14 58 33.2   16.189    n.a.  2.04735319576676  38.4950038  157.2892 /L    7.3192   2.6648561   284.19878   30.268040         n.a.     n.a.
 2026-Jan-10 23:57     08 59 31.85 +14 58 33.9   16.189    n.a.  2.04736863303811  38.4973459  157.2906 /L    7.3187   2.6648391   284.19822   30.269529         n.a.     n.a.
 2026-Jan-10 23:58     08 59 31.67 +14 58 34.5   16.189    n.a.  2.04738407124910  38.4996903  157.2920 /L    7.3182   2.6648219   284.19767   30.271021         n.a.     n.a.
 2026-Jan-10 23:59     08 59 31.49 +14 58 35.2   16.189    n.a.  2.04739951040064  38.5020368  157.2935 /L    7.3177   2.6648045   284.19711   30.272516         n.a.     n.a.
 2026-Jan-11 00:00     08 59 31.32 +14 58 35.8   16.189    n.a.  2.04741495049355  38.5043856  157.2949 /L    7.3172   2.6647868   284.19656   30.274015         n.a.     n.a.