 Date__(UT)__HR:MN     R.A._____(ICRF)_____DEC    T-mag   N-mag             delta      deldot     S-O-T /r     S-T-O  Sky_motion  Sky_mot_PA  RelVel-ANG  Lun_Sky_Brt  sky_SNR
 2026-Feb-10 00:00     07 27 46.85 +19 17 13.7   17.619    n.a.  3.06720301643310  74.6459411  149.7037 /T    7.2406   1.1475601   277.96425   60.316417         n.a.     n.a.
 2026-Feb-10 00:01     07 27 46.77 +19 17 13.8   17.619    n.a.  3.06723294944609  74.6475664  149.7027 /T    7.2408   1.1475134   277.96377   60.317717         n.a.     n.a.
 2026-Feb-10 00:02     07 27 46.69 +19 17 14.0   17.619    n.a.  3.06726288311023  74.6491888  149.7017 /T    7.2410   1.1474665   277.96329   60.319018         n.a.     n.a.
 2026-Feb-10 00:03     07 27 46.61 +19 17 14.1   17.619    n.a.  3.06729281742438  74.6508084  149.7006 /T    7.2412   1.1474196   277.96282   60.320322         n.a.     n.a.
 2026-Feb-10 00:04     07 27 46.53 +19 17 14.3   17.619    n.a.  3.06732275238741  74.6524251  149.6996 /T    7.2414   1.1473725   277.96235   60.321627         n.a.     n.a.
 2026-Feb-10 00:05     07 27 46.45 +19 17 14.5   17.619    n.a.  3.06735268799820  74.6540390  149.6986 /T    7.2416   1.1473252   277.96188   60.322934         n.a.     n.a.
 2026-Feb-10 00:06     07 27 46.37 +19 17 14.6   17.619    n.a.  3.06738262425548  74.6556499  149.6976 /T    7.2417   1.1472779   277.96141   60.324243         n.a.     n.a.
 2026-Feb-10 00:07     07 27 46.29 +19 17 14.8   17.619    n.a.  3.06741256115815  74.6572579  149.6965 /T    7.2419   1.1472304   277.96095   60.325553         n.a.     n.a.
 2026-Feb-10 00:08     07 27 46.21 +19 17 14.9   17.619    n.a.  3.06744249870502  74.6588629  149.6955 /T    7.2421   1.1471828   277.96049   60.326866         n.a.     n.a.
 2026-Feb-10 00:09     07 27 46.13 +19 17 15.1   17.619    n.a.  3.06747243689490  74.6604650  149.6945 /T    7.2423   1.1471350   277.96003   60.328180         n.a.     n.a.
 2026-Feb-10 00:10     07 27 46.05 +19 17 15.2   17.619    n.a.  3.06750237572660  74.6620641  149.6935 /T    7.2425   1.1470872   277.95957   60.329496         n.a.     n.a.
 2026-Feb-10 00:11     07 27 45.97 +19 17 15.4   17.619    n.a.  3.06753231519893  74.6636602  149.6924 /T    7.2426   1.1470391   277.95912   60.330813         n.a.     n.a.
 2026-Feb-10 00:12     07 27 45.89 +19 17 15.5   17.619    n.a.  3.06756225531071  74.6652532  149.6914 /T    7.2428   1.1469910   277.95866   60.332133         n.a.     n.a.
 2026-Feb-10 00:13     07 27 45.81 +19 17 15.7   17.619    n.a.  3.06759219606063  74.6668432  149.6904 /T    7.2430   1.1469428   277.95821   60.333454         n.a.     n.a.
 2026-Feb-10 00:14     07 27 45.73 +19 17 15.9   17.619    n.a.  3.06762213744750  74.6684301  149.6894 /T    7.2432   1.1468944   277.95777   60.334777         n.a.     n.a.
 2026-Feb-10 00:15     07 27 45.65 +19 17 16.0   17.619    n.a.  3.06765207947010  74.6700140  149.6883 /T    7.2434   1.1468459   277.95732   60.336101         n.a.     n.a.
 2026-Feb-10 00:16     07 27 45.57 +19 17 16.2   17.619    n.a.  3.06768202212718  74.6715947  149.6873 /T    7.2435   1.1467972   277.95688   60.337427         n.a.     n.a.
 2026-Feb-10 00:17     07 27 45.49 +19 17 16.3   17.619    n.a.  3.06771196541748  74.6731723  149.6863 /T    7.2437   1.1467485   277.95644   60.338755         n.a.     n.a.
 2026-Feb-10 00:18     07 27 45.41 +19 17 16.5   17.619    n.a.  3.06774190933975  74.6747467  149.6853 /T    7.2439   1.1466996   277.95600   60.340084         n.a.     n.a.
 2026-Feb-10 00:19     07 27 45.33 +19 17 16.6   17.619    n.a.  3.06777185389271  74.6763180  149.6842 /T    7.2441   1.1466506   277.95556   60.341415         n.a.     n.a.
 2026-Feb-10 00:20     07 27 45.25 +19 17 16.8   17.619    n.a.  3.06780179907516  74.6778860  149.6832 /T    7.2443   1.1466015   277.95513   60.342748         n.a.     n.a.
 2026-Feb-10 00:21     07 27 45.17 +19 17 17.0   17.619    n.a.  3.06783174488568  74.6794509  149.6822 /T    7.2445   1.1465522   277.95470   60.344082         n.a.     n.a.
 2026-Feb-10 00:22     07 27 45.09 +19 17 17.1   17.619    n.a.  3.06786169132305  74.6810125  149.6812 /T    7.2446   1.1465028   277.95427   60.345418         n.a.     n.a.
 2026-Feb-10 00:23     07 27 45.01 +19 17 17.3   17.619    n.a.  3.06789163838596  74.6825709  149.6801 /T    7.2448   1.1464533   277.95384   60.346755         n.a.     n.a.
 2026-Feb-10 00:24     07 27 44.93 +19 17 17.4   17.619    n.a.  3.06792158607311  74.6841259  149.6791 /T    7.2450   1.1464037   277.95342   60.348094         n.a.     n.a.
 2026-Feb-10 00:25     07 27 44.85 +19 17 17.6   17.620    n.a.  3.06795153438318  74.6856777  149.6781 /T    7.2452   1.1463540   277.95299   60.349435         n.a.     n.a.
 2026-Feb-10 00:26     07 27 44.77 +19 17 17.7   17.620    n.a.  3.06798148331484  74.6872262  149.6771 /T    7.2454   1.1463041   277.95257   60.350777         n.a.     n.a.
 2026-Feb-10 00:27     07 27 44.69 +19 17 17.9   17.620    n.a.  3.06801143286682  74.6887714  149.6760 /T    7.2455   1.1462541   277.95216   60.352120         n.a.     n.a.
 2026-Feb-10 00:28     07 27 44.61 +19 17 18.0   17.620    n.a.  3.06804138303767  74.6903132  149.6750 /T    7.2457   1.1462040   277.95174   60.353465         n.a.     n.a.
 2026-Feb-10 00:29     07 27 44.53 +19 17 18.2   17.620    n.a.  3.06807133382609  74.6918516  149.6740 /T    7.2459   1.1461538   277.95133   60.354811         n.a.     n.a.
 2026-Feb-10 00:30     07 27 44.45 +19 17 18.4   17.620    n.a.  3.06810128523073  74.6933867  149.6730 /T    7.2461   1.1461034   277.95092   60.356159         n.a.     n.a.
 2026-Feb-10 00:31     07 27 44.37 +19 17 18.5   17.620    n.a.  3.06813123725023  74.6949183  149.6719 /T    7.2463   1.1460530   277.95051   60.357508         n.a.     n.a.
 2026-Feb-10 00:32     07 27 44.29 +19 17 18.7   17.620    n.a.  3.06816118988321  74.6964465  149.6709 /T    7.2465   1.1460024   277.95011   60.358859         n.a.     n.a.
 2026-Feb-10 00:33     07 27 44.21 +19 17 18.8   17.620    n.a.  3.06819114312830  74.6979713  149.6699 /T    7.2466   1.1459517   277.94970   60.360211         n.a.     n.a.
 2026-Feb-10 00:34     07 27 44.13 +19 17 19.0   17.620    n.a.  3.06822109698411  74.6994926  149.6689 /T    7.2468   1.1459008   277.94930   60.361565         n.a.     n.a.
 2026-Feb-10 00:35     07 27 44.05 +19 17 19.1   17.620    n.a.  3.06825105144931  74.7010104  149.6678 /T    7.2470   1.1458499   277.94891   60.362919         n.a.     n.a.
 2026-Feb-10 00:36     07 27 43.97 +19 17 19.3   17.620    n.a.  3.06828100652237  74.7025247  149.6668 /T    7.2472   1.1457989   277.94851   60.364276         n.a.     n.a.
 2026-Feb-10 00:37     07 27 43.89 +19 17 19.4   17.620    n.a.  3.06831096220194  74.7040354  149.6658 /T    7.2474   1.1457477   277.94812   60.365633         n.a.     n.a.
 2026-Feb-10 00:38     07 27 43.81 +19 17 19.6   17.620    n.a.  3.06834091848661  74.7055427  149.6648 /T    7.2475   1.1456964   277.94773   60.366992         n.a.     n.a.
 2026-Feb-10 00:39     07 27 43.72 +19 17 19.8   17.620    n.a.  3.06837087537496  74.7070464  149.6637 /T    7.2477   1.1456450   277.94734   60.368352         n.a.     n.a.
 2026-Feb-10 00:40     07 27 43.64 +19 17 19.9   17.620    n.a.  3.06840083286555  74.7085464  149.6627 /T    7.2479   1.1455935   277.94696   60.369713         n.a.     n.a.
 2026-Feb-10 00:41     07 27 43.56 +19 17 20.1   17.620    n.a.  3.06843079095694  74.7100429  149.6617 /T    7.2481   1.1455418   277.94657   60.371076         n.a.     n.a.
 2026-Feb-10 00:42     07 27 43.48 +19 17 20.2   17.620    n.a.  3.06846074964774  74.7115358  149.6607 /T    7.2483   1.1454901   277.94619   60.372440         n.a.     n.a.
 2026-Feb-10 00:43     07 27 43.40 +19 17 20.4   17.620    n.a.  3.06849070893638  74.7130250  149.6596 /T    7.2484   1.1454382   277.94581   60.373805         n.a.     n.a.
 2026-Feb-10 00:44     07 27 43.32 +19 17 20.5   17.620    n.a.  3.06852066882147  74.7145106  149.6586 /T    7.2486   1.1453863   277.94544   60.375172         n.a.     n.a.
 2026-Feb-10 00:45     07 27 43.24 +19 17 20.7   17.620    n.a.  3.06855062930152  74.7159925  149.6576 /T    7.2488   1.1453342   277.94507   60.376539         n.a.     n.a.
 2026-Feb-10 00:46     07 27 43.16 +19 17 20.8   17.620    n.a.  3.06858059037507  74.7174708  149.6566 /T    7.2490   1.1452820   277.94470   60.377908         n.a.     n.a.
 2026-Feb-10 00:47     07 27 43.08 +19 17 21.0   17.620    n.a.  3.06861055204062  74.7189453  149.6555 /T    7.2492   1.1452297   277.94433   60.379278         n.a.     n.a.
 2026-Feb-10 00:48     07 27 43.00 +19 17 21.1   17.620    n.a.  3.06864051429670  74.7204160  149.6545 /T    7.2494   1.1451773   277.94396   60.380649         n.a.     n.a.
 2026-Feb-10 00:49     07 27 42.92 +19 17 21.3   17.620    n.a.  3.06867047714179  74.7218831  149.6535 /T    7.2495   1.1451247   277.94360   60.382021         n.a.     n.a.
 2026-Feb-10 00:50     07 27 42.84 +19 17 21.5   17.620    n.a.  3.06870044057445  74.7233463  149.6525 /T    7.2497   1.1450721   277.94324   60.383395         n.a.     n.a.
 2026-Feb-10 00:51     07 27 42.76 +19 17 21.6   17.620    n.a.  3.06873040459306  74.7248058  149.6514 /T    7.2499   1.1450193   277.94288   60.384769         n.a.     n.a.
 2026-Feb-10 00:52     07 27 42.68 +19 17 21.8   17.620    n.a.  3.06876036919615  74.7262615  149.6504 /T    7.2501   1.1449665   277.94253   60.386145         n.a.     n.a.
 2026-Feb-10 00:53     07 27 42.60 +19 17 21.9   17.620    n.a.  3.06879033438219  74.7277134  149.6494 /T    7.2503   1.1449135   277.94217   60.387522         n.a.     n.a.
 2026-Feb-10 00:54     07 27 42.52 +19 17 22.1   17.620    n.a.  3.06882030014964  74.7291614  149.6484 /T    7.2504   1.1448604   277.94182   60.388899         n.a.     n.a.
 2026-Feb-10 00:55     07 27 42.44 +19 17 22.2   17.621    n.a.  3.06885026649698  74.7306056  149.6473 /T    7.2506   1.1448073   277.94148   60.390278         n.a.     n.a.
 2026-Feb-10 00:56     07 27 42.36 +19 17 22.4   17.621    n.a.  3.06888023342265  74.7320459  149.6463 /T    7.2508   1.1447540   277.94113   60.391658         n.a.     n.a.
 2026-Feb-10 00:57     07 27 42.28 +19 17 22.5   17.621    n.a.  3.06891020092508  74.7334824  149.6453 /T    7.2510   1.1447006   277.94079   60.393039         n.a.     n.a.
 2026-Feb-10 00:58     07 27 42.20 +19 17 22.7   17.621    n.a.  3.06894016900279  74.7349149  149.6443 /T    7.2512   1.1446471   277.94045   60.394421         n.a.     n.a.
 2026-Feb-10 00:59     07 27 42.12 +19 17 22.9   17.621    n.a.  3.06897013765408  74.7363435  149.6432 /T    7.2513   1.1445935   277.94011   60.395804         n.a.     n.a.
 2026-Feb-10 01:00     07 27 42.04 +19 17 23.0   17.621    n.a.  3.06900010687743  74.7377681  149.6422 /T    7.2515   1.1445398   277.93978   60.397187         n.a.     n.a.
 2026-Feb-10 01:01     07 27 41.96 +19 17 23.2   17.621    n.a.  3.06903007667126  74.7391888  149.6412 /T    7.2517   1.1444859   277.93945   60.398572         n.a.     n.a.
 2026-Feb-10 01:02     07 27 41.88 +19 17 23.3   17.621    n.a.  3.06906004703398  74.7406055  149.6402 /T    7.2519   1.1444320   277.93912   60.399958         n.a.     n.a.
 2026-Feb-10 01:03     07 27 41.80 +19 17 23.5   17.621    n.a.  3.06909001796400  74.7420183  149.6391 /T    7.2521   1.1443780   277.93879   60.401344         n.a.     n.a.
 2026-Feb-10 01:04     07 27 41.72 +19 17 23.6   17.621    n.a.  3.06911998945970  74.7434270  149.6381 /T    7.2523   1.1443239   277.93847   60.402732         n.a.     n.a.
 2026-Feb-10 01:05     07 27 41.64 +19 17 23.8   17.621    n.a.  3.06914996151955  74.7448317  149.6371 /T    7.2524   1.1442696   277.93814   60.404120         n.a.     n.a.
 2026-Feb-10 01:06     07 27 41.56 +19 17 23.9   17.621    n.a.  3.06917993414179  74.7462323  149.6361 /T    7.2526   1.1442153   277.93783   60.405509         n.a.     n.a.
 2026-Feb-10 01:07     07 27 41.48 +19 17 24.1   17.621    n.a.  3.06920990732486  74.7476289  149.6351 /T    7.2528   1.1441609   277.93751   60.406900         n.a.     n.a.
 2026-Feb-10 01:08     07 27 41.40 +19 17 24.3   17.621    n.a.  3.06923988106715  74.7490215  149.6340 /T    7.2530   1.1441063   277.93720   60.408290         n.a.     n.a.
 2026-Feb-10 01:09     07 27 41.32 +19 17 24.4   17.621    n.a.  3.06926985536700  74.7504099  149.6330 /T    7.2532   1.1440517   277.93688   60.409682         n.a.     n.a.
 2026-Feb-10 01:10     07 27 41.24 +19 17 24.6   17.621    n.a.  3.06929983022277  74.7517942  149.6320 /T    7.2533   1.1439970   277.93658   60.411075         n.a.     n.a.
 2026-Feb-10 01:11     07 27 41.16 +19 17 24.7   17.621    n.a.  3.06932980563281  74.7531744  149.6310 /T    7.2535   1.1439421   277.93627   60.412468         n.a.     n.a.
 2026-Feb-10 01:12     07 27 41.08 +19 17 24.9   17.621    n.a.  3.06935978159547  74.7545504  149.6299 /T    7.2537   1.1438872   277.93597   60.413862         n.a.     n.a.
 2026-Feb-10 01:13     07 27 41.00 +19 17 25.0   17.621    n.a.  3.06938975810913  74.7559223  149.6289 /T    7.2539   1.1438322   277.93567   60.415257         n.a.     n.a.
 2026-Feb-10 01:14     07 27 40.92 +19 17 25.2   17.621    n.a.  3.06941973517202  74.7572900  149.6279 /T    7.2541   1.1437770   277.93537   60.416653         n.a.     n.a.
 2026-Feb-10 01:15     07 27 40.84 +19 17 25.3   17.621    n.a.  3.06944971278250  74.7586536  149.6269 /T    7.2542   1.1437218   277.93507   60.418049         n.a.     n.a.
 2026-Feb-10 01:16     07 27 40.76 +19 17 25.5   17.621    n.a.  3.06947969093891  74.7600129  149.6258 /T    7.2544   1.1436665   277.93478   60.419446         n.a.     n.a.
 2026-Feb-10 01:17     07 27 40.68 +19 17 25.6   17.621    n.a.  3.06950966963954  74.7613680  149.6248 /T    7.2546   1.1436111   277.93449   60.420844         n.a.     n.a.
 2026-Feb-10 01:18     07 27 40.60 +19 17 25.8   17.621    n.a.  3.06953964888271  74.7627188  149.6238 /T    7.2548   1.1435555   277.93420   60.422242         n.a.     n.a.
 2026-Feb-10 01:19     07 27 40.52 +19 17 26.0   17.621    n.a.  3.06956962866670  74.7640654  149.6228 /T    7.2550   1.1434999   277.93392   60.423641         n.a.     n.a.
 2026-Feb-10 01:20     07 27 40.44 +19 17 26.1   17.621    n.a.  3.06959960898987  74.7654078  149.6217 /T    7.2551   1.1434442   277.93364   60.425041         n.a.     n.a.
 2026-Feb-10 01:21     07 27 40.36 +19 17 26.3   17.621    n.a.  3.06962958985039  74.7667458  149.6207 /T    7.2553   1.1433884   277.93336   60.426441         n.a.     n.a.
 2026-Feb-10 01:22     07 27 40.28 +19 17 26.4   17.621    n.a.  3.06965957124659  74.7680796  149.6197 /T    7.2555   1.1433325   277.93308   60.427842         n.a.     n.a.
 2026-Feb-10 01:23     07 27 40.20 +19 17 26.6   17.621    n.a.  3.06968955317674  74.7694090  149.6187 /T    7.2557   1.1432766   277.93281   60.429243         n.a.     n.a.
 2026-Feb-10 01:24     07 27 40.12 +19 17 26.7   17.621    n.a.  3.06971953563912  74.7707341  149.6176 /T    7.2559   1.1432205   277.93254   60.430645         n.a.     n.a.
 2026-Feb-10 01:25     07 27 40.04 +19 17 26.9   17.621    n.a.  3.06974951863197  74.7720548  149.6166 /T    7.2560   1.1431643   277.93227   60.432048         n.a.     n.a.
 2026-Feb-10 01:26     07 27 39.96 +19 17 27.0   17.622    n.a.  3.06977950215356  74.7733712  149.6156 /T    7.2562   1.1431081   277.93200   60.433451         n.a.     n.a.
 2026-Feb-10 01:27     07 27 39.88 +19 17 27.2   17.622    n.a.  3.06980948620213  74.7746832  149.6146 /T    7.2564   1.1430517   277.93174   60.434854         n.a.     n.a.
 2026-Feb-10 01:28     07 27 39.80 +19 17 27.4   17.622    n.a.  3.06983947077598  74.7759909  149.6136 /T    7.2566   1.1429953   277.93148   60.436258         n.a.     n.a.
 2026-Feb-10 01:29     07 27 39.72 +19 17 27.5   17.622    n.a.  3.06986945587324  74.7772941  149.6125 /T    7.2568   1.1429387   277.93122   60.437663         n.a.     n.a.
 2026-Feb-10 01:30     07 27 39.64 +19 17 27.7   17.622    n.a.  3.06989944149218  74.7785929  149.6115 /T    7.2570   1.1428821   277.93097   60.439068         n.a.     n.a.
 2026-Feb-10 01:31     07 27 39.56 +19 17 27.8   17.622    n.a.  3.06992942763103  74.7798872  149.6105 /T    7.2571   1.1428254   277.93072   60.440474         n.a.     n.a.
 2026-Feb-10 01:32     07 27 39.48 +19 17 28.0   17.622    n.a.  3.06995941428801  74.7811771  149.6095 /T    7.2573   1.1427686   277.93047   60.441880         n.a.     n.a.
 2026-Feb-10 01:33     07 27 39.40 +19 17 28.1   17.622    n.a.  3.06998940146133  74.7824625  149.6084 /T    7.2575   1.1427117   277.93022   60.443286         n.a.     n.a.
 2026-Feb-10 01:34     07 27 39.32 +19 17 28.3   17.622    n.a.  3.07001938914919  74.7837435  149.6074 /T    7.2577   1.1426548   277.92998   60.444693         n.a.     n.a.
 2026-Feb-10 01:35     07 27 39.24 +19 17 28.4   17.622    n.a.  3.07004937734987  74.7850199  149.6064 /T    7.2579   1.1425977   277.92973   60.446100         n.a.     n.a.
 2026-Feb-10 01:36     07 27 39.16 +19 17 28.6   17.622    n.a.  3.07007936606142  74.7862919  149.6054 /T    7.2580   1.1425406   277.92950   60.447507         n.a.     n.a.
 2026-Feb-10 01:37     07 27 39.08 +19 17 28.7   17.622    n.a.  3.07010935528211  74.7875593  149.6043 /T    7.2582   1.1424834   277.92926   60.448915         n.a.     n.a.
 2026-Feb-10 01:38     07 27 39.00 +19 17 28.9   17.622    n.a.  3.07013934501010  74.7888222  149.6033 /T    7.2584   1.1424260   277.92903   60.450323         n.a.     n.a.
 2026-Feb-10 01:39     07 27 38.92 +19 17 29.1   17.622    n.a.  3.07016933524359  74.7900805  149.6023 /T    7.2586   1.1423687   277.92880   60.451732         n.a.     n.a.
 2026-Feb-10 01:40     07 27 38.84 +19 17 29.2   17.622    n.a.  3.07019932598073  74.7913342  149.6013 /T    7.2588   1.1423112   277.92857   60.453141         n.a.     n.a.
 2026-Feb-10 01:41     07 27 38.76 +19 17 29.4   17.622    n.a.  3.07022931721970  74.7925834  149.6002 /T    7.2589   1.1422536   277.92834   60.454550         n.a.     n.a.
 2026-Feb-10 01:42     07 27 38.68 +19 17 29.5   17.622    n.a.  3.07025930895866  74.7938280  149.5992 /T    7.2591   1.1421960   277.92812   60.455959         n.a.     n.a.
 2026-Feb-10 01:43     07 27 38.60 +19 17 29.7   17.622    n.a.  3.07028930119582  74.7950680  149.5982 /T    7.2593   1.1421383   277.92790   60.457369         n.a.     n.a.
 2026-Feb-10 01:44     07 27 38.52 +19 17 29.8   17.622    n.a.  3.07031929392921  74.7963033  149.5972 /T    7.2595   1.1420805   277.92769   60.458779         n.a.     n.a.
 2026-Feb-10 01:45     07 27 38.44 +19 17 30.0   17.622    n.a.  3.07034928715704  74.7975340  149.5962 /T    7.2597   1.1420226   277.92747   60.460189         n.a.     n.a.
 2026-Feb-10 01:46     07 27 38.36 +19 17 30.1   17.622    n.a.  3.07037928087743  74.7987601  149.5951 /T    7.2598   1.1419646   277.92726   60.461599         n.a.     n.a.
 2026-Feb-10 01:47     07 27 38.28 +19 17 30.3   17.622    n.a.  3.07040927508853  74.7999815  149.5941 /T    7.2600   1.1419066   277.92705   60.463009         n.a.     n.a.
 2026-Feb-10 01:48     07 27 38.20 +19 17 30.4   17.622    n.a.  3.07043926978847  74.8011982  149.5931 /T    7.2602   1.1418485   277.92685   60.464420         n.a.     n.a.
 2026-Feb-10 01:49     07 27 38.12 +19 17 30.6   17.622    n.a.  3.07046926497536  74.8024103  149.5921 /T    7.2604   1.1417903   277.92665   60.465831         n.a.     n.a.
 2026-Feb-10 01:50     07 27 38.04 +19 17 30.8   17.622    n.a.  3.07049926064738  74.8036176  149.5910 /T    7.2606   1.1417320   277.92645   60.467241         n.a.     n.a.
 2026-Feb-10 01:51     07 27 37.96 +19 17 30.9   17.622    n.a.  3.07052925680252  74.8048202  149.5900 /T    7.2607   1.1416736   277.92625   60.468652         n.a.     n.a.
 2026-Feb-10 01:52     07 27 37.88 +19 17 31.1   17.622    n.a.  3.07055925343896  74.8060181  149.5890 /T    7.2609   1.1416152   277.92605   60.470063         n.a.     n.a.
 2026-Feb-10 01:53     07 27 37.80 +19 17 31.2   17.622    n.a.  3.07058925055479  74.8072113  149.5880 /T    7.2611   1.1415567   277.92586   60.471475         n.a.     n.a.
 2026-Feb-10 01:54     07 27 37.72 +19 17 31.4   17.622    n.a.  3.07061924814810  74.8083996  149.5870 /T    7.2613   1.1414981   277.92567   60.472886         n.a.     n.a.
 2026-Feb-10 01:55     07 27 37.64 +19 17 31.5   17.622    n.a.  3.07064924621699  74.8095833  149.5859 /T    7.2615   1.1414395   277.92549   60.474297         n.a.     n.a.
 2026-Feb-10 01:56     07 27 37.56 +19 17 31.7   17.622    n.a.  3.07067924475955  74.8107621  149.5849 /T    7.2616   1.1413808   277.92530   60.475708         n.a.     n.a.
 2026-Feb-10 01:57     07 27 37.48 +19 17 31.8   17.623    n.a.  3.07070924377385  74.8119362  149.5839 /T    7.2618   1.1413220   277.92512   60.477120         n.a.     n.a.
 2026-Feb-10 01:58     07 27 37.40 +19 17 32.0   17.623    n.a.  3.07073924325804  74.8131054  149.5829 /T    7.2620   1.1412631   277.92495   60.478531         n.a.     n.a.
 2026-Feb-10 01:59     07 27 37.32 +19 17 32.1   17.623    n.a.  3.07076924321005  74.8142699  149.5818 /T    7.2622   1.1412042   277.92477   60.479942         n.a.     n.a.
 2026-Feb-10 02:00     07 27 37.24 +19 17 32.3   17.623    n.a.  3.07079924362803  74.8154295  149.5808 /T    7.2624   1.1411452   277.92460   60.481353         n.a.     n.a.
 2026-Feb-10 02:01     07 27 37.17 +19 17 32.5   17.623    n.a.  3.07082924451002  74.8165842  149.5798 /T    7.2625   1.1410861   277.92443   60.482765         n.a.     n.a.
 2026-Feb-10 02:02     07 27 37.09 +19 17 32.6   17.623    n.a.  3.07085924585409  74.8177341  149.5788 /T    7.2627   1.1410269   277.92426   60.484176         n.a.     n.a.
 2026-Feb-10 02:03     07 27 37.01 +19 17 32.8   17.623    n.a.  3.07088924765828  74.8188792  149.5777 /T    7.2629   1.1409677   277.92410   60.485587         n.a.     n.a.
 2026-Feb-10 02:04     07 27 36.93 +19 17 32.9   17.623    n.a.  3.07091924992065  74.8200193  149.5767 /T    7.2631   1.1409084   277.92394   60.486998         n.a.     n.a.
 2026-Feb-10 02:05     07 27 36.85 +19 17 33.1   17.623    n.a.  3.07094925263923  74.8211546  149.5757 /T    7.2633   1.1408491   277.92378   60.488408         n.a.     n.a.
 2026-Feb-10 02:06     07 27 36.77 +19 17 33.2   17.623    n.a.  3.07097925581213  74.8222850  149.5747 /T    7.2634   1.1407896   277.92363   60.489819         n.a.     n.a.
 2026-Feb-10 02:07     07 27 36.69 +19 17 33.4   17.623    n.a.  3.07100925943725  74.8234105  149.5737 /T    7.2636   1.1407301   277.92347   60.491230         n.a.     n.a.
 2026-Feb-10 02:08     07 27 36.61 +19 17 33.5   17.623    n.a.  3.07103926351268  74.8245310  149.5726 /T    7.2638   1.1406706   277.92332   60.492640         n.a.     n.a.
 2026-Feb-10 02:09     07 27 36.53 +19 17 33.7   17.623    n.a.  3.07106926803645  74.8256466  149.5716 /T    7.2640   1.1406110   277.92318   60.494050         n.a.     n.a.
 2026-Feb-10 02:10     07 27 36.45 +19 17 33.8   17.623    n.a.  3.07109927300658  74.8267573  149.5706 /T    7.2642   1.1405513   277.92303   60.495460         n.a.     n.a.
 2026-Feb-10 02:11     07 27 36.37 +19 17 34.0   17.623    n.a.  3.07112927842107  74.8278630  149.5696 /T    7.2643   1.1404915   277.92289   60.496870         n.a.     n.a.
 2026-Feb-10 02:12     07 27 36.29 +19 17 34.2   17.623    n.a.  3.07115928427794  74.8289637  149.5685 /T    7.2645   1.1404317   277.92275   60.498279         n.a.     n.a.
 2026-Feb-10 02:13  m  07 27 36.21 +19 17 34.3   17.623    n.a.  3.07118929057526  74.8300595  149.5675 /T    7.2647   1.1403718   277.92262   60.499688        0.518     n.a.
 2026-Feb-10 02:14  m  07 27 36.13 +19 17 34.5   17.623    n.a.  3.07121929731090  74.8311502  149.5665 /T    7.2649   1.1403119   277.92248   60.501097        0.518     n.a.
 2026-Feb-10 02:15  m  07 27 36.05 +19 17 34.6   17.623    n.a.  3.07124930448293  74.8322360  149.5655 /T    7.2651   1.1402519   277.92235   60.502506        0.518     n.a.
 2026-Feb-10 02:16  m  07 27 35.97 +19 17 34.8   17.623    n.a.  3.07127931208933  74.8333167  149.5645 /T    7.2652   1.1401918   277.92223   60.503914        0.518     n.a.
 2026-Feb-10 02:17  m  07 27 35.89 +19 17 34.9   17.623    n.a.  3.07130932012809  74.8343925  149.5634 /T    7.2654   1.1401317   277.92210   60.505322        0.518     n.a.
 2026-Feb-10 02:18  m  07 27 35.81 +19 17 35.1   17.623    n.a.  3.07133932859720  74.8354631  149.5624 /T    7.2656   1.1400715   277.92198   60.506730        0.518     n.a.
 2026-Feb-10 02:19  m  07 27 35.73 +19 17 35.2   17.623    n.a.  3.07136933749463  74.8365288  149.5614 /T    7.2658   1.1400113   277.92186   60.508137        0.518     n.a.
 2026-Feb-10 02:20  m  07 27 35.65 +19 17 35.4   17.623    n.a.  3.07139934681836  74.8375894  149.5604 /T    7.2660   1.1399510   277.92175   60.509544        0.518     n.a.
 2026-Feb-10 02:21  m  07 27 35.57 +19 17 35.5   17.623    n.a.  3.07142935656643  74.8386449  149.5593 /T    7.2661   1.1398906   277.92163   60.510950        0.518     n.a.
 2026-Feb-10 02:22  m  07 27 35.49 +19 17 35.7   17.623    n.a.  3.07145936673667  74.8396954  149.5583 /T    7.2663   1.1398302   277.92152   60.512357        0.519     n.a.
 2026-Feb-10 02:23  m  07 27 35.41 +19 17 35.8   17.623    n.a.  3.07148937732712  74.8407407  149.5573 /T    7.2665   1.1397697   277.92141   60.513762        0.519     n.a.
 2026-Feb-10 02:24  m  07 27 35.33 +19 17 36.0   17.623    n.a.  3.07151938833572  74.8417810  149.5563 /T    7.2667   1.1397092   277.92131   60.515167        0.519     n.a.
 2026-Feb-10 02:25  m  07 27 35.25 +19 17 36.2   17.623    n.a.  3.07154939976045  74.8428162  149.5553 /T    7.2669   1.1396486   277.92121   60.516572        0.520     n.a.
 2026-Feb-10 02:26  m  07 27 35.17 +19 17 36.3   17.623    n.a.  3.07157941159924  74.8438463  149.5542 /T    7.2670   1.1395880   277.92111   60.517977        0.520     n.a.
 2026-Feb-10 02:27  m  07 27 35.09 +19 17 36.5   17.623    n.a.  3.07160942385004  74.8448712  149.5532 /T    7.2672   1.1395273   277.92101   60.519380        0.521     n.a.
 2026-Feb-10 02:28  m  07 27 35.01 +19 17 36.6   17.624    n.a.  3.07163943651087  74.8458910  149.5522 /T    7.2674   1.1394665   277.92092   60.520784        0.521     n.a.
 2026-Feb-10 02:29  m  07 27 34.93 +19 17 36.8   17.624    n.a.  3.07166944957953  74.8469056  149.5512 /T    7.2676   1.1394057   277.92083   60.522186        0.522     n.a.
 2026-Feb-10 02:30  m  07 27 34.85 +19 17 36.9   17.624    n.a.  3.07169946305402  74.8479151  149.5502 /T    7.2678   1.1393449   277.92074   60.523589        0.522     n.a.
 2026-Feb-10 02:31  m  07 27 34.77 +19 17 37.1   17.624    n.a.  3.07172947693228  74.8489195  149.5491 /T    7.2679   1.1392840   277.92066   60.524990        0.523     n.a.
 2026-Feb-10 02:32  m  07 27 34.69 +19 17 37.2   17.624    n.a.  3.07175949121223  74.8499187  149.5481 /T    7.2681   1.1392230   277.92057   60.526391        0.523     n.a.
 2026-Feb-10 02:33  m  07 27 34.61 +19 17 37.4   17.624    n.a.  3.07178950589180  74.8509127  149.5471 /T    7.2683   1.1391620   277.92050   60.527792        0.524     n.a.
 2026-Feb-10 02:34  m  07 27 34.53 +19 17 37.5   17.624    n.a.  3.07181952096892  74.8519015  149.5461 /T    7.2685   1.1391009   277.92042   60.529192        0.525     n.a.
 2026-Feb-10 02:35  m  07 27 34.45 +19 17 37.7   17.624    n.a.  3.07184953644148  74.8528851  149.5450 /T    7.2687   1.1390398   277.92035   60.530591        0.526     n.a.
 2026-Feb-10 02:36  m  07 27 34.37 +19 17 37.9   17.624    n.a.  3.07187955230748  74.8538635  149.5440 /T    7.2688   1.1389787   277.92027   60.531989        0.526     n.a.
 2026-Feb-10 02:37  m  07 27 34.29 +19 17 38.0   17.624    n.a.  3.07190956856470  74.8548366  149.5430 /T    7.2690   1.1389175   277.92021   60.533387        0.527     n.a.
 2026-Feb-10 02:38  m  07 27 34.21 +19 17 38.2   17.624    n.a.  3.07193958521111  74.8558046  149.5420 /T    7.2692   1.1388563   277.92014   60.534785        0.528     n.a.
 2026-Feb-10 02:39  m  07 27 34.13 +19 17 38.3   17.624    n.a.  3.07196960224461  74.8567673  149.5410 /T    7.2694   1.1387950   277.92008   60.536181        0.529     n.a.
 2026-Feb-10 02:40  m  07 27 34.05 +19 17 38.5   17.624    n.a.  3.07199961966311  74.8577248  149.5399 /T    7.2696   1.1387336   277.92002   60.537577        0.530     n.a.
 2026-Feb-10 02:41  m  07 27 33.97 +19 17 38.6   17.624    n.a.  3.07202963746449  74.8586771  149.5389 /T    7.2697   1.1386722   277.91996   60.538972        0.530     n.a.
 2026-Feb-10 02:42  m  07 27 33.90 +19 17 38.8   17.624    n.a.  3.07205965564665  74.8596240  149.5379 /T    7.2699   1.1386108   277.91991   60.540367        0.531     n.a.
 2026-Feb-10 02:43  m  07 27 33.82 +19 17 38.9   17.624    n.a.  3.07208967420755  74.8605657  149.5369 /T    7.2701   1.1385494   277.91986   60.541760        0.532     n.a.
 2026-Feb-10 02:44  m  07 27 33.74 +19 17 39.1   17.624    n.a.  3.07211969314495  74.8615022  149.5359 /T    7.2703   1.1384878   277.91981   60.543153        0.533     n.a.
 2026-Feb-10 02:45  m  07 27 33.66 +19 17 39.2   17.624    n.a.  3.07214971245679  74.8624334  149.5348 /T    7.2705   1.1384263   277.91976   60.544545        0.534     n.a.
 2026-Feb-10 02:46  m  07 27 33.58 +19 17 39.4   17.624    n.a.  3.07217973214096  74.8633592  149.5338 /T    7.2706   1.1383647   277.91972   60.545936        0.535     n.a.
 2026-Feb-10 02:47  m  07 27 33.50 +19 17 39.5   17.624    n.a.  3.07220975219533  74.8642798  149.5328 /T    7.2708   1.1383031   277.91968   60.547327        0.536     n.a.
 2026-Feb-10 02:48  m  07 27 33.42 +19 17 39.7   17.624    n.a.  3.07223977261777  74.8651951  149.5318 /T    7.2710   1.1382414   277.91965   60.548716        0.537     n.a.
 2026-Feb-10 02:49  m  07 27 33.34 +19 17 39.9   17.624    n.a.  3.07226979340617  74.8661050  149.5307 /T    7.2712   1.1381797   277.91961   60.550105        0.539     n.a.
 2026-Feb-10 02:50  m  07 27 33.26 +19 17 40.0   17.624    n.a.  3.07229981455838  74.8670097  149.5297 /T    7.2714   1.1381179   277.91958   60.551493        0.540     n.a.
 2026-Feb-10 02:51  m  07 27 33.18 +19 17 40.2   17.624    n.a.  3.07232983607233  74.8679090  149.5287 /T    7.2715   1.1380561   277.91955   60.552880        0.541     n.a.
 2026-Feb-10 02:52  m  07 27 33.10 +19 17 40.3   17.624    n.a.  3.07235985794577  74.8688030  149.5277 /T    7.2717   1.1379943   277.91953   60.554266        0.542     n.a.
 2026-Feb-10 02:53  m  07 27 33.02 +19 17 40.5   17.624    n.a.  3.07238988017662  74.8696916  149.5267 /T    7.2719   1.1379324   277.91950   60.555651        0.543     n.a.
 2026-Feb-10 02:54  m  07 27 32.94 +19 17 40.6   17.624    n.a.  3.07241990276273  74.8705749  149.5256 /T    7.2721   1.1378705   277.91948   60.557035        0.544     n.a.
 2026-Feb-10 02:55  m  07 27 32.86 +19 17 40.8   17.624    n.a.  3.07244992570195  74.8714528  149.5246 /T    7.2723   1.1378086   277.91947   60.558418        0.546     n.a.
 2026-Feb-10 02:56  m  07 27 32.78 +19 17 40.9   17.624    n.a.  3.07247994899214  74.8723254  149.5236 /T    7.2724   1.1377466   277.91945   60.559800        0.547     n.a.
 2026-Feb-10 02:57  m  07 27 32.70 +19 17 41.1   17.624    n.a.  3.07250997263115  74.8731926  149.5226 /T    7.2726   1.1376846   277.91944   60.561182        0.548     n.a.
 2026-Feb-10 02:58  m  07 27 32.62 +19 17 41.2   17.625    n.a.  3.07253999661689  74.8740545  149.5216 /T    7.2728   1.1376225   277.91943   60.562562        0.549     n.a.
 2026-Feb-10 02:59  m  07 27 32.54 +19 17 41.4   17.625    n.a.  3.07257002094707  74.8749109  149.5205 /T    7.2730   1.1375605   277.91943   60.563941        0.551     n.a.
 2026-Feb-10 03:00  m  07 27 32.46 +19 17 41.5   17.625    n.a.  3.07260004561961  74.8757620  149.5195 /T    7.2732   1.1374984   277.91942   60.565319        0.552     n.a.
 2026-Feb-10 03:01  m  07 27 32.38 +19 17 41.7   17.625    n.a.  3.07263007063233  74.8766077  149.5185 /T    7.2733   1.1374362   277.91942   60.566696        0.553     n.a.
 2026-Feb-10 03:02  m  07 27 32.30 +19 17 41.9   17.625    n.a.  3.07266009598307  74.8774480  149.5175 /T    7.2735   1.1373741   277.91942   60.568072        0.555     n.a.
 2026-Feb-10 03:03  m  07 27 32.22 +19 17 42.0   17.625    n.a.  3.07269012166967  74.8782828  149.5165 /T    7.2737   1.1373119   277.91943   60.569447        0.556     n.a.
 2026-Feb-10 03:04  m  07 27 32.14 +19 17 42.2   17.625    n.a.  3.07272014768996  74.8791123  149.5154 /T    7.2739   1.1372496   277.91944   60.570821        0.557     n.a.
 2026-Feb-10 03:05  m  07 27 32.06 +19 17 42.3   17.625    n.a.  3.07275017404176  74.8799363  149.5144 /T    7.2741   1.1371874   277.91945   60.572194        0.559     n.a.
 2026-Feb-10 03:06  m  07 27 31.98 +19 17 42.5   17.625    n.a.  3.07278020072297  74.8807549  149.5134 /T    7.2742   1.1371251   277.91946   60.573565        0.560     n.a.
 2026-Feb-10 03:07  m  07 27 31.91 +19 17 42.6   17.625    n.a.  3.07281022773129  74.8815681  149.5124 /T    7.2744   1.1370628   277.91948   60.574936        0.561     n.a.
 2026-Feb-10 03:08  m  07 27 31.83 +19 17 42.8   17.625    n.a.  3.07284025506460  74.8823759  149.5114 /T    7.2746   1.1370004   277.91950   60.576305        0.563     n.a.
 2026-Feb-10 03:09  m  07 27 31.75 +19 17 42.9   17.625    n.a.  3.07287028272072  74.8831782  149.5103 /T    7.2748   1.1369381   277.91952   60.577673        0.564     n.a.
 2026-Feb-10 03:10  m  07 27 31.67 +19 17 43.1   17.625    n.a.  3.07290031069747  74.8839751  149.5093 /T    7.2749   1.1368757   277.91954   60.579040        0.566     n.a.
 2026-Feb-10 03:11  m  07 27 31.59 +19 17 43.2   17.625    n.a.  3.07293033899266  74.8847665  149.5083 /T    7.2751   1.1368133   277.91957   60.580405        0.567     n.a.
 2026-Feb-10 03:12  m  07 27 31.51 +19 17 43.4   17.625    n.a.  3.07296036760411  74.8855525  149.5073 /T    7.2753   1.1367508   277.91960   60.581770        0.569     n.a.
 2026-Feb-10 03:13  m  07 27 31.43 +19 17 43.5   17.625    n.a.  3.07299039652963  74.8863330  149.5063 /T    7.2755   1.1366883   277.91964   60.583133        0.570     n.a.
 2026-Feb-10 03:14  m  07 27 31.35 +19 17 43.7   17.625    n.a.  3.07302042576708  74.8871080  149.5052 /T    7.2757   1.1366259   277.91967   60.584495        0.572     n.a.
 2026-Feb-10 03:15  m  07 27 31.27 +19 17 43.9   17.625    n.a.  3.07305045531417  74.8878776  149.5042 /T    7.2758   1.1365634   277.91971   60.585855        0.573     n.a.
 2026-Feb-10 03:16  m  07 27 31.19 +19 17 44.0   17.625    n.a.  3.07308048516874  74.8886417  149.5032 /T    7.2760   1.1365008   277.91975   60.587215        0.575     n.a.
 2026-Feb-10 03:17  m  07 27 31.11 +19 17 44.2   17.625    n.a.  3.07311051532861  74.8894003  149.5022 /T    7.2762   1.1364383   277.91980   60.588572        0.576     n.a.
 2026-Feb-10 03:18  m  07 27 31.03 +19 17 44.3   17.625    n.a.  3.07314054579158  74.8901535  149.5012 /T    7.2764   1.1363757   277.91984   60.589929        0.578     n.a.
 2026-Feb-10 03:19  m  07 27 30.95 +19 17 44.5   17.625    n.a.  3.07317057655545  74.8909011  149.5001 /T    7.2766   1.1363131   277.91989   60.591284        0.579     n.a.
 2026-Feb-10 03:20  m  07 27 30.87 +19 17 44.6   17.625    n.a.  3.07320060761801  74.8916433  149.4991 /T    7.2767   1.1362505   277.91995   60.592638        0.581     n.a.
 2026-Feb-10 03:21  m  07 27 30.79 +19 17 44.8   17.625    n.a.  3.07323063897713  74.8923799  149.4981 /T    7.2769   1.1361879   277.92000   60.593991        0.582     n.a.
 2026-Feb-10 03:22  m  07 27 30.71 +19 17 44.9   17.625    n.a.  3.07326067063048  74.8931111  149.4971 /T    7.2771   1.1361252   277.92006   60.595342        0.584     n.a.
 2026-Feb-10 03:23  m  07 27 30.63 +19 17 45.1   17.625    n.a.  3.07329070257591  74.8938368  149.4961 /T    7.2773   1.1360626   277.92012   60.596692        0.586     n.a.
 2026-Feb-10 03:24  m  07 27 30.55 +19 17 45.2   17.625    n.a.  3.07332073481121  74.8945569  149.4950 /T    7.2775   1.1359999   277.92018   60.598040        0.587     n.a.
 2026-Feb-10 03:25  m  07 27 30.47 +19 17 45.4   17.625    n.a.  3.07335076733418  74.8952716  149.4940 /T    7.2776   1.1359372   277.92025   60.599387        0.589     n.a.
 2026-Feb-10 03:26  m  07 27 30.39 +19 17 45.5   17.625    n.a.  3.07338080014261  74.8959807  149.4930 /T    7.2778   1.1358745   277.92032   60.600732        0.590     n.a.
 2026-Feb-10 03:27  m  07 27 30.31 +19 17 45.7   17.625    n.a.  3.07341083323427  74.8966843  149.4920 /T    7.2780   1.1358118   277.92039   60.602076        0.592     n.a.
 2026-Feb-10 03:28  m  07 27 30.24 +19 17 45.8   17.625    n.a.  3.07344086660697  74.8973824  149.4910 /T    7.2782   1.1357491   277.92047   60.603419        0.594     n.a.
 2026-Feb-10 03:29  m  07 27 30.16 +19 17 46.0   17.626    n.a.  3.07347090025854  74.8980749  149.4899 /T    7.2784   1.1356863   277.92054   60.604760        0.595     n.a.
 2026-Feb-10 03:30  m  07 27 30.08 +19 17 46.2   17.626    n.a.  3.07350093418664  74.8987620  149.4889 /T    7.2785   1.1356236   277.92062   60.606099        0.597     n.a.
 2026-Feb-10 03:31  m  07 27 30.00 +19 17 46.3   17.626    n.a.  3.07353096838913  74.8994434  149.4879 /T    7.2787   1.1355608   277.92071   60.607437        0.598     n.a.
 2026-Feb-10 03:32  m  07 27 29.92 +19 17 46.5   17.626    n.a.  3.07356100286377  74.9001194  149.4869 /T    7.2789   1.1354980   277.92079   60.608773        0.600     n.a.
 2026-Feb-10 03:33  m  07 27 29.84 +19 17 46.6   17.626    n.a.  3.07359103760836  74.9007898  149.4859 /T    7.2791   1.1354352   277.92088   60.610108        0.602     n.a.
 2026-Feb-10 03:34  m  07 27 29.76 +19 17 46.8   17.626    n.a.  3.07362107262067  74.9014547  149.4848 /T    7.2792   1.1353724   277.92097   60.611441        0.603     n.a.
 2026-Feb-10 03:35  m  07 27 29.68 +19 17 46.9   17.626    n.a.  3.07365110789847  74.9021141  149.4838 /T    7.2794   1.1353096   277.92107   60.612773        0.605     n.a.
 2026-Feb-10 03:36  m  07 27 29.60 +19 17 47.1   17.626    n.a.  3.07368114343961  74.9027678  149.4828 /T    7.2796   1.1352468   277.92116   60.614103        0.607     n.a.
 2026-Feb-10 03:37  m  07 27 29.52 +19 17 47.2   17.626    n.a.  3.07371117924173  74.9034161  149.4818 /T    7.2798   1.1351840   277.92126   60.615431        0.608     n.a.
 2026-Feb-10 03:38  m  07 27 29.44 +19 17 47.4   17.626    n.a.  3.07374121530268  74.9040588  149.4808 /T    7.2800   1.1351212   277.92136   60.616758        0.610     n.a.
 2026-Feb-10 03:39  m  07 27 29.36 +19 17 47.5   17.626    n.a.  3.07377125162023  74.9046959  149.4797 /T    7.2801   1.1350583   277.92147   60.618083        0.612     n.a.
 2026-Feb-10 03:40  m  07 27 29.28 +19 17 47.7   17.626    n.a.  3.07380128819215  74.9053275  149.4787 /T    7.2803   1.1349955   277.92158   60.619406        0.613     n.a.
 2026-Feb-10 03:41  m  07 27 29.20 +19 17 47.8   17.626    n.a.  3.07383132501621  74.9059535  149.4777 /T    7.2805   1.1349327   277.92169   60.620728        0.615     n.a.
 2026-Feb-10 03:42  m  07 27 29.12 +19 17 48.0   17.626    n.a.  3.07386136209019  74.9065740  149.4767 /T    7.2807   1.1348698   277.92180   60.622048        0.617     n.a.
 2026-Feb-10 03:43  m  07 27 29.04 +19 17 48.2   17.626    n.a.  3.07389139941185  74.9071889  149.4757 /T    7.2809   1.1348070   277.92192   60.623366        0.618     n.a.
 2026-Feb-10 03:44  m  07 27 28.96 +19 17 48.3   17.626    n.a.  3.07392143697903  74.9077983  149.4747 /T    7.2810   1.1347441   277.92203   60.624682        0.620     n.a.
 2026-Feb-10 03:45  m  07 27 28.88 +19 17 48.5   17.626    n.a.  3.07395147478937  74.9084021  149.4736 /T    7.2812   1.1346813   277.92216   60.625997        0.622     n.a.
 2026-Feb-10 03:46  m  07 27 28.81 +19 17 48.6   17.626    n.a.  3.07398151284070  74.9090003  149.4726 /T    7.2814   1.1346184   277.92228   60.627310        0.623     n.a.
 2026-Feb-10 03:47  m  07 27 28.73 +19 17 48.8   17.626    n.a.  3.07401155113079  74.9095929  149.4716 /T    7.2816   1.1345556   277.92241   60.628621        0.625     n.a.
 2026-Feb-10 03:48  m  07 27 28.65 +19 17 48.9   17.626    n.a.  3.07404158965741  74.9101800  149.4706 /T    7.2817   1.1344927   277.92253   60.629931        0.627     n.a.
 2026-Feb-10 03:49  m  07 27 28.57 +19 17 49.1   17.626    n.a.  3.07407162841832  74.9107615  149.4696 /T    7.2819   1.1344299   277.92267   60.631238        0.629     n.a.
 2026-Feb-10 03:50  m  07 27 28.49 +19 17 49.2   17.626    n.a.  3.07410166741130  74.9113375  149.4685 /T    7.2821   1.1343670   277.92280   60.632544        0.630     n.a.
 2026-Feb-10 03:51  m  07 27 28.41 +19 17 49.4   17.626    n.a.  3.07413170663416  74.9119078  149.4675 /T    7.2823   1.1343042   277.92294   60.633848        0.632     n.a.
 2026-Feb-10 03:52  m  07 27 28.33 +19 17 49.5   17.626    n.a.  3.07416174608455  74.9124726  149.4665 /T    7.2825   1.1342414   277.92308   60.635150        0.634     n.a.
 2026-Feb-10 03:53  m  07 27 28.25 +19 17 49.7   17.626    n.a.  3.07419178576031  74.9130319  149.4655 /T    7.2826   1.1341785   277.92322   60.636450        0.636     n.a.
 2026-Feb-10 03:54  m  07 27 28.17 +19 17 49.8   17.626    n.a.  3.07422182565918  74.9135855  149.4645 /T    7.2828   1.1341157   277.92336   60.637748        0.637     n.a.
 2026-Feb-10 03:55  m  07 27 28.09 +19 17 50.0   17.626    n.a.  3.07425186577895  74.9141336  149.4635 /T    7.2830   1.1340529   277.92351   60.639045        0.639     n.a.
 2026-Feb-10 03:56  m  07 27 28.01 +19 17 50.1   17.626    n.a.  3.07428190611736  74.9146761  149.4624 /T    7.2832   1.1339900   277.92366   60.640339        0.641     n.a.
 2026-Feb-10 03:57  m  07 27 27.93 +19 17 50.3   17.626    n.a.  3.07431194667220  74.9152130  149.4614 /T    7.2834   1.1339272   277.92382   60.641632        0.642     n.a.
 2026-Feb-10 03:58  m  07 27 27.85 +19 17 50.5   17.626    n.a.  3.07434198744121  74.9157444  149.4604 /T    7.2835   1.1338644   277.92397   60.642922        0.644     n.a.
 2026-Feb-10 03:59  m  07 27 27.77 +19 17 50.6   17.626    n.a.  3.07437202842223  74.9162702  149.4594 /T    7.2837   1.1338016   277.92413   60.644211        0.646     n.a.
 2026-Feb-10 04:00  m  07 27 27.69 +19 17 50.8   17.627    n.a.  3.07440206961290  74.9167904  149.4584 /T    7.2839   1.1337388   277.92429   60.645498        0.648     n.a.
 2026-Feb-10 04:01  m  07 27 27.62 +19 17 50.9   17.627    n.a.  3.07443211101105  74.9173050  149.4573 /T    7.2841   1.1336761   277.92445   60.646782        0.649     n.a.
 2026-Feb-10 04:02  m  07 27 27.54 +19 17 51.1   17.627    n.a.  3.07446215261443  74.9178140  149.4563 /T    7.2842   1.1336133   277.92462   60.648065        0.651     n.a.
 2026-Feb-10 04:03  m  07 27 27.46 +19 17 51.2   17.627    n.a.  3.07449219442082  74.9183175  149.4553 /T    7.2844   1.1335505   277.92479   60.649346        0.653     n.a.
 2026-Feb-10 04:04  m  07 27 27.38 +19 17 51.4   17.627    n.a.  3.07452223642797  74.9188154  149.4543 /T    7.2846   1.1334878   277.92496   60.650624        0.655     n.a.
 2026-Feb-10 04:05  m  07 27 27.30 +19 17 51.5   17.627    n.a.  3.07455227863366  74.9193077  149.4533 /T    7.2848   1.1334251   277.92513   60.651901        0.657     n.a.
 2026-Feb-10 04:06  m  07 27 27.22 +19 17 51.7   17.627    n.a.  3.07458232103570  74.9197945  149.4523 /T    7.2850   1.1333623   277.92531   60.653175        0.658     n.a.
 2026-Feb-10 04:07  m  07 27 27.14 +19 17 51.8   17.627    n.a.  3.07461236363175  74.9202757  149.4512 /T    7.2851   1.1332996   277.92549   60.654448        0.660     n.a.
 2026-Feb-10 04:08  m  07 27 27.06 +19 17 52.0   17.627    n.a.  3.07464240641963  74.9207513  149.4502 /T    7.2853   1.1332370   277.92567   60.655718        0.662     n.a.
 2026-Feb-10 04:09  m  07 27 26.98 +19 17 52.1   17.627    n.a.  3.07467244939710  74.9212213  149.4492 /T    7.2855   1.1331743   277.92586   60.656986        0.664     n.a.
 2026-Feb-10 04:10  m  07 27 26.90 +19 17 52.3   17.627    n.a.  3.07470249256193  74.9216858  149.4482 /T    7.2857   1.1331116   277.92604   60.658252        0.665     n.a.
 2026-Feb-10 04:11  m  07 27 26.82 +19 17 52.4   17.627    n.a.  3.07473253591188  74.9221447  149.4472 /T    7.2859   1.1330490   277.92623   60.659516        0.667     n.a.
 2026-Feb-10 04:12  m  07 27 26.74 +19 17 52.6   17.627    n.a.  3.07476257944474  74.9225980  149.4461 /T    7.2860   1.1329863   277.92643   60.660778        0.669     n.a.
 2026-Feb-10 04:13  m  07 27 26.66 +19 17 52.8   17.627    n.a.  3.07479262315825  74.9230458  149.4451 /T    7.2862   1.1329237   277.92662   60.662038        0.671     n.a.
 2026-Feb-10 04:14  m  07 27 26.58 +19 17 52.9   17.627    n.a.  3.07482266705026  74.9234880  149.4441 /T    7.2864   1.1328612   277.92682   60.663295        0.673     n.a.
 2026-Feb-10 04:15  m  07 27 26.51 +19 17 53.1   17.627    n.a.  3.07485271111841  74.9239247  149.4431 /T    7.2866   1.1327986   277.92702   60.664550        0.674     n.a.
 2026-Feb-10 04:16  m  07 27 26.43 +19 17 53.2   17.627    n.a.  3.07488275536053  74.9243557  149.4421 /T    7.2867   1.1327360   277.92722   60.665803        0.676     n.a.
 2026-Feb-10 04:17  m  07 27 26.35 +19 17 53.4   17.627    n.a.  3.07491279977439  74.9247813  149.4411 /T    7.2869   1.1326735   277.92742   60.667054        0.678     n.a.
 2026-Feb-10 04:18  m  07 27 26.27 +19 17 53.5   17.627    n.a.  3.07494284435776  74.9252012  149.4400 /T    7.2871   1.1326110   277.92763   60.668303        0.680     n.a.
 2026-Feb-10 04:19  m  07 27 26.19 +19 17 53.7   17.627    n.a.  3.07497288910841  74.9256156  149.4390 /T    7.2873   1.1325485   277.92784   60.669549        0.682     n.a.
 2026-Feb-10 04:20  m  07 27 26.11 +19 17 53.8   17.627    n.a.  3.07500293402412  74.9260245  149.4380 /T    7.2875   1.1324860   277.92805   60.670793        0.683     n.a.
 2026-Feb-10 04:21  m  07 27 26.03 +19 17 54.0   17.627    n.a.  3.07503297910266  74.9264278  149.4370 /T    7.2876   1.1324236   277.92827   60.672035        0.685     n.a.
 2026-Feb-10 04:22  m  07 27 25.95 +19 17 54.1   17.627    n.a.  3.07506302434186  74.9268256  149.4360 /T    7.2878   1.1323612   277.92849   60.673275        0.687     n.a.
 2026-Feb-10 04:23  m  07 27 25.87 +19 17 54.3   17.627    n.a.  3.07509306973938  74.9272178  149.4350 /T    7.2880   1.1322988   277.92871   60.674512        0.689     n.a.
 2026-Feb-10 04:24  m  07 27 25.79 +19 17 54.4   17.627    n.a.  3.07512311529306  74.9276044  149.4339 /T    7.2882   1.1322364   277.92893   60.675747        0.691     n.a.
 2026-Feb-10 04:25  m  07 27 25.71 +19 17 54.6   17.627    n.a.  3.07515316100068  74.9279856  149.4329 /T    7.2883   1.1321741   277.92916   60.676979        0.692     n.a.
 2026-Feb-10 04:26  m  07 27 25.63 +19 17 54.7   17.627    n.a.  3.07518320686001  74.9283611  149.4319 /T    7.2885   1.1321118   277.92938   60.678210        0.694     n.a.
 2026-Feb-10 04:27  m  07 27 25.55 +19 17 54.9   17.627    n.a.  3.07521325286882  74.9287312  149.4309 /T    7.2887   1.1320495   277.92961   60.679438        0.696     n.a.
 2026-Feb-10 04:28  m  07 27 25.48 +19 17 55.1   17.627    n.a.  3.07524329902492  74.9290957  149.4299 /T    7.2889   1.1319872   277.92985   60.680663        0.698     n.a.
 2026-Feb-10 04:29  m  07 27 25.40 +19 17 55.2   17.627    n.a.  3.07527334532612  74.9294547  149.4289 /T    7.2891   1.1319250   277.93008   60.681886        0.700     n.a.
 2026-Feb-10 04:30  m  07 27 25.32 +19 17 55.4   17.627    n.a.  3.07530339177011  74.9298082  149.4278 /T    7.2892   1.1318628   277.93032   60.683107        0.701     n.a.
 2026-Feb-10 04:31  m  07 27 25.24 +19 17 55.5   17.628    n.a.  3.07533343835472  74.9301561  149.4268 /T    7.2894   1.1318006   277.93056   60.684325        0.703     n.a.
 2026-Feb-10 04:32  m  07 27 25.16 +19 17 55.7   17.628    n.a.  3.07536348507774  74.9304985  149.4258 /T    7.2896   1.1317385   277.93080   60.685541        0.705     n.a.
 2026-Feb-10 04:33  m  07 27 25.08 +19 17 55.8   17.628    n.a.  3.07539353193696  74.9308354  149.4248 /T    7.2898   1.1316764   277.93105   60.686755        0.707     n.a.
 2026-Feb-10 04:34  m  07 27 25.00 +19 17 56.0   17.628    n.a.  3.07542357893016  74.9311668  149.4238 /T    7.2899   1.1316143   277.93129   60.687966        0.708     n.a.
 2026-Feb-10 04:35  m  07 27 24.92 +19 17 56.1   17.628    n.a.  3.07545362605514  74.9314927  149.4228 /T    7.2901   1.1315523   277.93154   60.689174        0.710     n.a.
 2026-Feb-10 04:36  m  07 27 24.84 +19 17 56.3   17.628    n.a.  3.07548367330969  74.9318131  149.4217 /T    7.2903   1.1314903   277.93180   60.690380        0.712     n.a.
 2026-Feb-10 04:37  m  07 27 24.76 +19 17 56.4   17.628    n.a.  3.07551372069166  74.9321280  149.4207 /T    7.2905   1.1314283   277.93205   60.691584        0.714     n.a.
 2026-Feb-10 04:38  m  07 27 24.68 +19 17 56.6   17.628    n.a.  3.07554376819872  74.9324374  149.4197 /T    7.2907   1.1313663   277.93231   60.692785        0.716     n.a.
 2026-Feb-10 04:39  m  07 27 24.60 +19 17 56.7   17.628    n.a.  3.07557381582874  74.9327413  149.4187 /T    7.2908   1.1313044   277.93257   60.693983        0.717     n.a.
 2026-Feb-10 04:40  m  07 27 24.53 +19 17 56.9   17.628    n.a.  3.07560386357951  74.9330397  149.4177 /T    7.2910   1.1312426   277.93283   60.695179        0.719     n.a.
 2026-Feb-10 04:41  m  07 27 24.45 +19 17 57.0   17.628    n.a.  3.07563391144884  74.9333326  149.4167 /T    7.2912   1.1311807   277.93309   60.696373        0.721     n.a.
 2026-Feb-10 04:42  m  07 27 24.37 +19 17 57.2   17.628    n.a.  3.07566395943451  74.9336200  149.4156 /T    7.2914   1.1311190   277.93336   60.697564        0.723     n.a.
 2026-Feb-10 04:43  m  07 27 24.29 +19 17 57.4   17.628    n.a.  3.07569400753434  74.9339020  149.4146 /T    7.2915   1.1310572   277.93363   60.698752        0.724     n.a.
 2026-Feb-10 04:44  m  07 27 24.21 +19 17 57.5   17.628    n.a.  3.07572405574620  74.9341785  149.4136 /T    7.2917   1.1309955   277.93390   60.699938        0.726     n.a.
 2026-Feb-10 04:45  m  07 27 24.13 +19 17 57.7   17.628    n.a.  3.07575410406776  74.9344495  149.4126 /T    7.2919   1.1309338   277.93417   60.701121        0.728     n.a.
 2026-Feb-10 04:46  m  07 27 24.05 +19 17 57.8   17.628    n.a.  3.07578415249690  74.9347151  149.4116 /T    7.2921   1.1308722   277.93445   60.702302        0.729     n.a.
 2026-Feb-10 04:47  m  07 27 23.97 +19 17 58.0   17.628    n.a.  3.07581420103144  74.9349752  149.4106 /T    7.2923   1.1308106   277.93473   60.703480        0.731     n.a.
 2026-Feb-10 04:48  m  07 27 23.89 +19 17 58.1   17.628    n.a.  3.07584424966917  74.9352298  149.4095 /T    7.2924   1.1307490   277.93501   60.704655        0.733     n.a.
 2026-Feb-10 04:49  m  07 27 23.81 +19 17 58.3   17.628    n.a.  3.07587429840793  74.9354790  149.4085 /T    7.2926   1.1306875   277.93529   60.705828        0.734     n.a.
 2026-Feb-10 04:50  m  07 27 23.73 +19 17 58.4   17.628    n.a.  3.07590434724552  74.9357228  149.4075 /T    7.2928   1.1306260   277.93558   60.706998        0.736     n.a.
 2026-Feb-10 04:51  m  07 27 23.65 +19 17 58.6   17.628    n.a.  3.07593439617977  74.9359612  149.4065 /T    7.2930   1.1305646   277.93587   60.708165        0.738     n.a.
 2026-Feb-10 04:52  m  07 27 23.58 +19 17 58.7   17.628    n.a.  3.07596444520855  74.9361941  149.4055 /T    7.2931   1.1305032   277.93616   60.709330        0.739     n.a.
 2026-Feb-10 04:53  m  07 27 23.50 +19 17 58.9   17.628    n.a.  3.07599449432958  74.9364216  149.4045 /T    7.2933   1.1304419   277.93645   60.710492        0.741     n.a.
 2026-Feb-10 04:54  m  07 27 23.42 +19 17 59.0   17.628    n.a.  3.07602454354073  74.9366436  149.4035 /T    7.2935   1.1303806   277.93675   60.711651        0.743     n.a.
 2026-Feb-10 04:55  m  07 27 23.34 +19 17 59.2   17.628    n.a.  3.07605459283984  74.9368603  149.4024 /T    7.2937   1.1303194   277.93704   60.712807        0.744     n.a.
 2026-Feb-10 04:56  m  07 27 23.26 +19 17 59.3   17.628    n.a.  3.07608464222474  74.9370715  149.4014 /T    7.2939   1.1302582   277.93734   60.713961        0.746     n.a.
 2026-Feb-10 04:57  m  07 27 23.18 +19 17 59.5   17.628    n.a.  3.07611469169325  74.9372774  149.4004 /T    7.2940   1.1301970   277.93764   60.715112        0.747     n.a.
 2026-Feb-10 04:58  m  07 27 23.10 +19 17 59.7   17.628    n.a.  3.07614474124323  74.9374778  149.3994 /T    7.2942   1.1301359   277.93795   60.716260        0.749     n.a.
 2026-Feb-10 04:59  m  07 27 23.02 +19 17 59.8   17.628    n.a.  3.07617479087255  74.9376729  149.3984 /T    7.2944   1.1300749   277.93825   60.717406        0.750     n.a.
 2026-Feb-10 05:00  m  07 27 22.94 +19 18 00.0   17.628    n.a.  3.07620484057896  74.9378626  149.3974 /T    7.2946   1.1300139   277.93856   60.718549        0.752     n.a.
 2026-Feb-10 05:01  m  07 27 22.86 +19 18 00.1   17.629    n.a.  3.07623489036034  74.9380469  149.3963 /T    7.2947   1.1299529   277.93887   60.719689        0.753     n.a.
 2026-Feb-10 05:02  m  07 27 22.78 +19 18 00.3   17.629    n.a.  3.07626494021454  74.9382258  149.3953 /T    7.2949   1.1298920   277.93919   60.720826        0.754     n.a.
 2026-Feb-10 05:03  m  07 27 22.71 +19 18 00.4   17.629    n.a.  3.07629499013942  74.9383994  149.3943 /T    7.2951   1.1298311   277.93950   60.721960        0.756     n.a.
 2026-Feb-10 05:04  m  07 27 22.63 +19 18 00.6   17.629    n.a.  3.07632504013282  74.9385676  149.3933 /T    7.2953   1.1297703   277.93982   60.723092        0.757     n.a.
 2026-Feb-10 05:05  m  07 27 22.55 +19 18 00.7   17.629    n.a.  3.07635509019259  74.9387305  149.3923 /T    7.2955   1.1297096   277.94014   60.724220        0.758     n.a.
 2026-Feb-10 05:06  m  07 27 22.47 +19 18 00.9   17.629    n.a.  3.07638514031661  74.9388880  149.3913 /T    7.2956   1.1296489   277.94046   60.725346        0.760     n.a.
 2026-Feb-10 05:07  m  07 27 22.39 +19 18 01.0   17.629    n.a.  3.07641519050277  74.9390402  149.3903 /T    7.2958   1.1295883   277.94079   60.726469        0.761     n.a.
 2026-Feb-10 05:08  m  07 27 22.31 +19 18 01.2   17.629    n.a.  3.07644524074883  74.9391871  149.3892 /T    7.2960   1.1295277   277.94111   60.727589        0.762     n.a.
 2026-Feb-10 05:09  m  07 27 22.23 +19 18 01.3   17.629    n.a.  3.07647529105272  74.9393287  149.3882 /T    7.2962   1.1294672   277.94144   60.728706        0.763     n.a.
 2026-Feb-10 05:10  m  07 27 22.15 +19 18 01.5   17.629    n.a.  3.07650534141229  74.9394649  149.3872 /T    7.2963   1.1294067   277.94177   60.729821        0.765     n.a.
 2026-Feb-10 05:11  m  07 27 22.07 +19 18 01.6   17.629    n.a.  3.07653539182542  74.9395958  149.3862 /T    7.2965   1.1293463   277.94211   60.730932        0.766     n.a.
 2026-Feb-10 05:12  m  07 27 21.99 +19 18 01.8   17.629    n.a.  3.07656544228999  74.9397215  149.3852 /T    7.2967   1.1292859   277.94244   60.732040        0.767     n.a.
 2026-Feb-10 05:13  m  07 27 21.92 +19 18 01.9   17.629    n.a.  3.07659549280387  74.9398418  149.3842 /T    7.2969   1.1292256   277.94278   60.733146        0.768     n.a.
 2026-Feb-10 05:14  m  07 27 21.84 +19 18 02.1   17.629    n.a.  3.07662554336494  74.9399569  149.3832 /T    7.2970   1.1291654   277.94312   60.734249        0.769     n.a.
 2026-Feb-10 05:15  m  07 27 21.76 +19 18 02.3   17.629    n.a.  3.07665559397114  74.9400667  149.3821 /T    7.2972   1.1291052   277.94346   60.735348        0.770     n.a.
 2026-Feb-10 05:16  m  07 27 21.68 +19 18 02.4   17.629    n.a.  3.07668564462025  74.9401712  149.3811 /T    7.2974   1.1290451   277.94381   60.736445        0.771     n.a.
 2026-Feb-10 05:17  m  07 27 21.60 +19 18 02.6   17.629    n.a.  3.07671569531021  74.9402704  149.3801 /T    7.2976   1.1289850   277.94415   60.737538        0.772     n.a.
 2026-Feb-10 05:18  m  07 27 21.52 +19 18 02.7   17.629    n.a.  3.07674574603891  74.9403645  149.3791 /T    7.2978   1.1289250   277.94450   60.738629        0.772     n.a.
 2026-Feb-10 05:19  m  07 27 21.44 +19 18 02.9   17.629    n.a.  3.07677579680425  74.9404532  149.3781 /T    7.2979   1.1288650   277.94485   60.739717        0.773     n.a.
 2026-Feb-10 05:20  m  07 27 21.36 +19 18 03.0   17.629    n.a.  3.07680584760414  74.9405368  149.3771 /T    7.2981   1.1288052   277.94520   60.740802        0.774     n.a.
 2026-Feb-10 05:21 Am  07 27 21.28 +19 18 03.2   17.629    n.a.  3.07683589843647  74.9406151  149.3760 /T    7.2983   1.1287454   277.94556   60.741883        0.775     n.a.
 2026-Feb-10 05:22 Am  07 27 21.20 +19 18 03.3   17.629    n.a.  3.07686594929921  74.9406882  149.3750 /T    7.2985   1.1286856   277.94592   60.742962        0.775     n.a.
 2026-Feb-10 05:23 Am  07 27 21.13 +19 18 03.5   17.629    n.a.  3.07689600019014  74.9407561  149.3740 /T    7.2986   1.1286259   277.94627   60.744037        0.776     n.a.
 2026-Feb-10 05:24 Am  07 27 21.05 +19 18 03.6   17.629    n.a.  3.07692605110725  74.9408187  149.3730 /T    7.2988   1.1285663   277.94664   60.745110        0.777     n.a.
 2026-Feb-10 05:25 Am  07 27 20.97 +19 18 03.8   17.629    n.a.  3.07695610204845  74.9408762  149.3720 /T    7.2990   1.1285067   277.94700   60.746179        0.777     n.a.
 2026-Feb-10 05:26 Am  07 27 20.89 +19 18 03.9   17.629    n.a.  3.07698615301166  74.9409286  149.3710 /T    7.2992   1.1284472   277.94736   60.747246        0.778     n.a.
 2026-Feb-10 05:27 Am  07 27 20.81 +19 18 04.1   17.629    n.a.  3.07701620399481  74.9409757  149.3700 /T    7.2994   1.1283878   277.94773   60.748309        0.778     n.a.
 2026-Feb-10 05:28 Am  07 27 20.73 +19 18 04.2   17.629    n.a.  3.07704625499582  74.9410177  149.3689 /T    7.2995   1.1283285   277.94810   60.749369        0.779     n.a.
 2026-Feb-10 05:29 Am  07 27 20.65 +19 18 04.4   17.629    n.a.  3.07707630601262  74.9410545  149.3679 /T    7.2997   1.1282692   277.94847   60.750426        0.779     n.a.
 2026-Feb-10 05:30 Am  07 27 20.57 +19 18 04.6   17.629    n.a.  3.07710635704321  74.9410862  149.3669 /T    7.2999   1.1282100   277.94884   60.751480        0.779     n.a.
 2026-Feb-10 05:31 Am  07 27 20.49 +19 18 04.7   17.629    n.a.  3.07713640808540  74.9411127  149.3659 /T    7.3001   1.1281508   277.94922   60.752531        0.780     n.a.
 2026-Feb-10 05:32 Am  07 27 20.42 +19 18 04.9   17.630    n.a.  3.07716645913721  74.9411342  149.3649 /T    7.3002   1.1280917   277.94960   60.753579        0.780     n.a.
 2026-Feb-10 05:33 Am  07 27 20.34 +19 18 05.0   17.630    n.a.  3.07719651019658  74.9411505  149.3639 /T    7.3004   1.1280327   277.94998   60.754624         n.a.     n.a.
 2026-Feb-10 05:34 Am  07 27 20.26 +19 18 05.2   17.630    n.a.  3.07722656126145  74.9411617  149.3629 /T    7.3006   1.1279738   277.95036   60.755665         n.a.     n.a.
 2026-Feb-10 05:35 Am  07 27 20.18 +19 18 05.3   17.630    n.a.  3.07725661232978  74.9411678  149.3619 /T    7.3008   1.1279149   277.95074   60.756703         n.a.     n.a.
 2026-Feb-10 05:36 Am  07 27 20.10 +19 18 05.5   17.630    n.a.  3.07728666339954  74.9411688  149.3608 /T    7.3009   1.1278561   277.95113   60.757738         n.a.     n.a.
 2026-Feb-10 05:37 As  07 27 20.02 +19 18 05.6   17.630    n.a.  3.07731671446874  74.9411647  149.3598 /T    7.3011   1.1277974   277.95151   60.758770         n.a.     n.a.
 2026-Feb-10 05:38 Am  07 27 19.94 +19 18 05.8   17.630    n.a.  3.07734676553522  74.9411556  149.3588 /T    7.3013   1.1277387   277.95190   60.759799         n.a.     n.a.
 2026-Feb-10 05:39 Am  07 27 19.86 +19 18 05.9   17.630    n.a.  3.07737681659703  74.9411414  149.3578 /T    7.3015   1.1276802   277.95229   60.760824         n.a.     n.a.
 2026-Feb-10 05:40 Am  07 27 19.78 +19 18 06.1   17.630    n.a.  3.07740686765213  74.9411222  149.3568 /T    7.3017   1.1276217   277.95269   60.761847         n.a.     n.a.
 2026-Feb-10 05:41 Am  07 27 19.70 +19 18 06.2   17.630    n.a.  3.07743691869850  74.9410979  149.3558 /T    7.3018   1.1275632   277.95308   60.762866         n.a.     n.a.
 2026-Feb-10 05:42 Am  07 27 19.63 +19 18 06.4   17.630    n.a.  3.07746696973413  74.9410686  149.3548 /T    7.3020   1.1275049   277.95348   60.763881         n.a.     n.a.
 2026-Feb-10 05:43 Am  07 27 19.55 +19 18 06.5   17.630    n.a.  3.07749702075700  74.9410343  149.3537 /T    7.3022   1.1274466   277.95388   60.764894         n.a.     n.a.
 2026-Feb-10 05:44 Am  07 27 19.47 +19 18 06.7   17.630    n.a.  3.07752707176510  74.9409950  149.3527 /T    7.3024   1.1273884   277.95428   60.765903         n.a.     n.a.
 2026-Feb-10 05:45 Am  07 27 19.39 +19 18 06.8   17.630    n.a.  3.07755712275650  74.9409507  149.3517 /T    7.3025   1.1273303   277.95468   60.766909         n.a.     n.a.
 2026-Feb-10 05:46 Am  07 27 19.31 +19 18 07.0   17.630    n.a.  3.07758717372907  74.9409014  149.3507 /T    7.3027   1.1272723   277.95509   60.767912         n.a.     n.a.
 2026-Feb-10 05:47 Am  07 27 19.23 +19 18 07.2   17.630    n.a.  3.07761722468087  74.9408472  149.3497 /T    7.3029   1.1272143   277.95549   60.768911         n.a.     n.a.
 2026-Feb-10 05:48 Am  07 27 19.15 +19 18 07.3   17.630    n.a.  3.07764727560992  74.9407880  149.3487 /T    7.3031   1.1271564   277.95590   60.769908         n.a.     n.a.
 2026-Feb-10 05:49 Am  07 27 19.07 +19 18 07.5   17.630    n.a.  3.07767732651422  74.9407238  149.3477 /T    7.3032   1.1270986   277.95631   60.770900         n.a.     n.a.
 2026-Feb-10 05:50 Am  07 27 19.00 +19 18 07.6   17.630    n.a.  3.07770737739180  74.9406547  149.3467 /T    7.3034   1.1270409   277.95672   60.771890         n.a.     n.a.
 2026-Feb-10 05:51 Am  07 27 18.92 +19 18 07.8   17.630    n.a.  3.07773742824068  74.9405807  149.3456 /T    7.3036   1.1269833   277.95714   60.772876         n.a.     n.a.
 2026-Feb-10 05:52 Am  07 27 18.84 +19 18 07.9   17.630    n.a.  3.07776747905894  74.9405018  149.3446 /T    7.3038   1.1269257   277.95755   60.773859         n.a.     n.a.
 2026-Feb-10 05:53 Am  07 27 18.76 +19 18 08.1   17.630    n.a.  3.07779752984450  74.9404179  149.3436 /T    7.3039   1.1268682   277.95797   60.774839         n.a.     n.a.
 2026-Feb-10 05:54 Am  07 27 18.68 +19 18 08.2   17.630    n.a.  3.07782758059545  74.9403292  149.3426 /T    7.3041   1.1268109   277.95839   60.775815         n.a.     n.a.
 2026-Feb-10 05:55 Am  07 27 18.60 +19 18 08.4   17.630    n.a.  3.07785763130984  74.9402356  149.3416 /T    7.3043   1.1267535   277.95881   60.776788         n.a.     n.a.
 2026-Feb-10 05:56 Am  07 27 18.52 +19 18 08.5   17.630    n.a.  3.07788768198571  74.9401371  149.3406 /T    7.3045   1.1266963   277.95923   60.777757         n.a.     n.a.
 2026-Feb-10 05:57 Am  07 27 18.44 +19 18 08.7   17.630    n.a.  3.07791773262111  74.9400338  149.3396 /T    7.3047   1.1266392   277.95966   60.778723         n.a.     n.a.
 2026-Feb-10 05:58 Nm  07 27 18.36 +19 18 08.8   17.630    n.a.  3.07794778321410  74.9399256  149.3386 /T    7.3048   1.1265821   277.96008   60.779686         n.a.     n.a.
 2026-Feb-10 05:59 Nm  07 27 18.29 +19 18 09.0   17.630    n.a.  3.07797783376273  74.9398126  149.3375 /T    7.3050   1.1265252   277.96051   60.780645         n.a.     n.a.
 2026-Feb-10 06:00 Nm  07 27 18.21 +19 18 09.1   17.630    n.a.  3.07800788426513  74.9396948  149.3365 /T    7.3052   1.1264683   277.96094   60.781601         n.a.     n.a.
 2026-Feb-10 06:01 Nm  07 27 18.13 +19 18 09.3   17.630    n.a.  3.07803793471926  74.9395721  149.3355 /T    7.3054   1.1264115   277.96137   60.782554         n.a.     n.a.
 2026-Feb-10 06:02 Nm  07 27 18.05 +19 18 09.5   17.630    n.a.  3.07806798512324  74.9394447  149.3345 /T    7.3055   1.1263548   277.96181   60.783503         n.a.     n.a.
 2026-Feb-10 06:03 Nm  07 27 17.97 +19 18 09.6   17.631    n.a.  3.07809803547516  74.9393125  149.3335 /T    7.3057   1.1262982   277.96224   60.784449         n.a.     n.a.
 2026-Feb-10 06:04 Nm  07 27 17.89 +19 18 09.8   17.631    n.a.  3.07812808577310  74.9391755  149.3325 /T    7.3059   1.1262417   277.96268   60.785391         n.a.     n.a.
 2026-Feb-10 06:05 Nm  07 27 17.81 +19 18 09.9   17.631    n.a.  3.07815813601515  74.9390338  149.3315 /T    7.3061   1.1261852   277.96312   60.786330         n.a.     n.a.
 2026-Feb-10 06:06 Nm  07 27 17.73 +19 18 10.1   17.631    n.a.  3.07818818619941  74.9388873  149.3305 /T    7.3062   1.1261289   277.96356   60.787265         n.a.     n.a.
 2026-Feb-10 06:07 Nm  07 27 17.66 +19 18 10.2   17.631    n.a.  3.07821823632398  74.9387361  149.3294 /T    7.3064   1.1260726   277.96400   60.788197         n.a.     n.a.
 2026-Feb-10 06:08 Nm  07 27 17.58 +19 18 10.4   17.631    n.a.  3.07824828638702  74.9385802  149.3284 /T    7.3066   1.1260164   277.96444   60.789125         n.a.     n.a.
 2026-Feb-10 06:09 Nm  07 27 17.50 +19 18 10.5   17.631    n.a.  3.07827833638653  74.9384195  149.3274 /T    7.3068   1.1259604   277.96489   60.790050         n.a.     n.a.
 2026-Feb-10 06:10 Nm  07 27 17.42 +19 18 10.7   17.631    n.a.  3.07830838632067  74.9382542  149.3264 /T    7.3069   1.1259044   277.96533   60.790972         n.a.     n.a.
 2026-Feb-10 06:11 Nm  07 27 17.34 +19 18 10.8   17.631    n.a.  3.07833843618757  74.9380842  149.3254 /T    7.3071   1.1258485   277.96578   60.791890         n.a.     n.a.
 2026-Feb-10 06:12 Nm  07 27 17.26 +19 18 11.0   17.631    n.a.  3.07836848598537  74.9379095  149.3244 /T    7.3073   1.1257927   277.96623   60.792804         n.a.     n.a.
 2026-Feb-10 06:13 Nm  07 27 17.18 +19 18 11.1   17.631    n.a.  3.07839853571218  74.9377302  149.3234 /T    7.3075   1.1257370   277.96669   60.793715         n.a.     n.a.
 2026-Feb-10 06:14 Nm  07 27 17.10 +19 18 11.3   17.631    n.a.  3.07842858536615  74.9375463  149.3224 /T    7.3077   1.1256814   277.96714   60.794623         n.a.     n.a.
 2026-Feb-10 06:15 Nm  07 27 17.03 +19 18 11.4   17.631    n.a.  3.07845863494547  74.9373577  149.3213 /T    7.3078   1.1256259   277.96759   60.795527         n.a.     n.a.
 2026-Feb-10 06:16 Nm  07 27 16.95 +19 18 11.6   17.631    n.a.  3.07848868444819  74.9371645  149.3203 /T    7.3080   1.1255705   277.96805   60.796427         n.a.     n.a.
 2026-Feb-10 06:17 Nm  07 27 16.87 +19 18 11.7   17.631    n.a.  3.07851873387251  74.9369667  149.3193 /T    7.3082   1.1255151   277.96851   60.797324         n.a.     n.a.
 2026-Feb-10 06:18 Nm  07 27 16.79 +19 18 11.9   17.631    n.a.  3.07854878321658  74.9367643  149.3183 /T    7.3084   1.1254599   277.96897   60.798217         n.a.     n.a.
 2026-Feb-10 06:19 Nm  07 27 16.71 +19 18 12.1   17.631    n.a.  3.07857883247859  74.9365574  149.3173 /T    7.3085   1.1254048   277.96943   60.799107         n.a.     n.a.
 2026-Feb-10 06:20 Nm  07 27 16.63 +19 18 12.2   17.631    n.a.  3.07860888165669  74.9363459  149.3163 /T    7.3087   1.1253498   277.96989   60.799993         n.a.     n.a.
 2026-Feb-10 06:21 Nm  07 27 16.55 +19 18 12.4   17.631    n.a.  3.07863893074906  74.9361298  149.3153 /T    7.3089   1.1252948   277.97036   60.800876         n.a.     n.a.
 2026-Feb-10 06:22 Nm  07 27 16.47 +19 18 12.5   17.631    n.a.  3.07866897975389  74.9359093  149.3143 /T    7.3091   1.1252400   277.97082   60.801755         n.a.     n.a.
 2026-Feb-10 06:23 Nm  07 27 16.40 +19 18 12.7   17.631    n.a.  3.07869902866941  74.9356842  149.3133 /T    7.3092   1.1251853   277.97129   60.802630         n.a.     n.a.
 2026-Feb-10 06:24 Nm  07 27 16.32 +19 18 12.8   17.631    n.a.  3.07872907749372  74.9354546  149.3122 /T    7.3094   1.1251306   277.97176   60.803502         n.a.     n.a.
 2026-Feb-10 06:25 Nm  07 27 16.24 +19 18 13.0   17.631    n.a.  3.07875912622505  74.9352205  149.3112 /T    7.3096   1.1250761   277.97223   60.804371         n.a.     n.a.
 2026-Feb-10 06:26 Nm  07 27 16.16 +19 18 13.1   17.631    n.a.  3.07878917486162  74.9349820  149.3102 /T    7.3098   1.1250217   277.97270   60.805235         n.a.     n.a.
 2026-Feb-10 06:27 Nm  07 27 16.08 +19 18 13.3   17.631    n.a.  3.07881922340165  74.9347390  149.3092 /T    7.3099   1.1249673   277.97317   60.806096         n.a.     n.a.
 2026-Feb-10 06:28 Nm  07 27 16.00 +19 18 13.4   17.631    n.a.  3.07884927184334  74.9344916  149.3082 /T    7.3101   1.1249131   277.97365   60.806954         n.a.     n.a.
 2026-Feb-10 06:29 Nm  07 27 15.92 +19 18 13.6   17.631    n.a.  3.07887932018491  74.9342397  149.3072 /T    7.3103   1.1248590   277.97412   60.807808         n.a.     n.a.
 2026-Feb-10 06:30 Nm  07 27 15.84 +19 18 13.7   17.631    n.a.  3.07890936842466  74.9339835  149.3062 /T    7.3105   1.1248050   277.97460   60.808658         n.a.     n.a.
 2026-Feb-10 06:31 Nm  07 27 15.77 +19 18 13.9   17.631    n.a.  3.07893941656071  74.9337228  149.3052 /T    7.3107   1.1247510   277.97508   60.809505         n.a.     n.a.
 2026-Feb-10 06:32 Nm  07 27 15.69 +19 18 14.0   17.631    n.a.  3.07896946459134  74.9334578  149.3041 /T    7.3108   1.1246972   277.97556   60.810348         n.a.     n.a.
 2026-Feb-10 06:33 Nm  07 27 15.61 +19 18 14.2   17.631    n.a.  3.07899951251481  74.9331884  149.3031 /T    7.3110   1.1246435   277.97604   60.811187         n.a.     n.a.
 2026-Feb-10 06:34 Nm  07 27 15.53 +19 18 14.4   17.632    n.a.  3.07902956032938  74.9329146  149.3021 /T    7.3112   1.1245899   277.97653   60.812023         n.a.     n.a.
 2026-Feb-10 06:35 Cm  07 27 15.45 +19 18 14.5   17.632    n.a.  3.07905960803329  74.9326365  149.3011 /T    7.3114   1.1245364   277.97701   60.812855         n.a.     n.a.
 2026-Feb-10 06:36 Cm  07 27 15.37 +19 18 14.7   17.632    n.a.  3.07908965562481  74.9323541  149.3001 /T    7.3115   1.1244830   277.97750   60.813683         n.a.     n.a.
 2026-Feb-10 06:37 Cm  07 27 15.29 +19 18 14.8   17.632    n.a.  3.07911970310222  74.9320674  149.2991 /T    7.3117   1.1244297   277.97798   60.814508         n.a.     n.a.
 2026-Feb-10 06:38 Cm  07 27 15.21 +19 18 15.0   17.632    n.a.  3.07914975046385  74.9317764  149.2981 /T    7.3119   1.1243766   277.97847   60.815329         n.a.     n.a.
 2026-Feb-10 06:39 Cm  07 27 15.14 +19 18 15.1   17.632    n.a.  3.07917979770787  74.9314811  149.2971 /T    7.3121   1.1243235   277.97896   60.816146         n.a.     n.a.
 2026-Feb-10 06:40 Cm  07 27 15.06 +19 18 15.3   17.632    n.a.  3.07920984483262  74.9311816  149.2961 /T    7.3122   1.1242705   277.97945   60.816960         n.a.     n.a.
 2026-Feb-10 06:41 Cm  07 27 14.98 +19 18 15.4   17.632    n.a.  3.07923989183641  74.9308778  149.2951 /T    7.3124   1.1242177   277.97995   60.817769         n.a.     n.a.
 2026-Feb-10 06:42 Cm  07 27 14.90 +19 18 15.6   17.632    n.a.  3.07926993871752  74.9305698  149.2940 /T    7.3126   1.1241649   277.98044   60.818576         n.a.     n.a.
 2026-Feb-10 06:43 Cm  07 27 14.82 +19 18 15.7   17.632    n.a.  3.07929998547428  74.9302576  149.2930 /T    7.3128   1.1241123   277.98094   60.819378         n.a.     n.a.
 2026-Feb-10 06:44 Cm  07 27 14.74 +19 18 15.9   17.632    n.a.  3.07933003210500  74.9299412  149.2920 /T    7.3129   1.1240598   277.98143   60.820177         n.a.     n.a.
 2026-Feb-10 06:45 Cm  07 27 14.66 +19 18 16.0   17.632    n.a.  3.07936007860805  74.9296206  149.2910 /T    7.3131   1.1240073   277.98193   60.820972         n.a.     n.a.
 2026-Feb-10 06:46 Cm  07 27 14.59 +19 18 16.2   17.632    n.a.  3.07939012498166  74.9292959  149.2900 /T    7.3133   1.1239550   277.98243   60.821763         n.a.     n.a.
 2026-Feb-10 06:47 Cm  07 27 14.51 +19 18 16.3   17.632    n.a.  3.07942017122420  74.9289670  149.2890 /T    7.3135   1.1239028   277.98293   60.822551         n.a.     n.a.
 2026-Feb-10 06:48 Cm  07 27 14.43 +19 18 16.5   17.632    n.a.  3.07945021733403  74.9286340  149.2880 /T    7.3136   1.1238508   277.98343   60.823335         n.a.     n.a.
 2026-Feb-10 06:49 Cm  07 27 14.35 +19 18 16.6   17.632    n.a.  3.07948026330949  74.9282968  149.2870 /T    7.3138   1.1237988   277.98394   60.824115         n.a.     n.a.
 2026-Feb-10 06:50 Cm  07 27 14.27 +19 18 16.8   17.632    n.a.  3.07951030914894  74.9279556  149.2860 /T    7.3140   1.1237469   277.98444   60.824892         n.a.     n.a.
 2026-Feb-10 06:51 Cm  07 27 14.19 +19 18 17.0   17.632    n.a.  3.07954035485073  74.9276103  149.2849 /T    7.3142   1.1236952   277.98494   60.825664         n.a.     n.a.
 2026-Feb-10 06:52 Cm  07 27 14.11 +19 18 17.1   17.632    n.a.  3.07957040041323  74.9272610  149.2839 /T    7.3143   1.1236436   277.98545   60.826433         n.a.     n.a.
 2026-Feb-10 06:53 Cm  07 27 14.04 +19 18 17.3   17.632    n.a.  3.07960044583489  74.9269075  149.2829 /T    7.3145   1.1235921   277.98596   60.827198         n.a.     n.a.
 2026-Feb-10 06:54 Cm  07 27 13.96 +19 18 17.4   17.632    n.a.  3.07963049111395  74.9265501  149.2819 /T    7.3147   1.1235407   277.98647   60.827960         n.a.     n.a.
 2026-Feb-10 06:55 Cm  07 27 13.88 +19 18 17.6   17.632    n.a.  3.07966053624887  74.9261887  149.2809 /T    7.3149   1.1234894   277.98698   60.828717         n.a.     n.a.
 2026-Feb-10 06:56 Cm  07 27 13.80 +19 18 17.7   17.632    n.a.  3.07969058123804  74.9258232  149.2799 /T    7.3150   1.1234382   277.98749   60.829471         n.a.     n.a.
 2026-Feb-10 06:57 Cm  07 27 13.72 +19 18 17.9   17.632    n.a.  3.07972062607987  74.9254538  149.2789 /T    7.3152   1.1233872   277.98800   60.830221         n.a.     n.a.
 2026-Feb-10 06:58 Cm  07 27 13.64 +19 18 18.0   17.632    n.a.  3.07975067077276  74.9250804  149.2779 /T    7.3154   1.1233362   277.98851   60.830967         n.a.     n.a.
 2026-Feb-10 06:59 Cm  07 27 13.56 +19 18 18.2   17.632    n.a.  3.07978071531513  74.9247031  149.2769 /T    7.3156   1.1232854   277.98903   60.831710         n.a.     n.a.
 2026-Feb-10 07:00 Cm  07 27 13.49 +19 18 18.3   17.632    n.a.  3.07981075970539  74.9243218  149.2759 /T    7.3158   1.1232347   277.98954   60.832449         n.a.     n.a.
 2026-Feb-10 07:01 Cm  07 27 13.41 +19 18 18.5   17.632    n.a.  3.07984080394204  74.9239367  149.2748 /T    7.3159   1.1231841   277.99006   60.833183         n.a.     n.a.
 2026-Feb-10 07:02 Cm  07 27 13.33 +19 18 18.6   17.632    n.a.  3.07987084802340  74.9235476  149.2738 /T    7.3161   1.1231337   277.99058   60.833915         n.a.     n.a.
 2026-Feb-10 07:03 Cm  07 27 13.25 +19 18 18.8   17.632    n.a.  3.07990089194797  74.9231547  149.2728 /T    7.3163   1.1230833   277.99110   60.834642         n.a.     n.a.
 2026-Feb-10 07:04 Cm  07 27 13.17 +19 18 18.9   17.633    n.a.  3.07993093571419  74.9227579  149.2718 /T    7.3165   1.1230331   277.99162   60.835365         n.a.     n.a.
 2026-Feb-10 07:05 Cm  07 27 13.09 +19 18 19.1   17.633    n.a.  3.07996097932053  74.9223573  149.2708 /T    7.3166   1.1229830   277.99214   60.836085         n.a.     n.a.
 2026-Feb-10 07:06 Cm  07 27 13.01 +19 18 19.3   17.633    n.a.  3.07999102276545  74.9219528  149.2698 /T    7.3168   1.1229330   277.99266   60.836801         n.a.     n.a.
 2026-Feb-10 07:07 Cm  07 27 12.94 +19 18 19.4   17.633    n.a.  3.08002106604741  74.9215446  149.2688 /T    7.3170   1.1228832   277.99318   60.837513         n.a.     n.a.
 2026-Feb-10 07:08 *m  07 27 12.86 +19 18 19.6   17.633    n.a.  3.08005110916497  74.9211326  149.2678 /T    7.3172   1.1228334   277.99371   60.838221         n.a.     n.a.
 2026-Feb-10 07:09 *m  07 27 12.78 +19 18 19.7   17.633    n.a.  3.08008115211648  74.9207168  149.2668 /T    7.3173   1.1227838   277.99423   60.838925         n.a.     n.a.
 2026-Feb-10 07:10 *m  07 27 12.70 +19 18 19.9   17.633    n.a.  3.08011119490050  74.9202972  149.2658 /T    7.3175   1.1227343   277.99476   60.839626         n.a.     n.a.
 2026-Feb-10 07:11 *m  07 27 12.62 +19 18 20.0   17.633    n.a.  3.08014123751552  74.9198739  149.2648 /T    7.3177   1.1226849   277.99528   60.840323         n.a.     n.a.
 2026-Feb-10 07:12 *m  07 27 12.54 +19 18 20.2   17.633    n.a.  3.08017127996007  74.9194469  149.2637 /T    7.3179   1.1226357   277.99581   60.841015         n.a.     n.a.
 2026-Feb-10 07:13 *m  07 27 12.46 +19 18 20.3   17.633    n.a.  3.08020132223264  74.9190162  149.2627 /T    7.3180   1.1225866   277.99634   60.841704         n.a.     n.a.
 2026-Feb-10 07:14 *m  07 27 12.39 +19 18 20.5   17.633    n.a.  3.08023136433176  74.9185819  149.2617 /T    7.3182   1.1225376   277.99687   60.842390         n.a.     n.a.
 2026-Feb-10 07:15 *m  07 27 12.31 +19 18 20.6   17.633    n.a.  3.08026140625597  74.9181439  149.2607 /T    7.3184   1.1224887   277.99740   60.843071         n.a.     n.a.
 2026-Feb-10 07:16 *m  07 27 12.23 +19 18 20.8   17.633    n.a.  3.08029144800385  74.9177022  149.2597 /T    7.3186   1.1224399   277.99793   60.843748         n.a.     n.a.
 2026-Feb-10 07:17 *m  07 27 12.15 +19 18 20.9   17.633    n.a.  3.08032148957384  74.9172569  149.2587 /T    7.3187   1.1223913   277.99846   60.844422         n.a.     n.a.
 2026-Feb-10 07:18 *m  07 27 12.07 +19 18 21.1   17.633    n.a.  3.08035153096454  74.9168080  149.2577 /T    7.3189   1.1223428   277.99900   60.845092         n.a.     n.a.
 2026-Feb-10 07:19 *m  07 27 11.99 +19 18 21.2   17.633    n.a.  3.08038157217451  74.9163556  149.2567 /T    7.3191   1.1222944   277.99953   60.845757         n.a.     n.a.
 2026-Feb-10 07:20 *m  07 27 11.91 +19 18 21.4   17.633    n.a.  3.08041161320232  74.9158995  149.2557 /T    7.3193   1.1222462   278.00007   60.846419         n.a.     n.a.
 2026-Feb-10 07:21 *m  07 27 11.84 +19 18 21.6   17.633    n.a.  3.08044165404655  74.9154399  149.2547 /T    7.3194   1.1221980   278.00060   60.847078         n.a.     n.a.
 2026-Feb-10 07:22 *m  07 27 11.76 +19 18 21.7   17.633    n.a.  3.08047169470577  74.9149768  149.2537 /T    7.3196   1.1221500   278.00114   60.847732         n.a.     n.a.
 2026-Feb-10 07:23 *m  07 27 11.68 +19 18 21.9   17.633    n.a.  3.08050173517864  74.9145102  149.2526 /T    7.3198   1.1221022   278.00168   60.848382         n.a.     n.a.
 2026-Feb-10 07:24 *m  07 27 11.60 +19 18 22.0   17.633    n.a.  3.08053177546363  74.9140401  149.2516 /T    7.3200   1.1220544   278.00221   60.849029         n.a.     n.a.
 2026-Feb-10 07:25 *m  07 27 11.52 +19 18 22.2   17.633    n.a.  3.08056181555941  74.9135665  149.2506 /T    7.3201   1.1220068   278.00275   60.849671         n.a.     n.a.
 2026-Feb-10 07:26 *m  07 27 11.44 +19 18 22.3   17.633    n.a.  3.08059185546458  74.9130895  149.2496 /T    7.3203   1.1219593   278.00329   60.850310         n.a.     n.a.
 2026-Feb-10 07:27 *m  07 27 11.36 +19 18 22.5   17.633    n.a.  3.08062189517777  74.9126090  149.2486 /T    7.3205   1.1219120   278.00383   60.850945         n.a.     n.a.
 2026-Feb-10 07:28 *m  07 27 11.29 +19 18 22.6   17.633    n.a.  3.08065193469761  74.9121252  149.2476 /T    7.3207   1.1218647   278.00438   60.851576         n.a.     n.a.
 2026-Feb-10 07:29 *m  07 27 11.21 +19 18 22.8   17.633    n.a.  3.08068197402273  74.9116379  149.2466 /T    7.3208   1.1218177   278.00492   60.852203         n.a.     n.a.
 2026-Feb-10 07:30 *m  07 27 11.13 +19 18 22.9   17.633    n.a.  3.08071201315177  74.9111473  149.2456 /T    7.3210   1.1217707   278.00546   60.852826         n.a.     n.a.
 2026-Feb-10 07:31 *m  07 27 11.05 +19 18 23.1   17.633    n.a.  3.08074205208345  74.9106533  149.2446 /T    7.3212   1.1217239   278.00600   60.853445         n.a.     n.a.
 2026-Feb-10 07:32 *m  07 27 10.97 +19 18 23.2   17.633    n.a.  3.08077209081630  74.9101559  149.2436 /T    7.3214   1.1216772   278.00655   60.854061         n.a.     n.a.
 2026-Feb-10 07:33 *m  07 27 10.89 +19 18 23.4   17.633    n.a.  3.08080212934905  74.9096553  149.2426 /T    7.3215   1.1216306   278.00709   60.854672         n.a.     n.a.
 2026-Feb-10 07:34 *m  07 27 10.82 +19 18 23.5   17.633    n.a.  3.08083216768038  74.9091513  149.2416 /T    7.3217   1.1215841   278.00764   60.855280         n.a.     n.a.
 2026-Feb-10 07:35 *m  07 27 10.74 +19 18 23.7   17.634    n.a.  3.08086220580896  74.9086441  149.2405 /T    7.3219   1.1215378   278.00819   60.855883         n.a.     n.a.
 2026-Feb-10 07:36 *m  07 27 10.66 +19 18 23.9   17.634    n.a.  3.08089224373349  74.9081336  149.2395 /T    7.3221   1.1214917   278.00873   60.856483         n.a.     n.a.
 2026-Feb-10 07:37 *m  07 27 10.58 +19 18 24.0   17.634    n.a.  3.08092228145266  74.9076199  149.2385 /T    7.3222   1.1214456   278.00928   60.857079         n.a.     n.a.
 2026-Feb-10 07:38 *m  07 27 10.50 +19 18 24.2   17.634    n.a.  3.08095231896524  74.9071030  149.2375 /T    7.3224   1.1213997   278.00983   60.857671         n.a.     n.a.
 2026-Feb-10 07:39 *m  07 27 10.42 +19 18 24.3   17.634    n.a.  3.08098235626983  74.9065829  149.2365 /T    7.3226   1.1213539   278.01038   60.858259         n.a.     n.a.
 2026-Feb-10 07:40 *m  07 27 10.34 +19 18 24.5   17.634    n.a.  3.08101239336520  74.9060595  149.2355 /T    7.3228   1.1213083   278.01093   60.858843         n.a.     n.a.
 2026-Feb-10 07:41 *m  07 27 10.27 +19 18 24.6   17.634    n.a.  3.08104243025009  74.9055331  149.2345 /T    7.3229   1.1212628   278.01148   60.859423         n.a.     n.a.
 2026-Feb-10 07:42 *m  07 27 10.19 +19 18 24.8   17.634    n.a.  3.08107246692324  74.9050035  149.2335 /T    7.3231   1.1212174   278.01203   60.860000         n.a.     n.a.
 2026-Feb-10 07:43 *m  07 27 10.11 +19 18 24.9   17.634    n.a.  3.08110250338339  74.9044708  149.2325 /T    7.3233   1.1211722   278.01258   60.860572         n.a.     n.a.
 2026-Feb-10 07:44 *m  07 27 10.03 +19 18 25.1   17.634    n.a.  3.08113253962929  74.9039350  149.2315 /T    7.3235   1.1211271   278.01313   60.861141         n.a.     n.a.
 2026-Feb-10 07:45 *m  07 27 09.95 +19 18 25.2   17.634    n.a.  3.08116257565971  74.9033961  149.2305 /T    7.3236   1.1210821   278.01368   60.861705         n.a.     n.a.
 2026-Feb-10 07:46 *m  07 27 09.87 +19 18 25.4   17.634    n.a.  3.08119261147348  74.9028541  149.2295 /T    7.3238   1.1210373   278.01424   60.862266         n.a.     n.a.
 2026-Feb-10 07:47 *m  07 27 09.80 +19 18 25.5   17.634    n.a.  3.08122264706925  74.9023091  149.2284 /T    7.3240   1.1209926   278.01479   60.862822         n.a.     n.a.
 2026-Feb-10 07:48 *m  07 27 09.72 +19 18 25.7   17.634    n.a.  3.08125268244588  74.9017612  149.2274 /T    7.3242   1.1209480   278.01535   60.863375         n.a.     n.a.
 2026-Feb-10 07:49 *m  07 27 09.64 +19 18 25.8   17.634    n.a.  3.08128271760216  74.9012102  149.2264 /T    7.3243   1.1209036   278.01590   60.863924         n.a.     n.a.
 2026-Feb-10 07:50 *m  07 27 09.56 +19 18 26.0   17.634    n.a.  3.08131275253689  74.9006562  149.2254 /T    7.3245   1.1208593   278.01645   60.864469         n.a.     n.a.
 2026-Feb-10 07:51 *m  07 27 09.48 +19 18 26.2   17.634    n.a.  3.08134278724889  74.9000993  149.2244 /T    7.3247   1.1208152   278.01701   60.865010         n.a.     n.a.
 2026-Feb-10 07:52 *m  07 27 09.40 +19 18 26.3   17.634    n.a.  3.08137282173697  74.8995394  149.2234 /T    7.3249   1.1207712   278.01757   60.865547         n.a.     n.a.
 2026-Feb-10 07:53 *m  07 27 09.33 +19 18 26.5   17.634    n.a.  3.08140285599996  74.8989767  149.2224 /T    7.3250   1.1207273   278.01812   60.866080         n.a.     n.a.
 2026-Feb-10 07:54 *m  07 27 09.25 +19 18 26.6   17.634    n.a.  3.08143289003676  74.8984110  149.2214 /T    7.3252   1.1206836   278.01868   60.866609         n.a.     n.a.
 2026-Feb-10 07:55 *m  07 27 09.17 +19 18 26.8   17.634    n.a.  3.08146292384610  74.8978425  149.2204 /T    7.3254   1.1206400   278.01924   60.867135         n.a.     n.a.
 2026-Feb-10 07:56 *m  07 27 09.09 +19 18 26.9   17.634    n.a.  3.08149295742689  74.8972711  149.2194 /T    7.3256   1.1205966   278.01979   60.867656         n.a.     n.a.
 2026-Feb-10 07:57 *m  07 27 09.01 +19 18 27.1   17.634    n.a.  3.08152299077798  74.8966969  149.2184 /T    7.3257   1.1205533   278.02035   60.868173         n.a.     n.a.
 2026-Feb-10 07:58 *m  07 27 08.93 +19 18 27.2   17.634    n.a.  3.08155302389826  74.8961199  149.2174 /T    7.3259   1.1205101   278.02091   60.868687         n.a.     n.a.
 2026-Feb-10 07:59 *m  07 27 08.85 +19 18 27.4   17.634    n.a.  3.08158305678660  74.8955402  149.2164 /T    7.3261   1.1204671   278.02147   60.869197         n.a.     n.a.
 2026-Feb-10 08:00 *m  07 27 08.78 +19 18 27.5   17.634    n.a.  3.08161308944188  74.8949576  149.2154 /T    7.3263   1.1204242   278.02203   60.869702         n.a.     n.a.
 2026-Feb-10 08:01 *m  07 27 08.70 +19 18 27.7   17.634    n.a.  3.08164312186306  74.8943723  149.2143 /T    7.3264   1.1203814   278.02259   60.870204         n.a.     n.a.
 2026-Feb-10 08:02 *m  07 27 08.62 +19 18 27.8   17.634    n.a.  3.08167315404893  74.8937843  149.2133 /T    7.3266   1.1203388   278.02315   60.870702         n.a.     n.a.
 2026-Feb-10 08:03 *m  07 27 08.54 +19 18 28.0   17.634    n.a.  3.08170318599846  74.8931936  149.2123 /T    7.3268   1.1202964   278.02371   60.871196         n.a.     n.a.
 2026-Feb-10 08:04 *m  07 27 08.46 +19 18 28.2   17.634    n.a.  3.08173321771057  74.8926002  149.2113 /T    7.3270   1.1202541   278.02427   60.871686         n.a.     n.a.
 2026-Feb-10 08:05 *m  07 27 08.38 +19 18 28.3   17.634    n.a.  3.08176324918419  74.8920041  149.2103 /T    7.3271   1.1202119   278.02483   60.872172         n.a.     n.a.
 2026-Feb-10 08:06 *m  07 27 08.31 +19 18 28.5   17.635    n.a.  3.08179328041826  74.8914054  149.2093 /T    7.3273   1.1201698   278.02539   60.872654         n.a.     n.a.
 2026-Feb-10 08:07 *m  07 27 08.23 +19 18 28.6   17.635    n.a.  3.08182331141173  74.8908041  149.2083 /T    7.3275   1.1201280   278.02595   60.873132         n.a.     n.a.
 2026-Feb-10 08:08 *m  07 27 08.15 +19 18 28.8   17.635    n.a.  3.08185334216354  74.8902002  149.2073 /T    7.3277   1.1200862   278.02651   60.873606         n.a.     n.a.
 2026-Feb-10 08:09 *m  07 27 08.07 +19 18 28.9   17.635    n.a.  3.08188337267273  74.8895937  149.2063 /T    7.3278   1.1200446   278.02708   60.874076         n.a.     n.a.
 2026-Feb-10 08:10 *m  07 27 07.99 +19 18 29.1   17.635    n.a.  3.08191340293815  74.8889847  149.2053 /T    7.3280   1.1200031   278.02764   60.874543         n.a.     n.a.
 2026-Feb-10 08:11 *m  07 27 07.91 +19 18 29.2   17.635    n.a.  3.08194343295884  74.8883732  149.2043 /T    7.3282   1.1199618   278.02820   60.875005         n.a.     n.a.
 2026-Feb-10 08:12 *m  07 27 07.84 +19 18 29.4   17.635    n.a.  3.08197346273380  74.8877591  149.2033 /T    7.3284   1.1199206   278.02876   60.875464         n.a.     n.a.
 2026-Feb-10 08:13 *m  07 27 07.76 +19 18 29.5   17.635    n.a.  3.08200349226201  74.8871426  149.2023 /T    7.3285   1.1198796   278.02933   60.875918         n.a.     n.a.
 2026-Feb-10 08:14 *m  07 27 07.68 +19 18 29.7   17.635    n.a.  3.08203352154249  74.8865236  149.2013 /T    7.3287   1.1198387   278.02989   60.876369         n.a.     n.a.
 2026-Feb-10 08:15 *m  07 27 07.60 +19 18 29.8   17.635    n.a.  3.08206355057426  74.8859021  149.2002 /T    7.3289   1.1197980   278.03045   60.876816         n.a.     n.a.
 2026-Feb-10 08:16 *m  07 27 07.52 +19 18 30.0   17.635    n.a.  3.08209357935639  74.8852783  149.1992 /T    7.3291   1.1197574   278.03102   60.877259         n.a.     n.a.
 2026-Feb-10 08:17 *m  07 27 07.44 +19 18 30.1   17.635    n.a.  3.08212360788782  74.8846520  149.1982 /T    7.3292   1.1197170   278.03158   60.877698         n.a.     n.a.
 2026-Feb-10 08:18 *m  07 27 07.37 +19 18 30.3   17.635    n.a.  3.08215363616763  74.8840234  149.1972 /T    7.3294   1.1196767   278.03214   60.878133         n.a.     n.a.
 2026-Feb-10 08:19 *m  07 27 07.29 +19 18 30.5   17.635    n.a.  3.08218366419488  74.8833924  149.1962 /T    7.3296   1.1196365   278.03271   60.878564         n.a.     n.a.
 2026-Feb-10 08:20 *m  07 27 07.21 +19 18 30.6   17.635    n.a.  3.08221369196863  74.8827590  149.1952 /T    7.3298   1.1195965   278.03327   60.878991         n.a.     n.a.
 2026-Feb-10 08:21 *m  07 27 07.13 +19 18 30.8   17.635    n.a.  3.08224371948795  74.8821234  149.1942 /T    7.3299   1.1195566   278.03383   60.879414         n.a.     n.a.
 2026-Feb-10 08:22 *m  07 27 07.05 +19 18 30.9   17.635    n.a.  3.08227374675192  74.8814855  149.1932 /T    7.3301   1.1195169   278.03440   60.879834         n.a.     n.a.
 2026-Feb-10 08:23 *m  07 27 06.97 +19 18 31.1   17.635    n.a.  3.08230377375963  74.8808453  149.1922 /T    7.3303   1.1194773   278.03496   60.880249         n.a.     n.a.
 2026-Feb-10 08:24 *m  07 27 06.90 +19 18 31.2   17.635    n.a.  3.08233380051024  74.8802029  149.1912 /T    7.3305   1.1194379   278.03553   60.880661         n.a.     n.a.
 2026-Feb-10 08:25 *m  07 27 06.82 +19 18 31.4   17.635    n.a.  3.08236382700272  74.8795583  149.1902 /T    7.3306   1.1193986   278.03609   60.881068         n.a.     n.a.
 2026-Feb-10 08:26 *m  07 27 06.74 +19 18 31.5   17.635    n.a.  3.08239385323625  74.8789114  149.1892 /T    7.3308   1.1193595   278.03665   60.881472         n.a.     n.a.
 2026-Feb-10 08:27 *m  07 27 06.66 +19 18 31.7   17.635    n.a.  3.08242387920997  74.8782624  149.1882 /T    7.3310   1.1193205   278.03722   60.881872         n.a.     n.a.
 2026-Feb-10 08:28 *m  07 27 06.58 +19 18 31.8   17.635    n.a.  3.08245390492299  74.8776112  149.1872 /T    7.3312   1.1192817   278.03778   60.882268         n.a.     n.a.
 2026-Feb-10 08:29 *m  07 27 06.50 +19 18 32.0   17.635    n.a.  3.08248393037446  74.8769579  149.1862 /T    7.3313   1.1192430   278.03835   60.882660         n.a.     n.a.
 2026-Feb-10 08:30 *m  07 27 06.43 +19 18 32.1   17.635    n.a.  3.08251395556354  74.8763025  149.1852 /T    7.3315   1.1192045   278.03891   60.883048         n.a.     n.a.
 2026-Feb-10 08:31 *m  07 27 06.35 +19 18 32.3   17.635    n.a.  3.08254398048943  74.8756450  149.1841 /T    7.3317   1.1191661   278.03948   60.883432         n.a.     n.a.
 2026-Feb-10 08:32 *m  07 27 06.27 +19 18 32.5   17.635    n.a.  3.08257400515120  74.8749855  149.1831 /T    7.3319   1.1191279   278.04004   60.883813         n.a.     n.a.
 2026-Feb-10 08:33 *m  07 27 06.19 +19 18 32.6   17.635    n.a.  3.08260402954807  74.8743239  149.1821 /T    7.3320   1.1190898   278.04060   60.884189         n.a.     n.a.
 2026-Feb-10 08:34 *m  07 27 06.11 +19 18 32.8   17.635    n.a.  3.08263405367924  74.8736603  149.1811 /T    7.3322   1.1190519   278.04117   60.884562         n.a.     n.a.
 2026-Feb-10 08:35 *m  07 27 06.03 +19 18 32.9   17.635    n.a.  3.08266407754390  74.8729947  149.1801 /T    7.3324   1.1190141   278.04173   60.884931         n.a.     n.a.
 2026-Feb-10 08:36 *m  07 27 05.96 +19 18 33.1   17.635    n.a.  3.08269410114125  74.8723271  149.1791 /T    7.3326   1.1189764   278.04229   60.885295         n.a.     n.a.
 2026-Feb-10 08:37 *m  07 27 05.88 +19 18 33.2   17.636    n.a.  3.08272412447051  74.8716576  149.1781 /T    7.3327   1.1189389   278.04286   60.885656         n.a.     n.a.
 2026-Feb-10 08:38 *m  07 27 05.80 +19 18 33.4   17.636    n.a.  3.08275414753091  74.8709862  149.1771 /T    7.3329   1.1189016   278.04342   60.886013         n.a.     n.a.
 2026-Feb-10 08:39 *m  07 27 05.72 +19 18 33.5   17.636    n.a.  3.08278417032173  74.8703128  149.1761 /T    7.3331   1.1188644   278.04399   60.886367         n.a.     n.a.
 2026-Feb-10 08:40 *m  07 27 05.64 +19 18 33.7   17.636    n.a.  3.08281419284210  74.8696376  149.1751 /T    7.3333   1.1188274   278.04455   60.886716         n.a.     n.a.
 2026-Feb-10 08:41 *m  07 27 05.57 +19 18 33.8   17.636    n.a.  3.08284421509132  74.8689605  149.1741 /T    7.3334   1.1187905   278.04511   60.887062         n.a.     n.a.
 2026-Feb-10 08:42 *m  07 27 05.49 +19 18 34.0   17.636    n.a.  3.08287423706867  74.8682816  149.1731 /T    7.3336   1.1187538   278.04567   60.887403         n.a.     n.a.
 2026-Feb-10 08:43 *m  07 27 05.41 +19 18 34.1   17.636    n.a.  3.08290425877340  74.8676009  149.1721 /T    7.3338   1.1187172   278.04624   60.887741         n.a.     n.a.
 2026-Feb-10 08:44 *m  07 27 05.33 +19 18 34.3   17.636    n.a.  3.08293428020480  74.8669184  149.1711 /T    7.3340   1.1186808   278.04680   60.888075         n.a.     n.a.
 2026-Feb-10 08:45 *m  07 27 05.25 +19 18 34.4   17.636    n.a.  3.08296430136215  74.8662341  149.1701 /T    7.3341   1.1186445   278.04736   60.888405         n.a.     n.a.
 2026-Feb-10 08:46 *m  07 27 05.17 +19 18 34.6   17.636    n.a.  3.08299432224475  74.8655481  149.1691 /T    7.3343   1.1186084   278.04792   60.888731         n.a.     n.a.
 2026-Feb-10 08:47 *m  07 27 05.10 +19 18 34.8   17.636    n.a.  3.08302434285198  74.8648603  149.1681 /T    7.3345   1.1185724   278.04849   60.889053         n.a.     n.a.
 2026-Feb-10 08:48 *m  07 27 05.02 +19 18 34.9   17.636    n.a.  3.08305436318301  74.8641709  149.1670 /T    7.3347   1.1185366   278.04905   60.889372         n.a.     n.a.
 2026-Feb-10 08:49 *m  07 27 04.94 +19 18 35.1   17.636    n.a.  3.08308438323724  74.8634798  149.1660 /T    7.3348   1.1185009   278.04961   60.889687         n.a.     n.a.
 2026-Feb-10 08:50 *m  07 27 04.86 +19 18 35.2   17.636    n.a.  3.08311440301401  74.8627870  149.1650 /T    7.3350   1.1184654   278.05017   60.889998         n.a.     n.a.
 2026-Feb-10 08:51 *m  07 27 04.78 +19 18 35.4   17.636    n.a.  3.08314442251266  74.8620927  149.1640 /T    7.3352   1.1184300   278.05073   60.890305         n.a.     n.a.
 2026-Feb-10 08:52 *m  07 27 04.70 +19 18 35.5   17.636    n.a.  3.08317444173253  74.8613967  149.1630 /T    7.3354   1.1183948   278.05129   60.890608         n.a.     n.a.
 2026-Feb-10 08:53 *m  07 27 04.63 +19 18 35.7   17.636    n.a.  3.08320446067300  74.8606991  149.1620 /T    7.3355   1.1183598   278.05185   60.890907         n.a.     n.a.
 2026-Feb-10 08:54 *m  07 27 04.55 +19 18 35.8   17.636    n.a.  3.08323447933349  74.8600000  149.1610 /T    7.3357   1.1183249   278.05241   60.891203         n.a.     n.a.
 2026-Feb-10 08:55 *m  07 27 04.47 +19 18 36.0   17.636    n.a.  3.08326449771327  74.8592994  149.1600 /T    7.3359   1.1182901   278.05297   60.891494         n.a.     n.a.
 2026-Feb-10 08:56 *m  07 27 04.39 +19 18 36.1   17.636    n.a.  3.08329451581178  74.8585972  149.1590 /T    7.3360   1.1182555   278.05353   60.891782         n.a.     n.a.
 2026-Feb-10 08:57 *m  07 27 04.31 +19 18 36.3   17.636    n.a.  3.08332453362843  74.8578936  149.1580 /T    7.3362   1.1182211   278.05409   60.892066         n.a.     n.a.
 2026-Feb-10 08:58 *m  07 27 04.24 +19 18 36.4   17.636    n.a.  3.08335455116262  74.8571885  149.1570 /T    7.3364   1.1181868   278.05465   60.892347         n.a.     n.a.
 2026-Feb-10 08:59 *m  07 27 04.16 +19 18 36.6   17.636    n.a.  3.08338456841379  74.8564820  149.1560 /T    7.3366   1.1181527   278.05520   60.892623         n.a.     n.a.
 2026-Feb-10 09:00 *m  07 27 04.08 +19 18 36.8   17.636    n.a.  3.08341458538134  74.8557740  149.1550 /T    7.3367   1.1181187   278.05576   60.892896         n.a.     n.a.
 2026-Feb-10 09:01 *m  07 27 04.00 +19 18 36.9   17.636    n.a.  3.08344460206472  74.8550647  149.1540 /T    7.3369   1.1180848   278.05632   60.893165         n.a.     n.a.
 2026-Feb-10 09:02 *m  07 27 03.92 +19 18 37.1   17.636    n.a.  3.08347461846345  74.8543540  149.1530 /T    7.3371   1.1180512   278.05688   60.893430         n.a.     n.a.
 2026-Feb-10 09:03 *m  07 27 03.84 +19 18 37.2   17.636    n.a.  3.08350463457684  74.8536419  149.1520 /T    7.3373   1.1180177   278.05743   60.893691         n.a.     n.a.
 2026-Feb-10 09:04 *m  07 27 03.77 +19 18 37.4   17.636    n.a.  3.08353465040444  74.8529286  149.1510 /T    7.3374   1.1179843   278.05799   60.893949         n.a.     n.a.
 2026-Feb-10 09:05 *m  07 27 03.69 +19 18 37.5   17.636    n.a.  3.08356466594572  74.8522139  149.1500 /T    7.3376   1.1179511   278.05854   60.894203         n.a.     n.a.
 2026-Feb-10 09:06 *m  07 27 03.61 +19 18 37.7   17.636    n.a.  3.08359468120016  74.8514980  149.1490 /T    7.3378   1.1179180   278.05910   60.894453         n.a.     n.a.
 2026-Feb-10 09:07 *m  07 27 03.53 +19 18 37.8   17.636    n.a.  3.08362469616725  74.8507808  149.1479 /T    7.3380   1.1178851   278.05965   60.894699         n.a.     n.a.
 2026-Feb-10 09:08 *m  07 27 03.45 +19 18 38.0   17.637    n.a.  3.08365471084651  74.8500624  149.1469 /T    7.3381   1.1178524   278.06021   60.894942         n.a.     n.a.
 2026-Feb-10 09:09 *m  07 27 03.37 +19 18 38.1   17.637    n.a.  3.08368472523750  74.8493428  149.1459 /T    7.3383   1.1178198   278.06076   60.895180         n.a.     n.a.
 2026-Feb-10 09:10 *m  07 27 03.30 +19 18 38.3   17.637    n.a.  3.08371473933963  74.8486220  149.1449 /T    7.3385   1.1177874   278.06131   60.895415         n.a.     n.a.
 2026-Feb-10 09:11 *m  07 27 03.22 +19 18 38.4   17.637    n.a.  3.08374475315250  74.8479001  149.1439 /T    7.3387   1.1177551   278.06187   60.895647         n.a.     n.a.
 2026-Feb-10 09:12 *m  07 27 03.14 +19 18 38.6   17.637    n.a.  3.08377476667564  74.8471770  149.1429 /T    7.3388   1.1177230   278.06242   60.895874         n.a.     n.a.
 2026-Feb-10 09:13 *m  07 27 03.06 +19 18 38.8   17.637    n.a.  3.08380477990860  74.8464528  149.1419 /T    7.3390   1.1176910   278.06297   60.896098         n.a.     n.a.
 2026-Feb-10 09:14 *m  07 27 02.98 +19 18 38.9   17.637    n.a.  3.08383479285095  74.8457276  149.1409 /T    7.3392   1.1176592   278.06352   60.896318         n.a.     n.a.
 2026-Feb-10 09:15 *m  07 27 02.91 +19 18 39.1   17.637    n.a.  3.08386480550226  74.8450013  149.1399 /T    7.3394   1.1176276   278.06407   60.896535         n.a.     n.a.
 2026-Feb-10 09:16 *m  07 27 02.83 +19 18 39.2   17.637    n.a.  3.08389481786211  74.8442740  149.1389 /T    7.3395   1.1175961   278.06462   60.896747         n.a.     n.a.
 2026-Feb-10 09:17 *m  07 27 02.75 +19 18 39.4   17.637    n.a.  3.08392482993016  74.8435456  149.1379 /T    7.3397   1.1175647   278.06517   60.896956         n.a.     n.a.
 2026-Feb-10 09:18 *m  07 27 02.67 +19 18 39.5   17.637    n.a.  3.08395484170587  74.8428163  149.1369 /T    7.3399   1.1175335   278.06571   60.897161         n.a.     n.a.
 2026-Feb-10 09:19 *m  07 27 02.59 +19 18 39.7   17.637    n.a.  3.08398485318892  74.8420860  149.1359 /T    7.3401   1.1175025   278.06626   60.897363         n.a.     n.a.
 2026-Feb-10 09:20 *m  07 27 02.51 +19 18 39.8   17.637    n.a.  3.08401486437894  74.8413547  149.1349 /T    7.3402   1.1174716   278.06681   60.897561         n.a.     n.a.
 2026-Feb-10 09:21 *m  07 27 02.44 +19 18 40.0   17.637    n.a.  3.08404487527554  74.8406226  149.1339 /T    7.3404   1.1174409   278.06735   60.897755         n.a.     n.a.
 2026-Feb-10 09:22 *m  07 27 02.36 +19 18 40.1   17.637    n.a.  3.08407488587837  74.8398896  149.1329 /T    7.3406   1.1174103   278.06790   60.897946         n.a.     n.a.
 2026-Feb-10 09:23 *m  07 27 02.28 +19 18 40.3   17.637    n.a.  3.08410489618707  74.8391557  149.1319 /T    7.3408   1.1173799   278.06845   60.898132         n.a.     n.a.
 2026-Feb-10 09:24 *m  07 27 02.20 +19 18 40.4   17.637    n.a.  3.08413490620131  74.8384209  149.1309 /T    7.3409   1.1173497   278.06899   60.898316         n.a.     n.a.
 2026-Feb-10 09:25 *m  07 27 02.12 +19 18 40.6   17.637    n.a.  3.08416491592081  74.8376854  149.1299 /T    7.3411   1.1173196   278.06953   60.898495         n.a.     n.a.
 2026-Feb-10 09:26 *m  07 27 02.05 +19 18 40.8   17.637    n.a.  3.08419492534513  74.8369490  149.1289 /T    7.3413   1.1172897   278.07008   60.898671         n.a.     n.a.
 2026-Feb-10 09:27 *m  07 27 01.97 +19 18 40.9   17.637    n.a.  3.08422493447401  74.8362119  149.1279 /T    7.3415   1.1172599   278.07062   60.898843         n.a.     n.a.
 2026-Feb-10 09:28 *m  07 27 01.89 +19 18 41.1   17.637    n.a.  3.08425494330716  74.8354740  149.1269 /T    7.3416   1.1172303   278.07116   60.899012         n.a.     n.a.
 2026-Feb-10 09:29 *m  07 27 01.81 +19 18 41.2   17.637    n.a.  3.08428495184427  74.8347354  149.1258 /T    7.3418   1.1172008   278.07170   60.899177         n.a.     n.a.
 2026-Feb-10 09:30 *m  07 27 01.73 +19 18 41.4   17.637    n.a.  3.08431496008507  74.8339962  149.1248 /T    7.3420   1.1171715   278.07224   60.899338         n.a.     n.a.
 2026-Feb-10 09:31 *m  07 27 01.66 +19 18 41.5   17.637    n.a.  3.08434496802928  74.8332562  149.1238 /T    7.3421   1.1171424   278.07278   60.899496         n.a.     n.a.
 2026-Feb-10 09:32 *m  07 27 01.58 +19 18 41.7   17.637    n.a.  3.08437497567670  74.8325156  149.1228 /T    7.3423   1.1171134   278.07331   60.899650         n.a.     n.a.
 2026-Feb-10 09:33 *m  07 27 01.50 +19 18 41.8   17.637    n.a.  3.08440498302694  74.8317744  149.1218 /T    7.3425   1.1170845   278.07385   60.899800         n.a.     n.a.
 2026-Feb-10 09:34 *m  07 27 01.42 +19 18 42.0   17.637    n.a.  3.08443499007983  74.8310326  149.1208 /T    7.3427   1.1170558   278.07439   60.899947         n.a.     n.a.
 2026-Feb-10 09:35 *m  07 27 01.34 +19 18 42.1   17.637    n.a.  3.08446499683513  74.8302902  149.1198 /T    7.3428   1.1170273   278.07492   60.900091         n.a.     n.a.
 2026-Feb-10 09:36 *m  07 27 01.26 +19 18 42.3   17.637    n.a.  3.08449500329262  74.8295472  149.1188 /T    7.3430   1.1169990   278.07546   60.900230         n.a.     n.a.
 2026-Feb-10 09:37 *m  07 27 01.19 +19 18 42.5   17.637    n.a.  3.08452500945207  74.8288037  149.1178 /T    7.3432   1.1169708   278.07599   60.900366         n.a.     n.a.
 2026-Feb-10 09:38 *m  07 27 01.11 +19 18 42.6   17.637    n.a.  3.08455501531329  74.8280598  149.1168 /T    7.3434   1.1169427   278.07652   60.900499         n.a.     n.a.
 2026-Feb-10 09:39 *m  07 27 01.03 +19 18 42.8   17.638    n.a.  3.08458502087607  74.8273153  149.1158 /T    7.3435   1.1169148   278.07706   60.900628         n.a.     n.a.
 2026-Feb-10 09:40 *m  07 27 00.95 +19 18 42.9   17.638    n.a.  3.08461502614029  74.8265704  149.1148 /T    7.3437   1.1168871   278.07759   60.900753         n.a.     n.a.
 2026-Feb-10 09:41 *m  07 27 00.87 +19 18 43.1   17.638    n.a.  3.08464503110565  74.8258251  149.1138 /T    7.3439   1.1168595   278.07812   60.900875         n.a.     n.a.
 2026-Feb-10 09:42 *m  07 27 00.80 +19 18 43.2   17.638    n.a.  3.08467503577205  74.8250793  149.1128 /T    7.3441   1.1168321   278.07865   60.900993         n.a.     n.a.
 2026-Feb-10 09:43 *m  07 27 00.72 +19 18 43.4   17.638    n.a.  3.08470504013932  74.8243332  149.1118 /T    7.3442   1.1168048   278.07918   60.901108         n.a.     n.a.
 2026-Feb-10 09:44 *m  07 27 00.64 +19 18 43.5   17.638    n.a.  3.08473504420732  74.8235867  149.1108 /T    7.3444   1.1167777   278.07970   60.901220         n.a.     n.a.
 2026-Feb-10 09:45 *m  07 27 00.56 +19 18 43.7   17.638    n.a.  3.08476504797592  74.8228399  149.1098 /T    7.3446   1.1167507   278.08023   60.901327         n.a.     n.a.
 2026-Feb-10 09:46 *m  07 27 00.48 +19 18 43.8   17.638    n.a.  3.08479505144497  74.8220928  149.1088 /T    7.3448   1.1167240   278.08075   60.901431         n.a.     n.a.
 2026-Feb-10 09:47 *m  07 27 00.41 +19 18 44.0   17.638    n.a.  3.08482505461443  74.8213454  149.1078 /T    7.3449   1.1166973   278.08128   60.901532         n.a.     n.a.
 2026-Feb-10 09:48 *m  07 27 00.33 +19 18 44.1   17.638    n.a.  3.08485505748406  74.8205977  149.1068 /T    7.3451   1.1166708   278.08180   60.901629         n.a.     n.a.
 2026-Feb-10 09:49 *m  07 27 00.25 +19 18 44.3   17.638    n.a.  3.08488506005384  74.8198498  149.1058 /T    7.3453   1.1166445   278.08232   60.901723         n.a.     n.a.
 2026-Feb-10 09:50 *m  07 27 00.17 +19 18 44.5   17.638    n.a.  3.08491506232365  74.8191017  149.1048 /T    7.3455   1.1166184   278.08285   60.901813         n.a.     n.a.
 2026-Feb-10 09:51 *m  07 27 00.09 +19 18 44.6   17.638    n.a.  3.08494506429344  74.8183534  149.1038 /T    7.3456   1.1165924   278.08337   60.901900         n.a.     n.a.
 2026-Feb-10 09:52 *m  07 27 00.01 +19 18 44.8   17.638    n.a.  3.08497506596312  74.8176050  149.1028 /T    7.3458   1.1165665   278.08389   60.901984         n.a.     n.a.
 2026-Feb-10 09:53 *m  07 26 59.94 +19 18 44.9   17.638    n.a.  3.08500506733264  74.8168564  149.1018 /T    7.3460   1.1165408   278.08440   60.902063         n.a.     n.a.
 2026-Feb-10 09:54 *m  07 26 59.86 +19 18 45.1   17.638    n.a.  3.08503506840195  74.8161077  149.1008 /T    7.3461   1.1165153   278.08492   60.902140         n.a.     n.a.
 2026-Feb-10 09:55 *m  07 26 59.78 +19 18 45.2   17.638    n.a.  3.08506506917107  74.8153589  149.0997 /T    7.3463   1.1164899   278.08544   60.902213         n.a.     n.a.
 2026-Feb-10 09:56 *m  07 26 59.70 +19 18 45.4   17.638    n.a.  3.08509506963984  74.8146100  149.0987 /T    7.3465   1.1164647   278.08595   60.902282         n.a.     n.a.
 2026-Feb-10 09:57 *m  07 26 59.62 +19 18 45.5   17.638    n.a.  3.08512506980831  74.8138611  149.0977 /T    7.3467   1.1164396   278.08647   60.902349         n.a.     n.a.
 2026-Feb-10 09:58 *m  07 26 59.55 +19 18 45.7   17.638    n.a.  3.08515506967647  74.8131122  149.0967 /T    7.3468   1.1164147   278.08698   60.902411         n.a.     n.a.
 2026-Feb-10 09:59 *m  07 26 59.47 +19 18 45.8   17.638    n.a.  3.08518506924430  74.8123633  149.0957 /T    7.3470   1.1163900   278.08749   60.902471         n.a.     n.a.
 2026-Feb-10 10:00 *m  07 26 59.39 +19 18 46.0   17.638    n.a.  3.08521506851183  74.8116144  149.0947 /T    7.3472   1.1163654   278.08800   60.902526         n.a.     n.a.
 2026-Feb-10 10:01 *m  07 26 59.31 +19 18 46.2   17.638    n.a.  3.08524506747907  74.8108656  149.0937 /T    7.3474   1.1163409   278.08851   60.902579         n.a.     n.a.
 2026-Feb-10 10:02 *m  07 26 59.23 +19 18 46.3   17.638    n.a.  3.08527506614611  74.8101169  149.0927 /T    7.3475   1.1163166   278.08902   60.902628         n.a.     n.a.
 2026-Feb-10 10:03 *m  07 26 59.16 +19 18 46.5   17.638    n.a.  3.08530506451286  74.8093682  149.0917 /T    7.3477   1.1162925   278.08952   60.902674         n.a.     n.a.
 2026-Feb-10 10:04 *m  07 26 59.08 +19 18 46.6   17.638    n.a.  3.08533506257944  74.8086198  149.0907 /T    7.3479   1.1162686   278.09003   60.902716         n.a.     n.a.
 2026-Feb-10 10:05 *m  07 26 59.00 +19 18 46.8   17.638    n.a.  3.08536506034590  74.8078714  149.0897 /T    7.3481   1.1162447   278.09053   60.902755         n.a.     n.a.
 2026-Feb-10 10:06 *m  07 26 58.92 +19 18 46.9   17.638    n.a.  3.08539505781230  74.8071233  149.0887 /T    7.3482   1.1162211   278.09104   60.902791         n.a.     n.a.
 2026-Feb-10 10:07 *m  07 26 58.84 +19 18 47.1   17.638    n.a.  3.08542505497873  74.8063753  149.0877 /T    7.3484   1.1161976   278.09154   60.902823         n.a.     n.a.
 2026-Feb-10 10:08 *   07 26 58.77 +19 18 47.2   17.638    n.a.  3.08545505184527  74.8056276  149.0867 /T    7.3486   1.1161743   278.09204   60.902852         n.a.     n.a.
 2026-Feb-10 10:09 *   07 26 58.69 +19 18 47.4   17.639    n.a.  3.08548504841202  74.8048801  149.0857 /T    7.3488   1.1161511   278.09254   60.902878         n.a.     n.a.
 2026-Feb-10 10:10 *   07 26 58.61 +19 18 47.5   17.639    n.a.  3.08551504467914  74.8041329  149.0847 /T    7.3489   1.1161280   278.09304   60.902901         n.a.     n.a.
 2026-Feb-10 10:11 *   07 26 58.53 +19 18 47.7   17.639    n.a.  3.08554504064664  74.8033860  149.0837 /T    7.3491   1.1161052   278.09354   60.902920         n.a.     n.a.
 2026-Feb-10 10:12 *   07 26 58.45 +19 18 47.8   17.639    n.a.  3.08557503631468  74.8026394  149.0827 /T    7.3493   1.1160825   278.09403   60.902936         n.a.     n.a.
 2026-Feb-10 10:13 *   07 26 58.37 +19 18 48.0   17.639    n.a.  3.08560503168342  74.8018932  149.0817 /T    7.3495   1.1160599   278.09453   60.902948         n.a.     n.a.
 2026-Feb-10 10:14 *   07 26 58.30 +19 18 48.2   17.639    n.a.  3.08563502675300  74.8011473  149.0807 /T    7.3496   1.1160375   278.09502   60.902957         n.a.     n.a.
 2026-Feb-10 10:15 *   07 26 58.22 +19 18 48.3   17.639    n.a.  3.08566502152356  74.8004019  149.0797 /T    7.3498   1.1160153   278.09551   60.902963         n.a.     n.a.
 2026-Feb-10 10:16 *   07 26 58.14 +19 18 48.5   17.639    n.a.  3.08569501599528  74.7996569  149.0787 /T    7.3500   1.1159932   278.09600   60.902966         n.a.     n.a.
 2026-Feb-10 10:17 *   07 26 58.06 +19 18 48.6   17.639    n.a.  3.08572501016833  74.7989123  149.0777 /T    7.3501   1.1159712   278.09649   60.902966         n.a.     n.a.
 2026-Feb-10 10:18 *   07 26 57.98 +19 18 48.8   17.639    n.a.  3.08575500404296  74.7981682  149.0767 /T    7.3503   1.1159494   278.09698   60.902962         n.a.     n.a.
 2026-Feb-10 10:19 *   07 26 57.91 +19 18 48.9   17.639    n.a.  3.08578499761923  74.7974246  149.0757 /T    7.3505   1.1159278   278.09746   60.902955         n.a.     n.a.
 2026-Feb-10 10:20 *   07 26 57.83 +19 18 49.1   17.639    n.a.  3.08581499089742  74.7966815  149.0747 /T    7.3507   1.1159064   278.09795   60.902945         n.a.     n.a.
 2026-Feb-10 10:21 *   07 26 57.75 +19 18 49.2   17.639    n.a.  3.08584498387772  74.7959389  149.0737 /T    7.3508   1.1158850   278.09843   60.902932         n.a.     n.a.
 2026-Feb-10 10:22 *   07 26 57.67 +19 18 49.4   17.639    n.a.  3.08587497656038  74.7951969  149.0727 /T    7.3510   1.1158639   278.09892   60.902915         n.a.     n.a.
 2026-Feb-10 10:23 *   07 26 57.59 +19 18 49.5   17.639    n.a.  3.08590496894562  74.7944556  149.0717 /T    7.3512   1.1158429   278.09940   60.902895         n.a.     n.a.
 2026-Feb-10 10:24 *   07 26 57.52 +19 18 49.7   17.639    n.a.  3.08593496103368  74.7937148  149.0707 /T    7.3514   1.1158220   278.09988   60.902873         n.a.     n.a.
 2026-Feb-10 10:25 *   07 26 57.44 +19 18 49.9   17.639    n.a.  3.08596495282487  74.7929747  149.0696 /T    7.3515   1.1158013   278.10035   60.902847         n.a.     n.a.
 2026-Feb-10 10:26 *   07 26 57.36 +19 18 50.0   17.639    n.a.  3.08599494431935  74.7922352  149.0686 /T    7.3517   1.1157808   278.10083   60.902817         n.a.     n.a.
 2026-Feb-10 10:27 *   07 26 57.28 +19 18 50.2   17.639    n.a.  3.08602493551743  74.7914964  149.0676 /T    7.3519   1.1157604   278.10131   60.902785         n.a.     n.a.
 2026-Feb-10 10:28 *   07 26 57.20 +19 18 50.3   17.639    n.a.  3.08605492641940  74.7907584  149.0666 /T    7.3521   1.1157402   278.10178   60.902750         n.a.     n.a.
 2026-Feb-10 10:29 *   07 26 57.13 +19 18 50.5   17.639    n.a.  3.08608491702556  74.7900210  149.0656 /T    7.3522   1.1157201   278.10225   60.902711         n.a.     n.a.
 2026-Feb-10 10:30 *   07 26 57.05 +19 18 50.6   17.639    n.a.  3.08611490733619  74.7892845  149.0646 /T    7.3524   1.1157002   278.10272   60.902669         n.a.     n.a.
 2026-Feb-10 10:31 *   07 26 56.97 +19 18 50.8   17.639    n.a.  3.08614489735162  74.7885487  149.0636 /T    7.3526   1.1156804   278.10319   60.902625         n.a.     n.a.
 2026-Feb-10 10:32 *   07 26 56.89 +19 18 50.9   17.639    n.a.  3.08617488707216  74.7878137  149.0626 /T    7.3528   1.1156608   278.10366   60.902577         n.a.     n.a.
 2026-Feb-10 10:33 *   07 26 56.81 +19 18 51.1   17.639    n.a.  3.08620487649820  74.7870796  149.0616 /T    7.3529   1.1156414   278.10412   60.902526         n.a.     n.a.
 2026-Feb-10 10:34 *   07 26 56.74 +19 18 51.2   17.639    n.a.  3.08623486562996  74.7863463  149.0606 /T    7.3531   1.1156221   278.10459   60.902472         n.a.     n.a.
 2026-Feb-10 10:35 *   07 26 56.66 +19 18 51.4   17.639    n.a.  3.08626485446785  74.7856139  149.0596 /T    7.3533   1.1156029   278.10505   60.902415         n.a.     n.a.
 2026-Feb-10 10:36 *   07 26 56.58 +19 18 51.6   17.639    n.a.  3.08629484301224  74.7848824  149.0586 /T    7.3534   1.1155839   278.10551   60.902355         n.a.     n.a.
 2026-Feb-10 10:37 *   07 26 56.50 +19 18 51.7   17.639    n.a.  3.08632483126347  74.7841519  149.0576 /T    7.3536   1.1155651   278.10597   60.902291         n.a.     n.a.
 2026-Feb-10 10:38 *   07 26 56.42 +19 18 51.9   17.639    n.a.  3.08635481922195  74.7834223  149.0566 /T    7.3538   1.1155464   278.10643   60.902225         n.a.     n.a.
 2026-Feb-10 10:39 *   07 26 56.35 +19 18 52.0   17.639    n.a.  3.08638480688805  74.7826937  149.0556 /T    7.3540   1.1155278   278.10689   60.902156         n.a.     n.a.
 2026-Feb-10 10:40 *   07 26 56.27 +19 18 52.2   17.640    n.a.  3.08641479426222  74.7819660  149.0546 /T    7.3541   1.1155094   278.10734   60.902084         n.a.     n.a.
 2026-Feb-10 10:41 *   07 26 56.19 +19 18 52.3   17.640    n.a.  3.08644478134476  74.7812394  149.0536 /T    7.3543   1.1154912   278.10780   60.902009         n.a.     n.a.
 2026-Feb-10 10:42 *   07 26 56.11 +19 18 52.5   17.640    n.a.  3.08647476813615  74.7805139  149.0526 /T    7.3545   1.1154731   278.10825   60.901931         n.a.     n.a.
 2026-Feb-10 10:43 *   07 26 56.03 +19 18 52.6   17.640    n.a.  3.08650475463680  74.7797894  149.0516 /T    7.3547   1.1154552   278.10870   60.901850         n.a.     n.a.
 2026-Feb-10 10:44 *   07 26 55.96 +19 18 52.8   17.640    n.a.  3.08653474084716  74.7790661  149.0506 /T    7.3548   1.1154374   278.10915   60.901766         n.a.     n.a.
 2026-Feb-10 10:45 *   07 26 55.88 +19 18 52.9   17.640    n.a.  3.08656472676767  74.7783438  149.0496 /T    7.3550   1.1154198   278.10960   60.901679         n.a.     n.a.
 2026-Feb-10 10:46 *   07 26 55.80 +19 18 53.1   17.640    n.a.  3.08659471239878  74.7776227  149.0486 /T    7.3552   1.1154023   278.11004   60.901589         n.a.     n.a.
 2026-Feb-10 10:47 *   07 26 55.72 +19 18 53.3   17.640    n.a.  3.08662469774096  74.7769028  149.0476 /T    7.3554   1.1153850   278.11048   60.901496         n.a.     n.a.
 2026-Feb-10 10:48 *   07 26 55.64 +19 18 53.4   17.640    n.a.  3.08665468279475  74.7761840  149.0466 /T    7.3555   1.1153678   278.11093   60.901400         n.a.     n.a.
 2026-Feb-10 10:49 *   07 26 55.57 +19 18 53.6   17.640    n.a.  3.08668466756049  74.7754665  149.0456 /T    7.3557   1.1153508   278.11137   60.901301         n.a.     n.a.
 2026-Feb-10 10:50 *   07 26 55.49 +19 18 53.7   17.640    n.a.  3.08671465203876  74.7747502  149.0446 /T    7.3559   1.1153339   278.11181   60.901200         n.a.     n.a.
 2026-Feb-10 10:51 *   07 26 55.41 +19 18 53.9   17.640    n.a.  3.08674463623005  74.7740352  149.0436 /T    7.3561   1.1153172   278.11224   60.901096         n.a.     n.a.
 2026-Feb-10 10:52 *   07 26 55.33 +19 18 54.0   17.640    n.a.  3.08677462013487  74.7733215  149.0426 /T    7.3562   1.1153007   278.11268   60.900988         n.a.     n.a.
 2026-Feb-10 10:53 *   07 26 55.25 +19 18 54.2   17.640    n.a.  3.08680460375374  74.7726091  149.0416 /T    7.3564   1.1152842   278.11311   60.900878         n.a.     n.a.
 2026-Feb-10 10:54 *   07 26 55.18 +19 18 54.3   17.640    n.a.  3.08683458708720  74.7718980  149.0406 /T    7.3566   1.1152680   278.11354   60.900765         n.a.     n.a.
 2026-Feb-10 10:55 *   07 26 55.10 +19 18 54.5   17.640    n.a.  3.08686457013579  74.7711883  149.0396 /T    7.3567   1.1152519   278.11397   60.900649         n.a.     n.a.
 2026-Feb-10 10:56 *   07 26 55.02 +19 18 54.6   17.640    n.a.  3.08689455290011  74.7704799  149.0386 /T    7.3569   1.1152359   278.11440   60.900531         n.a.     n.a.
 2026-Feb-10 10:57 *   07 26 54.94 +19 18 54.8   17.640    n.a.  3.08692453538060  74.7697730  149.0376 /T    7.3571   1.1152201   278.11483   60.900409         n.a.     n.a.
 2026-Feb-10 10:58 *   07 26 54.86 +19 18 55.0   17.640    n.a.  3.08695451757790  74.7690675  149.0366 /T    7.3573   1.1152044   278.11525   60.900285         n.a.     n.a.
 2026-Feb-10 10:59 *   07 26 54.79 +19 18 55.1   17.640    n.a.  3.08698449949258  74.7683635  149.0356 /T    7.3574   1.1151889   278.11567   60.900158         n.a.     n.a.
 2026-Feb-10 11:00 *   07 26 54.71 +19 18 55.3   17.640    n.a.  3.08701448112523  74.7676609  149.0346 /T    7.3576   1.1151735   278.11610   60.900029         n.a.     n.a.
 2026-Feb-10 11:01 *   07 26 54.63 +19 18 55.4   17.640    n.a.  3.08704446247644  74.7669598  149.0336 /T    7.3578   1.1151583   278.11652   60.899896         n.a.     n.a.
 2026-Feb-10 11:02 *   07 26 54.55 +19 18 55.6   17.640    n.a.  3.08707444354683  74.7662603  149.0326 /T    7.3580   1.1151432   278.11693   60.899761         n.a.     n.a.
 2026-Feb-10 11:03 *   07 26 54.47 +19 18 55.7   17.640    n.a.  3.08710442433706  74.7655623  149.0316 /T    7.3581   1.1151283   278.11735   60.899623         n.a.     n.a.
 2026-Feb-10 11:04 *   07 26 54.40 +19 18 55.9   17.640    n.a.  3.08713440484765  74.7648658  149.0305 /T    7.3583   1.1151135   278.11776   60.899482         n.a.     n.a.
 2026-Feb-10 11:05 *   07 26 54.32 +19 18 56.0   17.640    n.a.  3.08716438507928  74.7641710  149.0295 /T    7.3585   1.1150989   278.11817   60.899339         n.a.     n.a.
 2026-Feb-10 11:06 *   07 26 54.24 +19 18 56.2   17.640    n.a.  3.08719436503261  74.7634778  149.0285 /T    7.3587   1.1150844   278.11858   60.899193         n.a.     n.a.
 2026-Feb-10 11:07 *   07 26 54.16 +19 18 56.3   17.640    n.a.  3.08722434470829  74.7627862  149.0275 /T    7.3588   1.1150701   278.11899   60.899044         n.a.     n.a.
 2026-Feb-10 11:08 *   07 26 54.08 +19 18 56.5   17.640    n.a.  3.08725432410697  74.7620963  149.0265 /T    7.3590   1.1150559   278.11940   60.898893         n.a.     n.a.
 2026-Feb-10 11:09 *   07 26 54.01 +19 18 56.7   17.640    n.a.  3.08728430322933  74.7614081  149.0255 /T    7.3592   1.1150419   278.11980   60.898739         n.a.     n.a.
 2026-Feb-10 11:10 *   07 26 53.93 +19 18 56.8   17.640    n.a.  3.08731428207605  74.7607216  149.0245 /T    7.3593   1.1150280   278.12020   60.898582         n.a.     n.a.
 2026-Feb-10 11:11 *   07 26 53.85 +19 18 57.0   17.641    n.a.  3.08734426064789  74.7600368  149.0235 /T    7.3595   1.1150142   278.12061   60.898423         n.a.     n.a.
 2026-Feb-10 11:12 *   07 26 53.77 +19 18 57.1   17.641    n.a.  3.08737423894541  74.7593538  149.0225 /T    7.3597   1.1150006   278.12100   60.898261         n.a.     n.a.
 2026-Feb-10 11:13 *   07 26 53.69 +19 18 57.3   17.641    n.a.  3.08740421696940  74.7586725  149.0215 /T    7.3599   1.1149872   278.12140   60.898097         n.a.     n.a.
 2026-Feb-10 11:14 *   07 26 53.62 +19 18 57.4   17.641    n.a.  3.08743419472056  74.7579931  149.0205 /T    7.3600   1.1149739   278.12180   60.897930         n.a.     n.a.
 2026-Feb-10 11:15 *   07 26 53.54 +19 18 57.6   17.641    n.a.  3.08746417219963  74.7573155  149.0195 /T    7.3602   1.1149607   278.12219   60.897760         n.a.     n.a.
 2026-Feb-10 11:16 *   07 26 53.46 +19 18 57.7   17.641    n.a.  3.08749414940735  74.7566397  149.0185 /T    7.3604   1.1149477   278.12258   60.897588         n.a.     n.a.
 2026-Feb-10 11:17 *   07 26 53.38 +19 18 57.9   17.641    n.a.  3.08752412634445  74.7559658  149.0175 /T    7.3606   1.1149348   278.12297   60.897413         n.a.     n.a.
 2026-Feb-10 11:18 *   07 26 53.30 +19 18 58.0   17.641    n.a.  3.08755410301176  74.7552938  149.0165 /T    7.3607   1.1149221   278.12335   60.897236         n.a.     n.a.
 2026-Feb-10 11:19 *   07 26 53.23 +19 18 58.2   17.641    n.a.  3.08758407940991  74.7546237  149.0155 /T    7.3609   1.1149095   278.12374   60.897056         n.a.     n.a.
 2026-Feb-10 11:20 *   07 26 53.15 +19 18 58.4   17.641    n.a.  3.08761405553975  74.7539556  149.0145 /T    7.3611   1.1148970   278.12412   60.896873         n.a.     n.a.
 2026-Feb-10 11:21 *   07 26 53.07 +19 18 58.5   17.641    n.a.  3.08764403140205  74.7532894  149.0135 /T    7.3613   1.1148847   278.12450   60.896689         n.a.     n.a.
 2026-Feb-10 11:22 *   07 26 52.99 +19 18 58.7   17.641    n.a.  3.08767400699761  74.7526252  149.0125 /T    7.3614   1.1148726   278.12488   60.896501         n.a.     n.a.
 2026-Feb-10 11:23 *   07 26 52.91 +19 18 58.8   17.641    n.a.  3.08770398232723  74.7519630  149.0115 /T    7.3616   1.1148606   278.12526   60.896312         n.a.     n.a.
 2026-Feb-10 11:24 *   07 26 52.84 +19 18 59.0   17.641    n.a.  3.08773395739172  74.7513029  149.0105 /T    7.3618   1.1148487   278.12563   60.896119         n.a.     n.a.
 2026-Feb-10 11:25 *   07 26 52.76 +19 18 59.1   17.641    n.a.  3.08776393219189  74.7506448  149.0095 /T    7.3619   1.1148370   278.12601   60.895925         n.a.     n.a.
 2026-Feb-10 11:26 *   07 26 52.68 +19 18 59.3   17.641    n.a.  3.08779390672863  74.7499888  149.0085 /T    7.3621   1.1148254   278.12638   60.895728         n.a.     n.a.
 2026-Feb-10 11:27 *   07 26 52.60 +19 18 59.4   17.641    n.a.  3.08782388100267  74.7493348  149.0075 /T    7.3623   1.1148140   278.12675   60.895528         n.a.     n.a.
 2026-Feb-10 11:28 *   07 26 52.52 +19 18 59.6   17.641    n.a.  3.08785385501491  74.7486830  149.0065 /T    7.3625   1.1148027   278.12711   60.895326         n.a.     n.a.
 2026-Feb-10 11:29 *   07 26 52.45 +19 18 59.7   17.641    n.a.  3.08788382876620  74.7480334  149.0055 /T    7.3626   1.1147915   278.12748   60.895122         n.a.     n.a.
 2026-Feb-10 11:30 *   07 26 52.37 +19 18 59.9   17.641    n.a.  3.08791380225741  74.7473859  149.0045 /T    7.3628   1.1147805   278.12784   60.894915         n.a.     n.a.
 2026-Feb-10 11:31 *   07 26 52.29 +19 19 00.1   17.641    n.a.  3.08794377548941  74.7467406  149.0035 /T    7.3630   1.1147696   278.12820   60.894706         n.a.     n.a.
 2026-Feb-10 11:32 *   07 26 52.21 +19 19 00.2   17.641    n.a.  3.08797374846309  74.7460975  149.0025 /T    7.3632   1.1147589   278.12856   60.894495         n.a.     n.a.
 2026-Feb-10 11:33 *   07 26 52.13 +19 19 00.4   17.641    n.a.  3.08800372117939  74.7454566  149.0015 /T    7.3633   1.1147483   278.12891   60.894281         n.a.     n.a.
 2026-Feb-10 11:34 *   07 26 52.06 +19 19 00.5   17.641    n.a.  3.08803369363910  74.7448180  149.0005 /T    7.3635   1.1147378   278.12927   60.894065         n.a.     n.a.
 2026-Feb-10 11:35 *   07 26 51.98 +19 19 00.7   17.641    n.a.  3.08806366584318  74.7441817  148.9995 /T    7.3637   1.1147275   278.12962   60.893847         n.a.     n.a.
 2026-Feb-10 11:36 *   07 26 51.90 +19 19 00.8   17.641    n.a.  3.08809363779255  74.7435477  148.9985 /T    7.3639   1.1147173   278.12997   60.893626         n.a.     n.a.
 2026-Feb-10 11:37 *   07 26 51.82 +19 19 01.0   17.641    n.a.  3.08812360948814  74.7429160  148.9975 /T    7.3640   1.1147073   278.13032   60.893403         n.a.     n.a.
 2026-Feb-10 11:38 *   07 26 51.74 +19 19 01.1   17.641    n.a.  3.08815358093089  74.7422867  148.9965 /T    7.3642   1.1146974   278.13066   60.893178         n.a.     n.a.
 2026-Feb-10 11:39 *   07 26 51.67 +19 19 01.3   17.641    n.a.  3.08818355212174  74.7416597  148.9955 /T    7.3644   1.1146876   278.13101   60.892951         n.a.     n.a.
 2026-Feb-10 11:40 *   07 26 51.59 +19 19 01.4   17.641    n.a.  3.08821352306164  74.7410351  148.9945 /T    7.3646   1.1146780   278.13135   60.892721         n.a.     n.a.
 2026-Feb-10 11:41 *   07 26 51.51 +19 19 01.6   17.641    n.a.  3.08824349375161  74.7404129  148.9935 /T    7.3647   1.1146685   278.13169   60.892490         n.a.     n.a.
 2026-Feb-10 11:42 *   07 26 51.43 +19 19 01.8   17.642    n.a.  3.08827346419252  74.7397931  148.9925 /T    7.3649   1.1146592   278.13202   60.892256         n.a.     n.a.
 2026-Feb-10 11:43 *   07 26 51.35 +19 19 01.9   17.642    n.a.  3.08830343438539  74.7391758  148.9915 /T    7.3651   1.1146499   278.13236   60.892019         n.a.     n.a.
 2026-Feb-10 11:44 *   07 26 51.28 +19 19 02.1   17.642    n.a.  3.08833340433121  74.7385610  148.9905 /T    7.3652   1.1146409   278.13269   60.891781         n.a.     n.a.
 2026-Feb-10 11:45 *   07 26 51.20 +19 19 02.2   17.642    n.a.  3.08836337403099  74.7379487  148.9895 /T    7.3654   1.1146319   278.13302   60.891540         n.a.     n.a.
 2026-Feb-10 11:46 *   07 26 51.12 +19 19 02.4   17.642    n.a.  3.08839334348572  74.7373389  148.9885 /T    7.3656   1.1146231   278.13335   60.891298         n.a.     n.a.
 2026-Feb-10 11:47 *   07 26 51.04 +19 19 02.5   17.642    n.a.  3.08842331269643  74.7367316  148.9875 /T    7.3658   1.1146145   278.13367   60.891053         n.a.     n.a.
 2026-Feb-10 11:48 *   07 26 50.96 +19 19 02.7   17.642    n.a.  3.08845328166414  74.7361269  148.9865 /T    7.3659   1.1146059   278.13400   60.890806         n.a.     n.a.
 2026-Feb-10 11:49 *   07 26 50.89 +19 19 02.8   17.642    n.a.  3.08848325038993  74.7355248  148.9855 /T    7.3661   1.1145975   278.13432   60.890557         n.a.     n.a.
 2026-Feb-10 11:50 *   07 26 50.81 +19 19 03.0   17.642    n.a.  3.08851321887474  74.7349253  148.9845 /T    7.3663   1.1145893   278.13464   60.890306         n.a.     n.a.
 2026-Feb-10 11:51 *   07 26 50.73 +19 19 03.2   17.642    n.a.  3.08854318711966  74.7343284  148.9835 /T    7.3665   1.1145811   278.13495   60.890053         n.a.     n.a.
 2026-Feb-10 11:52 *   07 26 50.65 +19 19 03.3   17.642    n.a.  3.08857315512576  74.7337342  148.9825 /T    7.3666   1.1145731   278.13527   60.889797         n.a.     n.a.
 2026-Feb-10 11:53 *   07 26 50.58 +19 19 03.5   17.642    n.a.  3.08860312289411  74.7331426  148.9814 /T    7.3668   1.1145653   278.13558   60.889540         n.a.     n.a.
 2026-Feb-10 11:54 *   07 26 50.50 +19 19 03.6   17.642    n.a.  3.08863309042577  74.7325537  148.9804 /T    7.3670   1.1145575   278.13589   60.889281         n.a.     n.a.
 2026-Feb-10 11:55 *   07 26 50.42 +19 19 03.8   17.642    n.a.  3.08866305772184  74.7319676  148.9794 /T    7.3672   1.1145499   278.13620   60.889020         n.a.     n.a.
 2026-Feb-10 11:56 *   07 26 50.34 +19 19 03.9   17.642    n.a.  3.08869302478346  74.7313842  148.9784 /T    7.3673   1.1145425   278.13650   60.888756         n.a.     n.a.
 2026-Feb-10 11:57 *   07 26 50.26 +19 19 04.1   17.642    n.a.  3.08872299161162  74.7308035  148.9774 /T    7.3675   1.1145351   278.13680   60.888491         n.a.     n.a.
 2026-Feb-10 11:58 *   07 26 50.19 +19 19 04.2   17.642    n.a.  3.08875295820748  74.7302256  148.9764 /T    7.3677   1.1145279   278.13710   60.888224         n.a.     n.a.
 2026-Feb-10 11:59 *   07 26 50.11 +19 19 04.4   17.642    n.a.  3.08878292457217  74.7296505  148.9754 /T    7.3678   1.1145209   278.13740   60.887955         n.a.     n.a.
 2026-Feb-10 12:00 *   07 26 50.03 +19 19 04.5   17.642    n.a.  3.08881289070680  74.7290782  148.9744 /T    7.3680   1.1145139   278.13770   60.887683         n.a.     n.a.
 2026-Feb-10 12:01 *   07 26 49.95 +19 19 04.7   17.642    n.a.  3.08884285661251  74.7285088  148.9734 /T    7.3682   1.1145071   278.13799   60.887410         n.a.     n.a.
 2026-Feb-10 12:02 *   07 26 49.87 +19 19 04.9   17.642    n.a.  3.08887282229046  74.7279422  148.9724 /T    7.3684   1.1145004   278.13828   60.887135         n.a.     n.a.
 2026-Feb-10 12:03 *   07 26 49.80 +19 19 05.0   17.642    n.a.  3.08890278774177  74.7273785  148.9714 /T    7.3685   1.1144939   278.13857   60.886858         n.a.     n.a.
 2026-Feb-10 12:04 *   07 26 49.72 +19 19 05.2   17.642    n.a.  3.08893275296769  74.7268177  148.9704 /T    7.3687   1.1144875   278.13886   60.886580         n.a.     n.a.
 2026-Feb-10 12:05 *   07 26 49.64 +19 19 05.3   17.642    n.a.  3.08896271796925  74.7262599  148.9694 /T    7.3689   1.1144812   278.13914   60.886299         n.a.     n.a.
 2026-Feb-10 12:06 *   07 26 49.56 +19 19 05.5   17.642    n.a.  3.08899268274769  74.7257050  148.9684 /T    7.3691   1.1144750   278.13942   60.886017         n.a.     n.a.
 2026-Feb-10 12:07 *   07 26 49.48 +19 19 05.6   17.642    n.a.  3.08902264730419  74.7251530  148.9674 /T    7.3692   1.1144690   278.13970   60.885732         n.a.     n.a.
 2026-Feb-10 12:08 *   07 26 49.41 +19 19 05.8   17.642    n.a.  3.08905261163996  74.7246040  148.9664 /T    7.3694   1.1144631   278.13998   60.885446         n.a.     n.a.
 2026-Feb-10 12:09 *   07 26 49.33 +19 19 05.9   17.642    n.a.  3.08908257575618  74.7240580  148.9654 /T    7.3696   1.1144573   278.14025   60.885158         n.a.     n.a.
 2026-Feb-10 12:10 *   07 26 49.25 +19 19 06.1   17.642    n.a.  3.08911253965407  74.7235151  148.9644 /T    7.3698   1.1144516   278.14053   60.884869         n.a.     n.a.
 2026-Feb-10 12:11 *   07 26 49.17 +19 19 06.2   17.642    n.a.  3.08914250333490  74.7229752  148.9634 /T    7.3699   1.1144461   278.14080   60.884577         n.a.     n.a.
 2026-Feb-10 12:12 *   07 26 49.09 +19 19 06.4   17.642    n.a.  3.08917246679979  74.7224384  148.9624 /T    7.3701   1.1144407   278.14106   60.884284         n.a.     n.a.
 2026-Feb-10 12:13 *   07 26 49.02 +19 19 06.6   17.643    n.a.  3.08920243005002  74.7219046  148.9614 /T    7.3703   1.1144354   278.14133   60.883989         n.a.     n.a.
 2026-Feb-10 12:14 *   07 26 48.94 +19 19 06.7   17.643    n.a.  3.08923239308684  74.7213740  148.9604 /T    7.3704   1.1144303   278.14159   60.883693         n.a.     n.a.
 2026-Feb-10 12:15 *   07 26 48.86 +19 19 06.9   17.643    n.a.  3.08926235591149  74.7208465  148.9594 /T    7.3706   1.1144252   278.14185   60.883394         n.a.     n.a.
 2026-Feb-10 12:16 *   07 26 48.78 +19 19 07.0   17.643    n.a.  3.08929231852524  74.7203221  148.9584 /T    7.3708   1.1144203   278.14211   60.883094         n.a.     n.a.
 2026-Feb-10 12:17 *   07 26 48.70 +19 19 07.2   17.643    n.a.  3.08932228092935  74.7198009  148.9574 /T    7.3710   1.1144156   278.14236   60.882792         n.a.     n.a.
 2026-Feb-10 12:18 *   07 26 48.63 +19 19 07.3   17.643    n.a.  3.08935224312509  74.7192829  148.9564 /T    7.3711   1.1144109   278.14262   60.882489         n.a.     n.a.
 2026-Feb-10 12:19 *   07 26 48.55 +19 19 07.5   17.643    n.a.  3.08938220511381  74.7187681  148.9554 /T    7.3713   1.1144064   278.14287   60.882184         n.a.     n.a.
 2026-Feb-10 12:20 *   07 26 48.47 +19 19 07.6   17.643    n.a.  3.08941216689667  74.7182565  148.9544 /T    7.3715   1.1144020   278.14311   60.881877         n.a.     n.a.
 2026-Feb-10 12:21 *   07 26 48.39 +19 19 07.8   17.643    n.a.  3.08944212847504  74.7177482  148.9534 /T    7.3717   1.1143977   278.14336   60.881569         n.a.     n.a.
 2026-Feb-10 12:22 *   07 26 48.31 +19 19 08.0   17.643    n.a.  3.08947208985022  74.7172431  148.9524 /T    7.3718   1.1143935   278.14360   60.881259         n.a.     n.a.
 2026-Feb-10 12:23 *   07 26 48.24 +19 19 08.1   17.643    n.a.  3.08950205102353  74.7167414  148.9514 /T    7.3720   1.1143895   278.14384   60.880948         n.a.     n.a.
 2026-Feb-10 12:24 *   07 26 48.16 +19 19 08.3   17.643    n.a.  3.08953201199628  74.7162429  148.9504 /T    7.3722   1.1143855   278.14408   60.880635         n.a.     n.a.
 2026-Feb-10 12:25 *   07 26 48.08 +19 19 08.4   17.643    n.a.  3.08956197276980  74.7157477  148.9494 /T    7.3724   1.1143817   278.14431   60.880320         n.a.     n.a.
 2026-Feb-10 12:26 *   07 26 48.00 +19 19 08.6   17.643    n.a.  3.08959193334544  74.7152559  148.9484 /T    7.3725   1.1143780   278.14455   60.880004         n.a.     n.a.
 2026-Feb-10 12:27 *   07 26 47.92 +19 19 08.7   17.643    n.a.  3.08962189372459  74.7147675  148.9474 /T    7.3727   1.1143745   278.14478   60.879687         n.a.     n.a.
 2026-Feb-10 12:28 *   07 26 47.85 +19 19 08.9   17.643    n.a.  3.08965185390849  74.7142824  148.9464 /T    7.3729   1.1143710   278.14501   60.879368         n.a.     n.a.
 2026-Feb-10 12:29 *   07 26 47.77 +19 19 09.0   17.643    n.a.  3.08968181389857  74.7138008  148.9454 /T    7.3730   1.1143677   278.14523   60.879047         n.a.     n.a.
 2026-Feb-10 12:30 *   07 26 47.69 +19 19 09.2   17.643    n.a.  3.08971177369618  74.7133226  148.9444 /T    7.3732   1.1143645   278.14545   60.878725         n.a.     n.a.
 2026-Feb-10 12:31 *   07 26 47.61 +19 19 09.3   17.643    n.a.  3.08974173330271  74.7128478  148.9434 /T    7.3734   1.1143614   278.14567   60.878401         n.a.     n.a.
 2026-Feb-10 12:32 *   07 26 47.54 +19 19 09.5   17.643    n.a.  3.08977169271954  74.7123764  148.9424 /T    7.3736   1.1143584   278.14589   60.878076         n.a.     n.a.
 2026-Feb-10 12:33 *   07 26 47.46 +19 19 09.7   17.643    n.a.  3.08980165194805  74.7119086  148.9414 /T    7.3737   1.1143556   278.14611   60.877750         n.a.     n.a.
 2026-Feb-10 12:34 *   07 26 47.38 +19 19 09.8   17.643    n.a.  3.08983161098972  74.7114442  148.9404 /T    7.3739   1.1143528   278.14632   60.877422         n.a.     n.a.
 2026-Feb-10 12:35 *   07 26 47.30 +19 19 10.0   17.643    n.a.  3.08986156984582  74.7109834  148.9394 /T    7.3741   1.1143502   278.14653   60.877093         n.a.     n.a.
 2026-Feb-10 12:36 *   07 26 47.22 +19 19 10.1   17.643    n.a.  3.08989152851783  74.7105261  148.9384 /T    7.3743   1.1143477   278.14673   60.876763         n.a.     n.a.
 2026-Feb-10 12:37 *   07 26 47.15 +19 19 10.3   17.643    n.a.  3.08992148700717  74.7100724  148.9374 /T    7.3744   1.1143453   278.14694   60.876431         n.a.     n.a.
 2026-Feb-10 12:38 *   07 26 47.07 +19 19 10.4   17.643    n.a.  3.08995144531527  74.7096222  148.9364 /T    7.3746   1.1143430   278.14714   60.876098         n.a.     n.a.
 2026-Feb-10 12:39 *   07 26 46.99 +19 19 10.6   17.643    n.a.  3.08998140344356  74.7091756  148.9354 /T    7.3748   1.1143409   278.14734   60.875763         n.a.     n.a.
 2026-Feb-10 12:40 *   07 26 46.91 +19 19 10.7   17.643    n.a.  3.09001136139350  74.7087326  148.9344 /T    7.3750   1.1143388   278.14754   60.875427         n.a.     n.a.
 2026-Feb-10 12:41 *   07 26 46.83 +19 19 10.9   17.643    n.a.  3.09004131916653  74.7082933  148.9334 /T    7.3751   1.1143369   278.14773   60.875090         n.a.     n.a.
 2026-Feb-10 12:42 *   07 26 46.76 +19 19 11.1   17.643    n.a.  3.09007127676416  74.7078576  148.9324 /T    7.3753   1.1143351   278.14792   60.874752         n.a.     n.a.
 2026-Feb-10 12:43 *   07 26 46.68 +19 19 11.2   17.643    n.a.  3.09010123418776  74.7074256  148.9314 /T    7.3755   1.1143334   278.14811   60.874412         n.a.     n.a.
 2026-Feb-10 12:44 *   07 26 46.60 +19 19 11.4   17.644    n.a.  3.09013119143884  74.7069972  148.9304 /T    7.3756   1.1143318   278.14830   60.874071         n.a.     n.a.
 2026-Feb-10 12:45 *   07 26 46.52 +19 19 11.5   17.644    n.a.  3.09016114851890  74.7065726  148.9294 /T    7.3758   1.1143303   278.14848   60.873729         n.a.     n.a.
 2026-Feb-10 12:46 *   07 26 46.44 +19 19 11.7   17.644    n.a.  3.09019110542941  74.7061517  148.9283 /T    7.3760   1.1143289   278.14866   60.873386         n.a.     n.a.
 2026-Feb-10 12:47 *   07 26 46.37 +19 19 11.8   17.644    n.a.  3.09022106217188  74.7057345  148.9273 /T    7.3762   1.1143276   278.14884   60.873041         n.a.     n.a.
 2026-Feb-10 12:48 *   07 26 46.29 +19 19 12.0   17.644    n.a.  3.09025101874781  74.7053210  148.9263 /T    7.3763   1.1143265   278.14902   60.872696         n.a.     n.a.
 2026-Feb-10 12:49 *   07 26 46.21 +19 19 12.1   17.644    n.a.  3.09028097515876  74.7049114  148.9253 /T    7.3765   1.1143254   278.14919   60.872349         n.a.     n.a.
 2026-Feb-10 12:50 *   07 26 46.13 +19 19 12.3   17.644    n.a.  3.09031093140613  74.7045055  148.9243 /T    7.3767   1.1143245   278.14936   60.872001         n.a.     n.a.
 2026-Feb-10 12:51 *   07 26 46.05 +19 19 12.5   17.644    n.a.  3.09034088749151  74.7041035  148.9233 /T    7.3769   1.1143236   278.14953   60.871652         n.a.     n.a.
 2026-Feb-10 12:52 *   07 26 45.98 +19 19 12.6   17.644    n.a.  3.09037084341644  74.7037052  148.9223 /T    7.3770   1.1143229   278.14970   60.871301         n.a.     n.a.
 2026-Feb-10 12:53 *   07 26 45.90 +19 19 12.8   17.644    n.a.  3.09040079918243  74.7033109  148.9213 /T    7.3772   1.1143223   278.14986   60.870950         n.a.     n.a.
 2026-Feb-10 12:54 *   07 26 45.82 +19 19 12.9   17.644    n.a.  3.09043075479105  74.7029203  148.9203 /T    7.3774   1.1143218   278.15002   60.870598         n.a.     n.a.
 2026-Feb-10 12:55 *   07 26 45.74 +19 19 13.1   17.644    n.a.  3.09046071024384  74.7025337  148.9193 /T    7.3776   1.1143214   278.15018   60.870244         n.a.     n.a.
 2026-Feb-10 12:56 *   07 26 45.66 +19 19 13.2   17.644    n.a.  3.09049066554237  74.7021510  148.9183 /T    7.3777   1.1143211   278.15033   60.869890         n.a.     n.a.
 2026-Feb-10 12:57 *   07 26 45.59 +19 19 13.4   17.644    n.a.  3.09052062068825  74.7017721  148.9173 /T    7.3779   1.1143209   278.15048   60.869534         n.a.     n.a.
 2026-Feb-10 12:58 *   07 26 45.51 +19 19 13.5   17.644    n.a.  3.09055057568294  74.7013972  148.9163 /T    7.3781   1.1143208   278.15063   60.869178         n.a.     n.a.
 2026-Feb-10 12:59 *   07 26 45.43 +19 19 13.7   17.644    n.a.  3.09058053052809  74.7010263  148.9153 /T    7.3782   1.1143208   278.15078   60.868820         n.a.     n.a.
 2026-Feb-10 13:00 *   07 26 45.35 +19 19 13.8   17.644    n.a.  3.09061048522528  74.7006593  148.9143 /T    7.3784   1.1143209   278.15092   60.868462         n.a.     n.a.
 2026-Feb-10 13:01 *   07 26 45.28 +19 19 14.0   17.644    n.a.  3.09064043977610  74.7002963  148.9133 /T    7.3786   1.1143211   278.15106   60.868103         n.a.     n.a.
 2026-Feb-10 13:02 *   07 26 45.20 +19 19 14.2   17.644    n.a.  3.09067039418215  74.6999373  148.9123 /T    7.3788   1.1143215   278.15120   60.867742         n.a.     n.a.
 2026-Feb-10 13:03 *   07 26 45.12 +19 19 14.3   17.644    n.a.  3.09070034844504  74.6995823  148.9113 /T    7.3789   1.1143219   278.15134   60.867381         n.a.     n.a.
 2026-Feb-10 13:04 *   07 26 45.04 +19 19 14.5   17.644    n.a.  3.09073030256639  74.6992313  148.9103 /T    7.3791   1.1143224   278.15147   60.867019         n.a.     n.a.
 2026-Feb-10 13:05 *   07 26 44.96 +19 19 14.6   17.644    n.a.  3.09076025654787  74.6988844  148.9093 /T    7.3793   1.1143230   278.15160   60.866656         n.a.     n.a.
 2026-Feb-10 13:06 *   07 26 44.89 +19 19 14.8   17.644    n.a.  3.09079021039100  74.6985416  148.9083 /T    7.3795   1.1143238   278.15173   60.866292         n.a.     n.a.
 2026-Feb-10 13:07 *   07 26 44.81 +19 19 14.9   17.644    n.a.  3.09082016409746  74.6982029  148.9073 /T    7.3796   1.1143246   278.15185   60.865927         n.a.     n.a.
 2026-Feb-10 13:08 *   07 26 44.73 +19 19 15.1   17.644    n.a.  3.09085011766890  74.6978682  148.9063 /T    7.3798   1.1143255   278.15198   60.865561         n.a.     n.a.
 2026-Feb-10 13:09 *   07 26 44.65 +19 19 15.2   17.644    n.a.  3.09088007110696  74.6975377  148.9053 /T    7.3800   1.1143266   278.15209   60.865195         n.a.     n.a.
 2026-Feb-10 13:10 *   07 26 44.57 +19 19 15.4   17.644    n.a.  3.09091002441330  74.6972113  148.9043 /T    7.3802   1.1143277   278.15221   60.864828         n.a.     n.a.
 2026-Feb-10 13:11 *   07 26 44.50 +19 19 15.6   17.644    n.a.  3.09093997758958  74.6968890  148.9033 /T    7.3803   1.1143289   278.15233   60.864460         n.a.     n.a.
 2026-Feb-10 13:12 *   07 26 44.42 +19 19 15.7   17.644    n.a.  3.09096993063752  74.6965709  148.9023 /T    7.3805   1.1143302   278.15244   60.864091         n.a.     n.a.
 2026-Feb-10 13:13 *   07 26 44.34 +19 19 15.9   17.644    n.a.  3.09099988355868  74.6962570  148.9013 /T    7.3807   1.1143316   278.15254   60.863721         n.a.     n.a.
 2026-Feb-10 13:14 *   07 26 44.26 +19 19 16.0   17.644    n.a.  3.09102983635480  74.6959473  148.9003 /T    7.3808   1.1143332   278.15265   60.863351         n.a.     n.a.
 2026-Feb-10 13:15 *   07 26 44.18 +19 19 16.2   17.645    n.a.  3.09105978902756  74.6956418  148.8993 /T    7.3810   1.1143348   278.15275   60.862980         n.a.     n.a.
 2026-Feb-10 13:16 *   07 26 44.11 +19 19 16.3   17.645    n.a.  3.09108974157866  74.6953405  148.8983 /T    7.3812   1.1143365   278.15285   60.862608         n.a.     n.a.
 2026-Feb-10 13:17 *   07 26 44.03 +19 19 16.5   17.645    n.a.  3.09111969400979  74.6950435  148.8973 /T    7.3814   1.1143383   278.15295   60.862236         n.a.     n.a.
 2026-Feb-10 13:18 *   07 26 43.95 +19 19 16.6   17.645    n.a.  3.09114964632266  74.6947507  148.8963 /T    7.3815   1.1143402   278.15305   60.861863         n.a.     n.a.
 2026-Feb-10 13:19 *   07 26 43.87 +19 19 16.8   17.645    n.a.  3.09117959851899  74.6944622  148.8953 /T    7.3817   1.1143421   278.15314   60.861489         n.a.     n.a.
 2026-Feb-10 13:20 *   07 26 43.79 +19 19 17.0   17.645    n.a.  3.09120955060054  74.6941780  148.8943 /T    7.3819   1.1143442   278.15323   60.861115         n.a.     n.a.
 2026-Feb-10 13:21 *   07 26 43.72 +19 19 17.1   17.645    n.a.  3.09123950256892  74.6938981  148.8933 /T    7.3821   1.1143464   278.15331   60.860740         n.a.     n.a.
 2026-Feb-10 13:22 *   07 26 43.64 +19 19 17.3   17.645    n.a.  3.09126945442593  74.6936225  148.8923 /T    7.3822   1.1143487   278.15340   60.860364         n.a.     n.a.
 2026-Feb-10 13:23 *   07 26 43.56 +19 19 17.4   17.645    n.a.  3.09129940617330  74.6933513  148.8913 /T    7.3824   1.1143510   278.15348   60.859988         n.a.     n.a.
 2026-Feb-10 13:24 *   07 26 43.48 +19 19 17.6   17.645    n.a.  3.09132935781276  74.6930844  148.8903 /T    7.3826   1.1143535   278.15356   60.859611         n.a.     n.a.
 2026-Feb-10 13:25 *   07 26 43.40 +19 19 17.7   17.645    n.a.  3.09135930934607  74.6928219  148.8893 /T    7.3828   1.1143560   278.15363   60.859234         n.a.     n.a.
 2026-Feb-10 13:26 *   07 26 43.33 +19 19 17.9   17.645    n.a.  3.09138926077499  74.6925638  148.8883 /T    7.3829   1.1143586   278.15370   60.858856         n.a.     n.a.
 2026-Feb-10 13:27 *   07 26 43.25 +19 19 18.0   17.645    n.a.  3.09141921210133  74.6923100  148.8873 /T    7.3831   1.1143613   278.15377   60.858478         n.a.     n.a.
 2026-Feb-10 13:28 *   07 26 43.17 +19 19 18.2   17.645    n.a.  3.09144916332673  74.6920607  148.8863 /T    7.3833   1.1143641   278.15384   60.858099         n.a.     n.a.
 2026-Feb-10 13:29 *   07 26 43.09 +19 19 18.3   17.645    n.a.  3.09147911445304  74.6918158  148.8853 /T    7.3834   1.1143670   278.15390   60.857720         n.a.     n.a.
 2026-Feb-10 13:30 *   07 26 43.01 +19 19 18.5   17.645    n.a.  3.09150906548203  74.6915753  148.8843 /T    7.3836   1.1143700   278.15396   60.857340         n.a.     n.a.
 2026-Feb-10 13:31 *   07 26 42.94 +19 19 18.7   17.645    n.a.  3.09153901641547  74.6913393  148.8833 /T    7.3838   1.1143731   278.15402   60.856960         n.a.     n.a.
 2026-Feb-10 13:32 *   07 26 42.86 +19 19 18.8   17.645    n.a.  3.09156896725517  74.6911078  148.8823 /T    7.3840   1.1143762   278.15408   60.856579         n.a.     n.a.
 2026-Feb-10 13:33 *   07 26 42.78 +19 19 19.0   17.645    n.a.  3.09159891800292  74.6908807  148.8813 /T    7.3841   1.1143795   278.15413   60.856198         n.a.     n.a.
 2026-Feb-10 13:34 *   07 26 42.70 +19 19 19.1   17.645    n.a.  3.09162886866052  74.6906582  148.8802 /T    7.3843   1.1143828   278.15418   60.855817         n.a.     n.a.
 2026-Feb-10 13:35 *   07 26 42.63 +19 19 19.3   17.645    n.a.  3.09165881922983  74.6904401  148.8792 /T    7.3845   1.1143862   278.15423   60.855435         n.a.     n.a.
 2026-Feb-10 13:36 *   07 26 42.55 +19 19 19.4   17.645    n.a.  3.09168876971254  74.6902266  148.8782 /T    7.3847   1.1143897   278.15427   60.855053         n.a.     n.a.
 2026-Feb-10 13:37 *   07 26 42.47 +19 19 19.6   17.645    n.a.  3.09171872011055  74.6900176  148.8772 /T    7.3848   1.1143933   278.15431   60.854670         n.a.     n.a.
 2026-Feb-10 13:38 *   07 26 42.39 +19 19 19.7   17.645    n.a.  3.09174867042566  74.6898132  148.8762 /T    7.3850   1.1143969   278.15435   60.854287         n.a.     n.a.
 2026-Feb-10 13:39 *   07 26 42.31 +19 19 19.9   17.645    n.a.  3.09177862065971  74.6896134  148.8752 /T    7.3852   1.1144006   278.15439   60.853904         n.a.     n.a.
 2026-Feb-10 13:40 *   07 26 42.24 +19 19 20.1   17.645    n.a.  3.09180857081454  74.6894181  148.8742 /T    7.3854   1.1144045   278.15442   60.853521         n.a.     n.a.
 2026-Feb-10 13:41 *   07 26 42.16 +19 19 20.2   17.645    n.a.  3.09183852089198  74.6892274  148.8732 /T    7.3855   1.1144084   278.15445   60.853137         n.a.     n.a.
 2026-Feb-10 13:42 *   07 26 42.08 +19 19 20.4   17.645    n.a.  3.09186847089388  74.6890414  148.8722 /T    7.3857   1.1144123   278.15448   60.852753         n.a.     n.a.
 2026-Feb-10 13:43 *   07 26 42.00 +19 19 20.5   17.645    n.a.  3.09189842082216  74.6888600  148.8712 /T    7.3859   1.1144164   278.15450   60.852369         n.a.     n.a.
 2026-Feb-10 13:44 *   07 26 41.92 +19 19 20.7   17.645    n.a.  3.09192837067854  74.6886832  148.8702 /T    7.3861   1.1144205   278.15452   60.851985         n.a.     n.a.
 2026-Feb-10 13:45 *   07 26 41.85 +19 19 20.8   17.645    n.a.  3.09195832046495  74.6885110  148.8692 /T    7.3862   1.1144248   278.15454   60.851600         n.a.     n.a.
 2026-Feb-10 13:46 *   07 26 41.77 +19 19 21.0   17.646    n.a.  3.09198827018326  74.6883435  148.8682 /T    7.3864   1.1144291   278.15456   60.851215         n.a.     n.a.
 2026-Feb-10 13:47 *   07 26 41.69 +19 19 21.1   17.646    n.a.  3.09201821983534  74.6881807  148.8672 /T    7.3866   1.1144334   278.15457   60.850830         n.a.     n.a.
 2026-Feb-10 13:48 *   07 26 41.61 +19 19 21.3   17.646    n.a.  3.09204816942307  74.6880226  148.8662 /T    7.3867   1.1144379   278.15458   60.850445         n.a.     n.a.
 2026-Feb-10 13:49 *   07 26 41.53 +19 19 21.5   17.646    n.a.  3.09207811894833  74.6878692  148.8652 /T    7.3869   1.1144424   278.15459   60.850060         n.a.     n.a.
 2026-Feb-10 13:50 *   07 26 41.46 +19 19 21.6   17.646    n.a.  3.09210806841307  74.6877205  148.8642 /T    7.3871   1.1144470   278.15460   60.849675         n.a.     n.a.
 2026-Feb-10 13:51 *   07 26 41.38 +19 19 21.8   17.646    n.a.  3.09213801781907  74.6875765  148.8632 /T    7.3873   1.1144517   278.15460   60.849289         n.a.     n.a.
 2026-Feb-10 13:52 *   07 26 41.30 +19 19 21.9   17.646    n.a.  3.09216796716828  74.6874373  148.8622 /T    7.3874   1.1144564   278.15460   60.848904         n.a.     n.a.
 2026-Feb-10 13:53 *   07 26 41.22 +19 19 22.1   17.646    n.a.  3.09219791646260  74.6873028  148.8612 /T    7.3876   1.1144613   278.15459   60.848518         n.a.     n.a.
 2026-Feb-10 13:54 *   07 26 41.14 +19 19 22.2   17.646    n.a.  3.09222786570395  74.6871731  148.8602 /T    7.3878   1.1144662   278.15458   60.848133         n.a.     n.a.
 2026-Feb-10 13:55 *   07 26 41.07 +19 19 22.4   17.646    n.a.  3.09225781489424  74.6870482  148.8592 /T    7.3880   1.1144711   278.15458   60.847747         n.a.     n.a.
 2026-Feb-10 13:56 *   07 26 40.99 +19 19 22.5   17.646    n.a.  3.09228776403539  74.6869280  148.8582 /T    7.3881   1.1144762   278.15456   60.847361         n.a.     n.a.
 2026-Feb-10 13:57 *   07 26 40.91 +19 19 22.7   17.646    n.a.  3.09231771312931  74.6868127  148.8572 /T    7.3883   1.1144813   278.15455   60.846976         n.a.     n.a.
 2026-Feb-10 13:58 *   07 26 40.83 +19 19 22.8   17.646    n.a.  3.09234766217801  74.6867022  148.8562 /T    7.3885   1.1144865   278.15453   60.846590         n.a.     n.a.
 2026-Feb-10 13:59 *   07 26 40.75 +19 19 23.0   17.646    n.a.  3.09237761118329  74.6865965  148.8552 /T    7.3887   1.1144917   278.15451   60.846205         n.a.     n.a.
 2026-Feb-10 14:00 *   07 26 40.68 +19 19 23.2   17.646    n.a.  3.09240756014715  74.6864956  148.8542 /T    7.3888   1.1144971   278.15448   60.845819         n.a.     n.a.
 2026-Feb-10 14:01 *   07 26 40.60 +19 19 23.3   17.646    n.a.  3.09243750907154  74.6863996  148.8532 /T    7.3890   1.1145025   278.15446   60.845434         n.a.     n.a.
 2026-Feb-10 14:02 *   07 26 40.52 +19 19 23.5   17.646    n.a.  3.09246745795840  74.6863085  148.8522 /T    7.3892   1.1145079   278.15443   60.845048         n.a.     n.a.
 2026-Feb-10 14:03 *   07 26 40.44 +19 19 23.6   17.646    n.a.  3.09249740680968  74.6862222  148.8512 /T    7.3893   1.1145135   278.15439   60.844663         n.a.     n.a.
 2026-Feb-10 14:04 *   07 26 40.36 +19 19 23.8   17.646    n.a.  3.09252735562735  74.6861409  148.8502 /T    7.3895   1.1145191   278.15436   60.844278         n.a.     n.a.
 2026-Feb-10 14:05 *   07 26 40.29 +19 19 23.9   17.646    n.a.  3.09255730441342  74.6860644  148.8492 /T    7.3897   1.1145247   278.15432   60.843893         n.a.     n.a.
 2026-Feb-10 14:06 *   07 26 40.21 +19 19 24.1   17.646    n.a.  3.09258725316973  74.6859928  148.8482 /T    7.3899   1.1145304   278.15428   60.843508         n.a.     n.a.
 2026-Feb-10 14:07 *   07 26 40.13 +19 19 24.2   17.646    n.a.  3.09261720189834  74.6859262  148.8472 /T    7.3900   1.1145362   278.15424   60.843123         n.a.     n.a.
 2026-Feb-10 14:08 *   07 26 40.05 +19 19 24.4   17.646    n.a.  3.09264715060119  74.6858644  148.8462 /T    7.3902   1.1145421   278.15419   60.842739         n.a.     n.a.
 2026-Feb-10 14:09 *   07 26 39.98 +19 19 24.6   17.646    n.a.  3.09267709928029  74.6858077  148.8452 /T    7.3904   1.1145480   278.15414   60.842355         n.a.     n.a.
 2026-Feb-10 14:10 *   07 26 39.90 +19 19 24.7   17.646    n.a.  3.09270704793760  74.6857559  148.8442 /T    7.3906   1.1145540   278.15409   60.841971         n.a.     n.a.
 2026-Feb-10 14:11 *   07 26 39.82 +19 19 24.9   17.646    n.a.  3.09273699657512  74.6857090  148.8432 /T    7.3907   1.1145601   278.15403   60.841587         n.a.     n.a.
 2026-Feb-10 14:12 *   07 26 39.74 +19 19 25.0   17.646    n.a.  3.09276694519485  74.6856671  148.8421 /T    7.3909   1.1145662   278.15397   60.841204         n.a.     n.a.
 2026-Feb-10 14:13 *   07 26 39.66 +19 19 25.2   17.646    n.a.  3.09279689379883  74.6856302  148.8411 /T    7.3911   1.1145723   278.15391   60.840820         n.a.     n.a.
 2026-Feb-10 14:14 *   07 26 39.59 +19 19 25.3   17.646    n.a.  3.09282684238896  74.6855983  148.8401 /T    7.3913   1.1145786   278.15385   60.840437         n.a.     n.a.
 2026-Feb-10 14:15 *   07 26 39.51 +19 19 25.5   17.646    n.a.  3.09285679096730  74.6855714  148.8391 /T    7.3914   1.1145849   278.15378   60.840055         n.a.     n.a.
 2026-Feb-10 14:16 *   07 26 39.43 +19 19 25.6   17.646    n.a.  3.09288673953585  74.6855496  148.8381 /T    7.3916   1.1145912   278.15371   60.839673         n.a.     n.a.
 2026-Feb-10 14:17 *   07 26 39.35 +19 19 25.8   17.647    n.a.  3.09291668809664  74.6855327  148.8371 /T    7.3918   1.1145976   278.15364   60.839291         n.a.     n.a.
 2026-Feb-10 14:18 *r  07 26 39.27 +19 19 26.0   17.647    n.a.  3.09294663665168  74.6855209  148.8361 /T    7.3919   1.1146041   278.15356   60.838909         n.a.     n.a.
 2026-Feb-10 14:19 *   07 26 39.20 +19 19 26.1   17.647    n.a.  3.09297658520299  74.6855142  148.8351 /T    7.3921   1.1146106   278.15348   60.838528         n.a.     n.a.
 2026-Feb-10 14:20 *   07 26 39.12 +19 19 26.3   17.647    n.a.  3.09300653375260  74.6855125  148.8341 /T    7.3923   1.1146172   278.15340   60.838147         n.a.     n.a.
 2026-Feb-10 14:21 *   07 26 39.04 +19 19 26.4   17.647    n.a.  3.09303648230260  74.6855159  148.8331 /T    7.3925   1.1146239   278.15332   60.837767         n.a.     n.a.
 2026-Feb-10 14:22 *   07 26 38.96 +19 19 26.6   17.647    n.a.  3.09306643085491  74.6855243  148.8321 /T    7.3926   1.1146306   278.15323   60.837387         n.a.     n.a.
 2026-Feb-10 14:23 *   07 26 38.88 +19 19 26.7   17.647    n.a.  3.09309637941162  74.6855379  148.8311 /T    7.3928   1.1146373   278.15314   60.837008         n.a.     n.a.
 2026-Feb-10 14:24 *   07 26 38.81 +19 19 26.9   17.647    n.a.  3.09312632797478  74.6855565  148.8301 /T    7.3930   1.1146441   278.15305   60.836629         n.a.     n.a.
 2026-Feb-10 14:25 *   07 26 38.73 +19 19 27.0   17.647    n.a.  3.09315627654643  74.6855803  148.8291 /T    7.3932   1.1146510   278.15295   60.836251         n.a.     n.a.
 2026-Feb-10 14:26 *   07 26 38.65 +19 19 27.2   17.647    n.a.  3.09318622512863  74.6856091  148.8281 /T    7.3933   1.1146579   278.15285   60.835873         n.a.     n.a.
 2026-Feb-10 14:27 *   07 26 38.57 +19 19 27.3   17.647    n.a.  3.09321617372342  74.6856431  148.8271 /T    7.3935   1.1146649   278.15275   60.835495         n.a.     n.a.
 2026-Feb-10 14:28 *   07 26 38.49 +19 19 27.5   17.647    n.a.  3.09324612233292  74.6856823  148.8261 /T    7.3937   1.1146719   278.15264   60.835118         n.a.     n.a.
 2026-Feb-10 14:29 *   07 26 38.42 +19 19 27.7   17.647    n.a.  3.09327607095909  74.6857265  148.8251 /T    7.3939   1.1146789   278.15254   60.834742         n.a.     n.a.
 2026-Feb-10 14:30 *   07 26 38.34 +19 19 27.8   17.647    n.a.  3.09330601960403  74.6857760  148.8241 /T    7.3940   1.1146861   278.15243   60.834366         n.a.     n.a.
 2026-Feb-10 14:31 *   07 26 38.26 +19 19 28.0   17.647    n.a.  3.09333596826983  74.6858306  148.8231 /T    7.3942   1.1146932   278.15231   60.833991         n.a.     n.a.
 2026-Feb-10 14:32 *   07 26 38.18 +19 19 28.1   17.647    n.a.  3.09336591695854  74.6858903  148.8221 /T    7.3944   1.1147005   278.15220   60.833617         n.a.     n.a.
 2026-Feb-10 14:33 *   07 26 38.10 +19 19 28.3   17.647    n.a.  3.09339586567226  74.6859553  148.8211 /T    7.3946   1.1147077   278.15208   60.833243         n.a.     n.a.
 2026-Feb-10 14:34 *   07 26 38.03 +19 19 28.4   17.647    n.a.  3.09342581441305  74.6860254  148.8201 /T    7.3947   1.1147150   278.15196   60.832870         n.a.     n.a.
 2026-Feb-10 14:35 *   07 26 37.95 +19 19 28.6   17.647    n.a.  3.09345576318301  74.6861007  148.8191 /T    7.3949   1.1147224   278.15183   60.832497         n.a.     n.a.
 2026-Feb-10 14:36 *   07 26 37.87 +19 19 28.7   17.647    n.a.  3.09348571198426  74.6861813  148.8181 /T    7.3951   1.1147298   278.15171   60.832125         n.a.     n.a.
 2026-Feb-10 14:37 *   07 26 37.79 +19 19 28.9   17.647    n.a.  3.09351566081880  74.6862670  148.8171 /T    7.3952   1.1147373   278.15157   60.831754         n.a.     n.a.
 2026-Feb-10 14:38 *   07 26 37.71 +19 19 29.1   17.647    n.a.  3.09354560968877  74.6863580  148.8161 /T    7.3954   1.1147448   278.15144   60.831383         n.a.     n.a.
 2026-Feb-10 14:39 *   07 26 37.64 +19 19 29.2   17.647    n.a.  3.09357555859625  74.6864542  148.8151 /T    7.3956   1.1147523   278.15131   60.831014         n.a.     n.a.
 2026-Feb-10 14:40 *   07 26 37.56 +19 19 29.4   17.647    n.a.  3.09360550754337  74.6865557  148.8141 /T    7.3958   1.1147599   278.15117   60.830645         n.a.     n.a.
 2026-Feb-10 14:41 *   07 26 37.48 +19 19 29.5   17.647    n.a.  3.09363545653221  74.6866624  148.8131 /T    7.3959   1.1147675   278.15102   60.830276         n.a.     n.a.
 2026-Feb-10 14:42 *   07 26 37.40 +19 19 29.7   17.647    n.a.  3.09366540556489  74.6867743  148.8121 /T    7.3961   1.1147752   278.15088   60.829909         n.a.     n.a.
 2026-Feb-10 14:43 *   07 26 37.32 +19 19 29.8   17.647    n.a.  3.09369535464356  74.6868916  148.8110 /T    7.3963   1.1147829   278.15073   60.829542         n.a.     n.a.
 2026-Feb-10 14:44 *   07 26 37.25 +19 19 30.0   17.647    n.a.  3.09372530377024  74.6870141  148.8100 /T    7.3965   1.1147907   278.15058   60.829176         n.a.     n.a.
 2026-Feb-10 14:45 *   07 26 37.17 +19 19 30.1   17.647    n.a.  3.09375525294708  74.6871418  148.8090 /T    7.3966   1.1147985   278.15043   60.828811         n.a.     n.a.
 2026-Feb-10 14:46 *   07 26 37.09 +19 19 30.3   17.647    n.a.  3.09378520217621  74.6872749  148.8080 /T    7.3968   1.1148063   278.15027   60.828447         n.a.     n.a.
 2026-Feb-10 14:47 *   07 26 37.01 +19 19 30.5   17.647    n.a.  3.09381515145975  74.6874132  148.8070 /T    7.3970   1.1148142   278.15011   60.828084         n.a.     n.a.
 2026-Feb-10 14:48 *   07 26 36.93 +19 19 30.6   17.648    n.a.  3.09384510079982  74.6875569  148.8060 /T    7.3972   1.1148221   278.14995   60.827722         n.a.     n.a.
 2026-Feb-10 14:49 *   07 26 36.86 +19 19 30.8   17.648    n.a.  3.09387505019856  74.6877058  148.8050 /T    7.3973   1.1148301   278.14979   60.827360         n.a.     n.a.
 2026-Feb-10 14:50 *   07 26 36.78 +19 19 30.9   17.648    n.a.  3.09390499965808  74.6878601  148.8040 /T    7.3975   1.1148381   278.14962   60.826999         n.a.     n.a.
 2026-Feb-10 14:51 *   07 26 36.70 +19 19 31.1   17.648    n.a.  3.09393494918059  74.6880197  148.8030 /T    7.3977   1.1148461   278.14945   60.826640         n.a.     n.a.
 2026-Feb-10 14:52 *   07 26 36.62 +19 19 31.2   17.648    n.a.  3.09396489876809  74.6881846  148.8020 /T    7.3979   1.1148542   278.14928   60.826281         n.a.     n.a.
 2026-Feb-10 14:53 *   07 26 36.54 +19 19 31.4   17.648    n.a.  3.09399484842279  74.6883549  148.8010 /T    7.3980   1.1148623   278.14910   60.825923         n.a.     n.a.
 2026-Feb-10 14:54 *   07 26 36.47 +19 19 31.5   17.648    n.a.  3.09402479814683  74.6885305  148.8000 /T    7.3982   1.1148704   278.14892   60.825567         n.a.     n.a.
 2026-Feb-10 14:55 *   07 26 36.39 +19 19 31.7   17.648    n.a.  3.09405474794235  74.6887114  148.7990 /T    7.3984   1.1148786   278.14874   60.825211         n.a.     n.a.
 2026-Feb-10 14:56 *   07 26 36.31 +19 19 31.9   17.648    n.a.  3.09408469781150  74.6888977  148.7980 /T    7.3985   1.1148868   278.14855   60.824856         n.a.     n.a.
 2026-Feb-10 14:57 *   07 26 36.23 +19 19 32.0   17.648    n.a.  3.09411464775642  74.6890894  148.7970 /T    7.3987   1.1148950   278.14837   60.824502         n.a.     n.a.
 2026-Feb-10 14:58 *   07 26 36.15 +19 19 32.2   17.648    n.a.  3.09414459777928  74.6892864  148.7960 /T    7.3989   1.1149033   278.14818   60.824150         n.a.     n.a.
 2026-Feb-10 14:59 *   07 26 36.08 +19 19 32.3   17.648    n.a.  3.09417454788227  74.6894888  148.7950 /T    7.3991   1.1149116   278.14798   60.823798         n.a.     n.a.
 2026-Feb-10 15:00 *   07 26 36.00 +19 19 32.5   17.648    n.a.  3.09420449806744  74.6896966  148.7940 /T    7.3992   1.1149199   278.14779   60.823448         n.a.     n.a.
 2026-Feb-10 15:01 *   07 26 35.92 +19 19 32.6   17.648    n.a.  3.09423444833700  74.6899098  148.7930 /T    7.3994   1.1149283   278.14759   60.823098         n.a.     n.a.
 2026-Feb-10 15:02 *   07 26 35.84 +19 19 32.8   17.648    n.a.  3.09426439869313  74.6901284  148.7920 /T    7.3996   1.1149367   278.14739   60.822750         n.a.     n.a.
 2026-Feb-10 15:03 *   07 26 35.76 +19 19 32.9   17.648    n.a.  3.09429434913797  74.6903523  148.7910 /T    7.3998   1.1149451   278.14718   60.822403         n.a.     n.a.
 2026-Feb-10 15:04 *   07 26 35.69 +19 19 33.1   17.648    n.a.  3.09432429967370  74.6905817  148.7900 /T    7.3999   1.1149535   278.14698   60.822057         n.a.     n.a.
 2026-Feb-10 15:05 *   07 26 35.61 +19 19 33.2   17.648    n.a.  3.09435425030248  74.6908165  148.7890 /T    7.4001   1.1149620   278.14677   60.821712         n.a.     n.a.
 2026-Feb-10 15:06 *   07 26 35.53 +19 19 33.4   17.648    n.a.  3.09438420102654  74.6910567  148.7880 /T    7.4003   1.1149705   278.14655   60.821368         n.a.     n.a.
 2026-Feb-10 15:07 *   07 26 35.45 +19 19 33.6   17.648    n.a.  3.09441415184794  74.6913023  148.7870 /T    7.4005   1.1149790   278.14634   60.821026         n.a.     n.a.
 2026-Feb-10 15:08 *   07 26 35.37 +19 19 33.7   17.648    n.a.  3.09444410276891  74.6915533  148.7860 /T    7.4006   1.1149876   278.14612   60.820685         n.a.     n.a.
 2026-Feb-10 15:09 *   07 26 35.30 +19 19 33.9   17.648    n.a.  3.09447405379163  74.6918098  148.7849 /T    7.4008   1.1149962   278.14590   60.820345         n.a.     n.a.
 2026-Feb-10 15:10 *   07 26 35.22 +19 19 34.0   17.648    n.a.  3.09450400491827  74.6920717  148.7839 /T    7.4010   1.1150048   278.14567   60.820006         n.a.     n.a.
 2026-Feb-10 15:11 *   07 26 35.14 +19 19 34.2   17.648    n.a.  3.09453395615102  74.6923390  148.7829 /T    7.4012   1.1150134   278.14545   60.819668         n.a.     n.a.
 2026-Feb-10 15:12 *   07 26 35.06 +19 19 34.3   17.648    n.a.  3.09456390749205  74.6926118  148.7819 /T    7.4013   1.1150220   278.14522   60.819332         n.a.     n.a.
 2026-Feb-10 15:13 *   07 26 34.99 +19 19 34.5   17.648    n.a.  3.09459385894355  74.6928900  148.7809 /T    7.4015   1.1150307   278.14498   60.818997         n.a.     n.a.
 2026-Feb-10 15:14 *   07 26 34.91 +19 19 34.6   17.648    n.a.  3.09462381050778  74.6931737  148.7799 /T    7.4017   1.1150394   278.14475   60.818664         n.a.     n.a.
 2026-Feb-10 15:15 *   07 26 34.83 +19 19 34.8   17.648    n.a.  3.09465376218678  74.6934629  148.7789 /T    7.4018   1.1150481   278.14451   60.818331         n.a.     n.a.
 2026-Feb-10 15:16 *   07 26 34.75 +19 19 35.0   17.648    n.a.  3.09468371398282  74.6937575  148.7779 /T    7.4020   1.1150568   278.14427   60.818000         n.a.     n.a.
 2026-Feb-10 15:17 *   07 26 34.67 +19 19 35.1   17.648    n.a.  3.09471366589809  74.6940576  148.7769 /T    7.4022   1.1150656   278.14403   60.817671         n.a.     n.a.
 2026-Feb-10 15:18 *   07 26 34.60 +19 19 35.3   17.648    n.a.  3.09474361793478  74.6943631  148.7759 /T    7.4024   1.1150744   278.14378   60.817343         n.a.     n.a.
 2026-Feb-10 15:19 *   07 26 34.52 +19 19 35.4   17.649    n.a.  3.09477357009508  74.6946741  148.7749 /T    7.4025   1.1150831   278.14353   60.817016         n.a.     n.a.
 2026-Feb-10 15:20 *   07 26 34.44 +19 19 35.6   17.649    n.a.  3.09480352238119  74.6949906  148.7739 /T    7.4027   1.1150919   278.14328   60.816691         n.a.     n.a.
 2026-Feb-10 15:21 *   07 26 34.36 +19 19 35.7   17.649    n.a.  3.09483347479537  74.6953126  148.7729 /T    7.4029   1.1151008   278.14302   60.816367         n.a.     n.a.
 2026-Feb-10 15:22 *   07 26 34.28 +19 19 35.9   17.649    n.a.  3.09486342733969  74.6956401  148.7719 /T    7.4031   1.1151096   278.14276   60.816044         n.a.     n.a.
 2026-Feb-10 15:23 *   07 26 34.21 +19 19 36.0   17.649    n.a.  3.09489338001643  74.6959730  148.7709 /T    7.4032   1.1151185   278.14250   60.815723         n.a.     n.a.
 2026-Feb-10 15:24 *   07 26 34.13 +19 19 36.2   17.649    n.a.  3.09492333282777  74.6963115  148.7699 /T    7.4034   1.1151273   278.14224   60.815404         n.a.     n.a.
 2026-Feb-10 15:25 *   07 26 34.05 +19 19 36.3   17.649    n.a.  3.09495328577593  74.6966554  148.7689 /T    7.4036   1.1151362   278.14198   60.815086         n.a.     n.a.
 2026-Feb-10 15:26 *   07 26 33.97 +19 19 36.5   17.649    n.a.  3.09498323886311  74.6970049  148.7679 /T    7.4038   1.1151451   278.14171   60.814769         n.a.     n.a.
 2026-Feb-10 15:27 *   07 26 33.89 +19 19 36.7   17.649    n.a.  3.09501319209152  74.6973599  148.7669 /T    7.4039   1.1151540   278.14144   60.814454         n.a.     n.a.
 2026-Feb-10 15:28 *   07 26 33.82 +19 19 36.8   17.649    n.a.  3.09504314546336  74.6977203  148.7659 /T    7.4041   1.1151629   278.14116   60.814141         n.a.     n.a.
 2026-Feb-10 15:29 *   07 26 33.74 +19 19 37.0   17.649    n.a.  3.09507309898090  74.6980863  148.7649 /T    7.4043   1.1151718   278.14088   60.813829         n.a.     n.a.
 2026-Feb-10 15:30 *   07 26 33.66 +19 19 37.1   17.649    n.a.  3.09510305264623  74.6984578  148.7639 /T    7.4045   1.1151808   278.14060   60.813518         n.a.     n.a.
 2026-Feb-10 15:31 *   07 26 33.58 +19 19 37.3   17.649    n.a.  3.09513300646162  74.6988348  148.7629 /T    7.4046   1.1151897   278.14032   60.813210         n.a.     n.a.
 2026-Feb-10 15:32 *   07 26 33.50 +19 19 37.4   17.649    n.a.  3.09516296042930  74.6992173  148.7618 /T    7.4048   1.1151987   278.14004   60.812902         n.a.     n.a.
 2026-Feb-10 15:33 *   07 26 33.43 +19 19 37.6   17.649    n.a.  3.09519291455146  74.6996053  148.7608 /T    7.4050   1.1152077   278.13975   60.812597         n.a.     n.a.
 2026-Feb-10 15:34 *   07 26 33.35 +19 19 37.7   17.649    n.a.  3.09522286883032  74.6999989  148.7598 /T    7.4051   1.1152166   278.13946   60.812293         n.a.     n.a.
 2026-Feb-10 15:35 *   07 26 33.27 +19 19 37.9   17.649    n.a.  3.09525282326810  74.7003980  148.7588 /T    7.4053   1.1152256   278.13916   60.811991         n.a.     n.a.
 2026-Feb-10 15:36 *   07 26 33.19 +19 19 38.1   17.649    n.a.  3.09528277786702  74.7008026  148.7578 /T    7.4055   1.1152346   278.13887   60.811690         n.a.     n.a.
 2026-Feb-10 15:37 *   07 26 33.11 +19 19 38.2   17.649    n.a.  3.09531273262935  74.7012128  148.7568 /T    7.4057   1.1152436   278.13857   60.811391         n.a.     n.a.
 2026-Feb-10 15:38 *   07 26 33.04 +19 19 38.4   17.649    n.a.  3.09534268755719  74.7016284  148.7558 /T    7.4058   1.1152526   278.13827   60.811094         n.a.     n.a.
 2026-Feb-10 15:39 *   07 26 32.96 +19 19 38.5   17.649    n.a.  3.09537264265282  74.7020496  148.7548 /T    7.4060   1.1152616   278.13796   60.810799         n.a.     n.a.
 2026-Feb-10 15:40 *   07 26 32.88 +19 19 38.7   17.649    n.a.  3.09540259791846  74.7024764  148.7538 /T    7.4062   1.1152706   278.13766   60.810505         n.a.     n.a.
 2026-Feb-10 15:41 *   07 26 32.80 +19 19 38.8   17.649    n.a.  3.09543255335632  74.7029087  148.7528 /T    7.4064   1.1152796   278.13735   60.810213         n.a.     n.a.
 2026-Feb-10 15:42 *   07 26 32.72 +19 19 39.0   17.649    n.a.  3.09546250896864  74.7033465  148.7518 /T    7.4065   1.1152886   278.13704   60.809923         n.a.     n.a.
 2026-Feb-10 15:43 *   07 26 32.65 +19 19 39.1   17.649    n.a.  3.09549246475763  74.7037899  148.7508 /T    7.4067   1.1152976   278.13672   60.809634         n.a.     n.a.
 2026-Feb-10 15:44 *   07 26 32.57 +19 19 39.3   17.649    n.a.  3.09552242072557  74.7042388  148.7498 /T    7.4069   1.1153066   278.13640   60.809347         n.a.     n.a.
 2026-Feb-10 15:45 *   07 26 32.49 +19 19 39.4   17.649    n.a.  3.09555237687456  74.7046932  148.7488 /T    7.4071   1.1153156   278.13608   60.809063         n.a.     n.a.
 2026-Feb-10 15:46 *   07 26 32.41 +19 19 39.6   17.649    n.a.  3.09558233320690  74.7051532  148.7478 /T    7.4072   1.1153247   278.13576   60.808780         n.a.     n.a.
 2026-Feb-10 15:47 *   07 26 32.33 +19 19 39.8   17.649    n.a.  3.09561228972480  74.7056188  148.7468 /T    7.4074   1.1153337   278.13543   60.808498         n.a.     n.a.
 2026-Feb-10 15:48 *   07 26 32.25 +19 19 39.9   17.649    n.a.  3.09564224643048  74.7060899  148.7458 /T    7.4076   1.1153427   278.13511   60.808219         n.a.     n.a.
 2026-Feb-10 15:49 *   07 26 32.18 +19 19 40.1   17.649    n.a.  3.09567220332618  74.7065665  148.7448 /T    7.4078   1.1153517   278.13477   60.807941         n.a.     n.a.
 2026-Feb-10 15:50 *   07 26 32.10 +19 19 40.2   17.650    n.a.  3.09570216041411  74.7070487  148.7438 /T    7.4079   1.1153607   278.13444   60.807666         n.a.     n.a.
 2026-Feb-10 15:51 *   07 26 32.02 +19 19 40.4   17.650    n.a.  3.09573211769650  74.7075364  148.7428 /T    7.4081   1.1153697   278.13410   60.807392         n.a.     n.a.
 2026-Feb-10 15:52 *   07 26 31.94 +19 19 40.5   17.650    n.a.  3.09576207517564  74.7080297  148.7417 /T    7.4083   1.1153787   278.13377   60.807120         n.a.     n.a.
 2026-Feb-10 15:53 *   07 26 31.86 +19 19 40.7   17.650    n.a.  3.09579203285363  74.7085286  148.7407 /T    7.4084   1.1153877   278.13342   60.806850         n.a.     n.a.
 2026-Feb-10 15:54 *   07 26 31.79 +19 19 40.8   17.650    n.a.  3.09582199073276  74.7090329  148.7397 /T    7.4086   1.1153967   278.13308   60.806582         n.a.     n.a.
 2026-Feb-10 15:55 *   07 26 31.71 +19 19 41.0   17.650    n.a.  3.09585194881525  74.7095429  148.7387 /T    7.4088   1.1154056   278.13273   60.806316         n.a.     n.a.
 2026-Feb-10 15:56 *   07 26 31.63 +19 19 41.2   17.650    n.a.  3.09588190710333  74.7100584  148.7377 /T    7.4090   1.1154146   278.13238   60.806052         n.a.     n.a.
 2026-Feb-10 15:57 *   07 26 31.55 +19 19 41.3   17.650    n.a.  3.09591186559923  74.7105794  148.7367 /T    7.4091   1.1154236   278.13203   60.805790         n.a.     n.a.
 2026-Feb-10 15:58 *   07 26 31.47 +19 19 41.5   17.650    n.a.  3.09594182430517  74.7111060  148.7357 /T    7.4093   1.1154325   278.13168   60.805530         n.a.     n.a.
 2026-Feb-10 15:59 *   07 26 31.40 +19 19 41.6   17.650    n.a.  3.09597178322343  74.7116381  148.7347 /T    7.4095   1.1154415   278.13132   60.805272         n.a.     n.a.
 2026-Feb-10 16:00 *   07 26 31.32 +19 19 41.8   17.650    n.a.  3.09600174235612  74.7121758  148.7337 /T    7.4097   1.1154504   278.13096   60.805016         n.a.     n.a.
 2026-Feb-10 16:01 *   07 26 31.24 +19 19 41.9   17.650    n.a.  3.09603170170554  74.7127191  148.7327 /T    7.4098   1.1154593   278.13060   60.804763         n.a.     n.a.
 2026-Feb-10 16:02 *   07 26 31.16 +19 19 42.1   17.650    n.a.  3.09606166127389  74.7132679  148.7317 /T    7.4100   1.1154682   278.13023   60.804511         n.a.     n.a.
 2026-Feb-10 16:03 *   07 26 31.08 +19 19 42.2   17.650    n.a.  3.09609162106342  74.7138222  148.7307 /T    7.4102   1.1154771   278.12986   60.804261         n.a.     n.a.
 2026-Feb-10 16:04 *   07 26 31.01 +19 19 42.4   17.650    n.a.  3.09612158107633  74.7143821  148.7297 /T    7.4104   1.1154860   278.12949   60.804013         n.a.     n.a.
 2026-Feb-10 16:05 *   07 26 30.93 +19 19 42.5   17.650    n.a.  3.09615154131487  74.7149475  148.7287 /T    7.4105   1.1154949   278.12912   60.803768         n.a.     n.a.
 2026-Feb-10 16:06 *   07 26 30.85 +19 19 42.7   17.650    n.a.  3.09618150178125  74.7155185  148.7277 /T    7.4107   1.1155038   278.12874   60.803524         n.a.     n.a.
 2026-Feb-10 16:07 *   07 26 30.77 +19 19 42.9   17.650    n.a.  3.09621146247775  74.7160950  148.7267 /T    7.4109   1.1155126   278.12837   60.803283         n.a.     n.a.
 2026-Feb-10 16:08 *   07 26 30.69 +19 19 43.0   17.650    n.a.  3.09624142340648  74.7166771  148.7257 /T    7.4111   1.1155214   278.12798   60.803044         n.a.     n.a.
 2026-Feb-10 16:09 *   07 26 30.62 +19 19 43.2   17.650    n.a.  3.09627138456972  74.7172647  148.7247 /T    7.4112   1.1155302   278.12760   60.802807         n.a.     n.a.
 2026-Feb-10 16:10 *   07 26 30.54 +19 19 43.3   17.650    n.a.  3.09630134596970  74.7178579  148.7236 /T    7.4114   1.1155390   278.12722   60.802572         n.a.     n.a.
 2026-Feb-10 16:11 *   07 26 30.46 +19 19 43.5   17.650    n.a.  3.09633130760864  74.7184565  148.7226 /T    7.4116   1.1155478   278.12683   60.802339         n.a.     n.a.
 2026-Feb-10 16:12 *   07 26 30.38 +19 19 43.6   17.650    n.a.  3.09636126948875  74.7190608  148.7216 /T    7.4118   1.1155566   278.12644   60.802109         n.a.     n.a.
 2026-Feb-10 16:13 *   07 26 30.30 +19 19 43.8   17.650    n.a.  3.09639123161226  74.7196705  148.7206 /T    7.4119   1.1155653   278.12604   60.801881         n.a.     n.a.
 2026-Feb-10 16:14 *   07 26 30.23 +19 19 43.9   17.650    n.a.  3.09642119398138  74.7202858  148.7196 /T    7.4121   1.1155740   278.12565   60.801655         n.a.     n.a.
 2026-Feb-10 16:15 *   07 26 30.15 +19 19 44.1   17.650    n.a.  3.09645115659841  74.7209067  148.7186 /T    7.4123   1.1155827   278.12525   60.801431         n.a.     n.a.
 2026-Feb-10 16:16 *   07 26 30.07 +19 19 44.3   17.650    n.a.  3.09648111946543  74.7215331  148.7176 /T    7.4124   1.1155914   278.12485   60.801209         n.a.     n.a.
 2026-Feb-10 16:17 *   07 26 29.99 +19 19 44.4   17.650    n.a.  3.09651108258472  74.7221649  148.7166 /T    7.4126   1.1156001   278.12444   60.800990         n.a.     n.a.
 2026-Feb-10 16:18 *   07 26 29.91 +19 19 44.6   17.650    n.a.  3.09654104595850  74.7228024  148.7156 /T    7.4128   1.1156087   278.12404   60.800773         n.a.     n.a.
 2026-Feb-10 16:19 *   07 26 29.84 +19 19 44.7   17.650    n.a.  3.09657100958898  74.7234453  148.7146 /T    7.4130   1.1156173   278.12363   60.800559         n.a.     n.a.
 2026-Feb-10 16:20 *   07 26 29.76 +19 19 44.9   17.650    n.a.  3.09660097347839  74.7240938  148.7136 /T    7.4131   1.1156259   278.12322   60.800346         n.a.     n.a.
 2026-Feb-10 16:21 *   07 26 29.68 +19 19 45.0   17.651    n.a.  3.09663093762893  74.7247478  148.7126 /T    7.4133   1.1156345   278.12281   60.800136         n.a.     n.a.
 2026-Feb-10 16:22 *   07 26 29.60 +19 19 45.2   17.651    n.a.  3.09666090204287  74.7254073  148.7116 /T    7.4135   1.1156430   278.12239   60.799929         n.a.     n.a.
 2026-Feb-10 16:23 *   07 26 29.52 +19 19 45.3   17.651    n.a.  3.09669086672231  74.7260723  148.7106 /T    7.4137   1.1156515   278.12197   60.799724         n.a.     n.a.
 2026-Feb-10 16:24 *   07 26 29.45 +19 19 45.5   17.651    n.a.  3.09672083166952  74.7267428  148.7096 /T    7.4138   1.1156600   278.12155   60.799521         n.a.     n.a.
 2026-Feb-10 16:25 *   07 26 29.37 +19 19 45.6   17.651    n.a.  3.09675079688671  74.7274189  148.7086 /T    7.4140   1.1156685   278.12113   60.799320         n.a.     n.a.
 2026-Feb-10 16:26 *   07 26 29.29 +19 19 45.8   17.651    n.a.  3.09678076237608  74.7281004  148.7076 /T    7.4142   1.1156769   278.12070   60.799122         n.a.     n.a.
 2026-Feb-10 16:27 *   07 26 29.21 +19 19 46.0   17.651    n.a.  3.09681072813985  74.7287875  148.7065 /T    7.4144   1.1156853   278.12027   60.798926         n.a.     n.a.
 2026-Feb-10 16:28 *   07 26 29.13 +19 19 46.1   17.651    n.a.  3.09684069418021  74.7294800  148.7055 /T    7.4145   1.1156937   278.11984   60.798733         n.a.     n.a.
 2026-Feb-10 16:29 *   07 26 29.06 +19 19 46.3   17.651    n.a.  3.09687066049938  74.7301780  148.7045 /T    7.4147   1.1157020   278.11941   60.798542         n.a.     n.a.
 2026-Feb-10 16:30 *   07 26 28.98 +19 19 46.4   17.651    n.a.  3.09690062709961  74.7308816  148.7035 /T    7.4149   1.1157104   278.11897   60.798354         n.a.     n.a.
 2026-Feb-10 16:31 *   07 26 28.90 +19 19 46.6   17.651    n.a.  3.09693059398299  74.7315906  148.7025 /T    7.4151   1.1157186   278.11854   60.798168         n.a.     n.a.
 2026-Feb-10 16:32 *   07 26 28.82 +19 19 46.7   17.651    n.a.  3.09696056115177  74.7323051  148.7015 /T    7.4152   1.1157269   278.11810   60.797985         n.a.     n.a.
 2026-Feb-10 16:33 *   07 26 28.74 +19 19 46.9   17.651    n.a.  3.09699052860816  74.7330251  148.7005 /T    7.4154   1.1157351   278.11765   60.797804         n.a.     n.a.
 2026-Feb-10 16:34 *   07 26 28.67 +19 19 47.0   17.651    n.a.  3.09702049635435  74.7337505  148.6995 /T    7.4156   1.1157433   278.11721   60.797626         n.a.     n.a.
 2026-Feb-10 16:35 *   07 26 28.59 +19 19 47.2   17.651    n.a.  3.09705046439254  74.7344815  148.6985 /T    7.4158   1.1157515   278.11676   60.797450         n.a.     n.a.
 2026-Feb-10 16:36 *   07 26 28.51 +19 19 47.3   17.651    n.a.  3.09708043272492  74.7352179  148.6975 /T    7.4159   1.1157596   278.11631   60.797276         n.a.     n.a.
 2026-Feb-10 16:37 *   07 26 28.43 +19 19 47.5   17.651    n.a.  3.09711040135375  74.7359597  148.6965 /T    7.4161   1.1157677   278.11586   60.797106         n.a.     n.a.
 2026-Feb-10 16:38 *   07 26 28.35 +19 19 47.7   17.651    n.a.  3.09714037028108  74.7367071  148.6955 /T    7.4163   1.1157757   278.11540   60.796937         n.a.     n.a.
 2026-Feb-10 16:39 *   07 26 28.28 +19 19 47.8   17.651    n.a.  3.09717033950918  74.7374598  148.6945 /T    7.4165   1.1157837   278.11495   60.796772         n.a.     n.a.
 2026-Feb-10 16:40 *   07 26 28.20 +19 19 48.0   17.651    n.a.  3.09720030904023  74.7382181  148.6935 /T    7.4166   1.1157917   278.11449   60.796609         n.a.     n.a.
 2026-Feb-10 16:41 *   07 26 28.12 +19 19 48.1   17.651    n.a.  3.09723027887641  74.7389818  148.6925 /T    7.4168   1.1157997   278.11402   60.796448         n.a.     n.a.
 2026-Feb-10 16:42 *   07 26 28.04 +19 19 48.3   17.651    n.a.  3.09726024901991  74.7397509  148.6914 /T    7.4170   1.1158076   278.11356   60.796290         n.a.     n.a.
 2026-Feb-10 16:43 *   07 26 27.96 +19 19 48.4   17.651    n.a.  3.09729021947291  74.7405254  148.6904 /T    7.4171   1.1158154   278.11309   60.796135         n.a.     n.a.
 2026-Feb-10 16:44 *   07 26 27.89 +19 19 48.6   17.651    n.a.  3.09732019023759  74.7413054  148.6894 /T    7.4173   1.1158232   278.11263   60.795983         n.a.     n.a.
 2026-Feb-10 16:45 *   07 26 27.81 +19 19 48.7   17.651    n.a.  3.09735016131617  74.7420908  148.6884 /T    7.4175   1.1158310   278.11215   60.795833         n.a.     n.a.
 2026-Feb-10 16:46 *   07 26 27.73 +19 19 48.9   17.651    n.a.  3.09738013271073  74.7428817  148.6874 /T    7.4177   1.1158388   278.11168   60.795685         n.a.     n.a.
 2026-Feb-10 16:47 *   07 26 27.65 +19 19 49.0   17.651    n.a.  3.09741010442349  74.7436779  148.6864 /T    7.4178   1.1158465   278.11121   60.795541         n.a.     n.a.
 2026-Feb-10 16:48 *   07 26 27.57 +19 19 49.2   17.651    n.a.  3.09744007645663  74.7444796  148.6854 /T    7.4180   1.1158541   278.11073   60.795399         n.a.     n.a.
 2026-Feb-10 16:49 *   07 26 27.49 +19 19 49.4   17.651    n.a.  3.09747004881230  74.7452867  148.6844 /T    7.4182   1.1158617   278.11025   60.795260         n.a.     n.a.
 2026-Feb-10 16:50 *   07 26 27.42 +19 19 49.5   17.651    n.a.  3.09750002149269  74.7460991  148.6834 /T    7.4184   1.1158693   278.10976   60.795123         n.a.     n.a.
 2026-Feb-10 16:51 *   07 26 27.34 +19 19 49.7   17.651    n.a.  3.09752999449994  74.7469170  148.6824 /T    7.4185   1.1158768   278.10928   60.794989         n.a.     n.a.
 2026-Feb-10 16:52 *   07 26 27.26 +19 19 49.8   17.652    n.a.  3.09755996783623  74.7477403  148.6814 /T    7.4187   1.1158843   278.10879   60.794858         n.a.     n.a.
 2026-Feb-10 16:53 *   07 26 27.18 +19 19 50.0   17.652    n.a.  3.09758994150378  74.7485689  148.6804 /T    7.4189   1.1158917   278.10830   60.794730         n.a.     n.a.
 2026-Feb-10 16:54 *   07 26 27.10 +19 19 50.1   17.652    n.a.  3.09761991550461  74.7494029  148.6794 /T    7.4191   1.1158991   278.10781   60.794605         n.a.     n.a.
 2026-Feb-10 16:55 *   07 26 27.03 +19 19 50.3   17.652    n.a.  3.09764988984095  74.7502423  148.6784 /T    7.4192   1.1159065   278.10732   60.794482         n.a.     n.a.
 2026-Feb-10 16:56 *   07 26 26.95 +19 19 50.4   17.652    n.a.  3.09767986451495  74.7510870  148.6773 /T    7.4194   1.1159138   278.10682   60.794362         n.a.     n.a.
 2026-Feb-10 16:57 *   07 26 26.87 +19 19 50.6   17.652    n.a.  3.09770983952876  74.7519371  148.6763 /T    7.4196   1.1159210   278.10632   60.794245         n.a.     n.a.
 2026-Feb-10 16:58 *   07 26 26.79 +19 19 50.7   17.652    n.a.  3.09773981488452  74.7527926  148.6753 /T    7.4198   1.1159282   278.10582   60.794130         n.a.     n.a.
 2026-Feb-10 16:59 *   07 26 26.71 +19 19 50.9   17.652    n.a.  3.09776979058439  74.7536534  148.6743 /T    7.4199   1.1159354   278.10532   60.794019         n.a.     n.a.
 2026-Feb-10 17:00 *   07 26 26.64 +19 19 51.1   17.652    n.a.  3.09779976663055  74.7545195  148.6733 /T    7.4201   1.1159425   278.10481   60.793910         n.a.     n.a.
 2026-Feb-10 17:01 *   07 26 26.56 +19 19 51.2   17.652    n.a.  3.09782974302504  74.7553910  148.6723 /T    7.4203   1.1159495   278.10431   60.793804         n.a.     n.a.
 2026-Feb-10 17:02 *   07 26 26.48 +19 19 51.4   17.652    n.a.  3.09785971977004  74.7562678  148.6713 /T    7.4205   1.1159565   278.10380   60.793701         n.a.     n.a.
 2026-Feb-10 17:03 *   07 26 26.40 +19 19 51.5   17.652    n.a.  3.09788969686769  74.7571499  148.6703 /T    7.4206   1.1159635   278.10329   60.793601         n.a.     n.a.
 2026-Feb-10 17:04 C   07 26 26.32 +19 19 51.7   17.652    n.a.  3.09791967432013  74.7580373  148.6693 /T    7.4208   1.1159703   278.10277   60.793504         n.a.     n.a.
 2026-Feb-10 17:05 C   07 26 26.25 +19 19 51.8   17.652    n.a.  3.09794965212948  74.7589301  148.6683 /T    7.4210   1.1159772   278.10226   60.793410         n.a.     n.a.
 2026-Feb-10 17:06 C   07 26 26.17 +19 19 52.0   17.652    n.a.  3.09797963029786  74.7598281  148.6673 /T    7.4212   1.1159840   278.10174   60.793318         n.a.     n.a.
 2026-Feb-10 17:07 C   07 26 26.09 +19 19 52.1   17.652    n.a.  3.09800960882741  74.7607314  148.6663 /T    7.4213   1.1159907   278.10122   60.793230         n.a.     n.a.
 2026-Feb-10 17:08 C   07 26 26.01 +19 19 52.3   17.652    n.a.  3.09803958772029  74.7616400  148.6653 /T    7.4215   1.1159974   278.10070   60.793144         n.a.     n.a.
 2026-Feb-10 17:09 C   07 26 25.93 +19 19 52.4   17.652    n.a.  3.09806956697850  74.7625539  148.6643 /T    7.4217   1.1160040   278.10017   60.793062         n.a.     n.a.
 2026-Feb-10 17:10 C   07 26 25.86 +19 19 52.6   17.652    n.a.  3.09809954660422  74.7634730  148.6632 /T    7.4219   1.1160106   278.09964   60.792982         n.a.     n.a.
 2026-Feb-10 17:11 C   07 26 25.78 +19 19 52.8   17.652    n.a.  3.09812952659956  74.7643974  148.6622 /T    7.4220   1.1160171   278.09912   60.792905         n.a.     n.a.
 2026-Feb-10 17:12 C   07 26 25.70 +19 19 52.9   17.652    n.a.  3.09815950696663  74.7653271  148.6612 /T    7.4222   1.1160235   278.09859   60.792831         n.a.     n.a.
 2026-Feb-10 17:13 C   07 26 25.62 +19 19 53.1   17.652    n.a.  3.09818948770752  74.7662619  148.6602 /T    7.4224   1.1160299   278.09805   60.792761         n.a.     n.a.
 2026-Feb-10 17:14 C   07 26 25.54 +19 19 53.2   17.652    n.a.  3.09821946882435  74.7672021  148.6592 /T    7.4225   1.1160362   278.09752   60.792693         n.a.     n.a.
 2026-Feb-10 17:15 C   07 26 25.47 +19 19 53.4   17.652    n.a.  3.09824945031926  74.7681474  148.6582 /T    7.4227   1.1160425   278.09698   60.792628         n.a.     n.a.
 2026-Feb-10 17:16 C   07 26 25.39 +19 19 53.5   17.652    n.a.  3.09827943219423  74.7690980  148.6572 /T    7.4229   1.1160487   278.09644   60.792566         n.a.     n.a.
 2026-Feb-10 17:17 C   07 26 25.31 +19 19 53.7   17.652    n.a.  3.09830941445142  74.7700538  148.6562 /T    7.4231   1.1160549   278.09590   60.792508         n.a.     n.a.
 2026-Feb-10 17:18 C   07 26 25.23 +19 19 53.8   17.652    n.a.  3.09833939709290  74.7710148  148.6552 /T    7.4232   1.1160610   278.09536   60.792452         n.a.     n.a.
 2026-Feb-10 17:19 C   07 26 25.15 +19 19 54.0   17.652    n.a.  3.09836938012077  74.7719809  148.6542 /T    7.4234   1.1160670   278.09481   60.792399         n.a.     n.a.
 2026-Feb-10 17:20 C   07 26 25.07 +19 19 54.1   17.652    n.a.  3.09839936353711  74.7729523  148.6532 /T    7.4236   1.1160729   278.09426   60.792350         n.a.     n.a.
 2026-Feb-10 17:21 C   07 26 25.00 +19 19 54.3   17.652    n.a.  3.09842934734399  74.7739288  148.6522 /T    7.4238   1.1160788   278.09371   60.792303         n.a.     n.a.
 2026-Feb-10 17:22 C   07 26 24.92 +19 19 54.5   17.652    n.a.  3.09845933154348  74.7749105  148.6512 /T    7.4239   1.1160847   278.09316   60.792260         n.a.     n.a.
 2026-Feb-10 17:23 C   07 26 24.84 +19 19 54.6   17.653    n.a.  3.09848931613773  74.7758974  148.6501 /T    7.4241   1.1160904   278.09261   60.792220         n.a.     n.a.
 2026-Feb-10 17:24 C   07 26 24.76 +19 19 54.8   17.653    n.a.  3.09851930112866  74.7768894  148.6491 /T    7.4243   1.1160962   278.09205   60.792182         n.a.     n.a.
 2026-Feb-10 17:25 C   07 26 24.68 +19 19 54.9   17.653    n.a.  3.09854928651841  74.7778865  148.6481 /T    7.4245   1.1161018   278.09150   60.792148         n.a.     n.a.
 2026-Feb-10 17:26 C   07 26 24.61 +19 19 55.1   17.653    n.a.  3.09857927230903  74.7788888  148.6471 /T    7.4246   1.1161074   278.09094   60.792117         n.a.     n.a.
 2026-Feb-10 17:27 C   07 26 24.53 +19 19 55.2   17.653    n.a.  3.09860925850259  74.7798962  148.6461 /T    7.4248   1.1161129   278.09038   60.792089         n.a.     n.a.
 2026-Feb-10 17:28 C   07 26 24.45 +19 19 55.4   17.653    n.a.  3.09863924510113  74.7809087  148.6451 /T    7.4250   1.1161183   278.08981   60.792065         n.a.     n.a.
 2026-Feb-10 17:29 C   07 26 24.37 +19 19 55.5   17.653    n.a.  3.09866923210669  74.7819264  148.6441 /T    7.4252   1.1161237   278.08925   60.792043         n.a.     n.a.
 2026-Feb-10 17:30 C   07 26 24.29 +19 19 55.7   17.653    n.a.  3.09869921952133  74.7829491  148.6431 /T    7.4253   1.1161290   278.08868   60.792025         n.a.     n.a.
 2026-Feb-10 17:31 C   07 26 24.22 +19 19 55.8   17.653    n.a.  3.09872920734715  74.7839769  148.6421 /T    7.4255   1.1161342   278.08811   60.792009         n.a.     n.a.
 2026-Feb-10 17:32 C   07 26 24.14 +19 19 56.0   17.653    n.a.  3.09875919558606  74.7850097  148.6411 /T    7.4257   1.1161394   278.08754   60.791997         n.a.     n.a.
 2026-Feb-10 17:33 C   07 26 24.06 +19 19 56.1   17.653    n.a.  3.09878918424014  74.7860476  148.6401 /T    7.4259   1.1161445   278.08697   60.791989         n.a.     n.a.
 2026-Feb-10 17:34 C   07 26 23.98 +19 19 56.3   17.653    n.a.  3.09881917331144  74.7870906  148.6391 /T    7.4260   1.1161495   278.08639   60.791983         n.a.     n.a.
 2026-Feb-10 17:35 C   07 26 23.90 +19 19 56.5   17.653    n.a.  3.09884916280198  74.7881386  148.6380 /T    7.4262   1.1161544   278.08581   60.791980         n.a.     n.a.
 2026-Feb-10 17:36 C   07 26 23.83 +19 19 56.6   17.653    n.a.  3.09887915271377  74.7891917  148.6370 /T    7.4264   1.1161593   278.08524   60.791981         n.a.     n.a.
 2026-Feb-10 17:37 N   07 26 23.75 +19 19 56.8   17.653    n.a.  3.09890914304883  74.7902498  148.6360 /T    7.4266   1.1161641   278.08466   60.791985         n.a.     n.a.
 2026-Feb-10 17:38 N   07 26 23.67 +19 19 56.9   17.653    n.a.  3.09893913380924  74.7913129  148.6350 /T    7.4267   1.1161688   278.08407   60.791993         n.a.     n.a.
 2026-Feb-10 17:39 N   07 26 23.59 +19 19 57.1   17.653    n.a.  3.09896912499688  74.7923810  148.6340 /T    7.4269   1.1161735   278.08349   60.792003         n.a.     n.a.
 2026-Feb-10 17:40 N   07 26 23.51 +19 19 57.2   17.653    n.a.  3.09899911661381  74.7934540  148.6330 /T    7.4271   1.1161781   278.08290   60.792017         n.a.     n.a.
 2026-Feb-10 17:41 N   07 26 23.44 +19 19 57.4   17.653    n.a.  3.09902910866203  74.7945321  148.6320 /T    7.4273   1.1161826   278.08231   60.792034         n.a.     n.a.
 2026-Feb-10 17:42 N   07 26 23.36 +19 19 57.5   17.653    n.a.  3.09905910114355  74.7956151  148.6310 /T    7.4274   1.1161870   278.08172   60.792054         n.a.     n.a.
 2026-Feb-10 17:43 N   07 26 23.28 +19 19 57.7   17.653    n.a.  3.09908909406034  74.7967031  148.6300 /T    7.4276   1.1161914   278.08113   60.792078         n.a.     n.a.
 2026-Feb-10 17:44 N   07 26 23.20 +19 19 57.8   17.653    n.a.  3.09911908741440  74.7977961  148.6290 /T    7.4278   1.1161956   278.08054   60.792105         n.a.     n.a.
 2026-Feb-10 17:45 N   07 26 23.12 +19 19 58.0   17.653    n.a.  3.09914908120771  74.7988939  148.6280 /T    7.4279   1.1161998   278.07994   60.792135         n.a.     n.a.
 2026-Feb-10 17:46 N   07 26 23.04 +19 19 58.2   17.653    n.a.  3.09917907544230  74.7999967  148.6269 /T    7.4281   1.1162040   278.07935   60.792169         n.a.     n.a.
 2026-Feb-10 17:47 N   07 26 22.97 +19 19 58.3   17.653    n.a.  3.09920907012003  74.8011045  148.6259 /T    7.4283   1.1162080   278.07875   60.792206         n.a.     n.a.
 2026-Feb-10 17:48 N   07 26 22.89 +19 19 58.5   17.653    n.a.  3.09923906524292  74.8022171  148.6249 /T    7.4285   1.1162120   278.07815   60.792246         n.a.     n.a.
 2026-Feb-10 17:49 N   07 26 22.81 +19 19 58.6   17.653    n.a.  3.09926906081294  74.8033346  148.6239 /T    7.4286   1.1162158   278.07754   60.792289         n.a.     n.a.
 2026-Feb-10 17:50 N   07 26 22.73 +19 19 58.8   17.653    n.a.  3.09929905683205  74.8044570  148.6229 /T    7.4288   1.1162196   278.07694   60.792336         n.a.     n.a.
 2026-Feb-10 17:51 N   07 26 22.65 +19 19 58.9   17.653    n.a.  3.09932905330221  74.8055842  148.6219 /T    7.4290   1.1162233   278.07633   60.792387         n.a.     n.a.
 2026-Feb-10 17:52 N   07 26 22.58 +19 19 59.1   17.653    n.a.  3.09935905022535  74.8067163  148.6209 /T    7.4292   1.1162270   278.07573   60.792440         n.a.     n.a.
 2026-Feb-10 17:53 N   07 26 22.50 +19 19 59.2   17.653    n.a.  3.09938904760349  74.8078533  148.6199 /T    7.4293   1.1162305   278.07512   60.792497         n.a.     n.a.
 2026-Feb-10 17:54 N   07 26 22.42 +19 19 59.4   17.654    n.a.  3.09941904543845  74.8089951  148.6189 /T    7.4295   1.1162340   278.07451   60.792558         n.a.     n.a.
 2026-Feb-10 17:55 N   07 26 22.34 +19 19 59.5   17.654    n.a.  3.09944904373223  74.8101417  148.6179 /T    7.4297   1.1162374   278.07389   60.792621         n.a.     n.a.
 2026-Feb-10 17:56 N   07 26 22.26 +19 19 59.7   17.654    n.a.  3.09947904248674  74.8112931  148.6169 /T    7.4299   1.1162407   278.07328   60.792689         n.a.     n.a.
 2026-Feb-10 17:57 N   07 26 22.19 +19 19 59.8   17.654    n.a.  3.09950904170393  74.8124493  148.6158 /T    7.4300   1.1162439   278.07266   60.792759         n.a.     n.a.
 2026-Feb-10 17:58 N   07 26 22.11 +19 20 00.0   17.654    n.a.  3.09953904138570  74.8136103  148.6148 /T    7.4302   1.1162470   278.07204   60.792833         n.a.     n.a.
 2026-Feb-10 17:59 N   07 26 22.03 +19 20 00.2   17.654    n.a.  3.09956904153398  74.8147761  148.6138 /T    7.4304   1.1162501   278.07142   60.792911         n.a.     n.a.
 2026-Feb-10 18:00 N   07 26 21.95 +19 20 00.3   17.654    n.a.  3.09959904215067  74.8159466  148.6128 /T    7.4306   1.1162530   278.07080   60.792992         n.a.     n.a.
 2026-Feb-10 18:01 N   07 26 21.87 +19 20 00.5   17.654    n.a.  3.09962904323775  74.8171219  148.6118 /T    7.4307   1.1162559   278.07018   60.793076         n.a.     n.a.
 2026-Feb-10 18:02 N   07 26 21.80 +19 20 00.6   17.654    n.a.  3.09965904479699  74.8183019  148.6108 /T    7.4309   1.1162587   278.06956   60.793164         n.a.     n.a.
 2026-Feb-10 18:03 N   07 26 21.72 +19 20 00.8   17.654    n.a.  3.09968904683035  74.8194866  148.6098 /T    7.4311   1.1162614   278.06893   60.793255         n.a.     n.a.
 2026-Feb-10 18:04 N   07 26 21.64 +19 20 00.9   17.654    n.a.  3.09971904933972  74.8206761  148.6088 /T    7.4313   1.1162640   278.06830   60.793350         n.a.     n.a.
 2026-Feb-10 18:05 N   07 26 21.56 +19 20 01.1   17.654    n.a.  3.09974905232698  74.8218702  148.6078 /T    7.4314   1.1162665   278.06767   60.793448         n.a.     n.a.
 2026-Feb-10 18:06 N   07 26 21.48 +19 20 01.2   17.654    n.a.  3.09977905579401  74.8230690  148.6068 /T    7.4316   1.1162689   278.06704   60.793550         n.a.     n.a.
 2026-Feb-10 18:07 N   07 26 21.40 +19 20 01.4   17.654    n.a.  3.09980905974270  74.8242725  148.6058 /T    7.4318   1.1162713   278.06641   60.793655         n.a.     n.a.
 2026-Feb-10 18:08 N   07 26 21.33 +19 20 01.5   17.654    n.a.  3.09983906417490  74.8254806  148.6047 /T    7.4320   1.1162735   278.06577   60.793764         n.a.     n.a.
 2026-Feb-10 18:09 N   07 26 21.25 +19 20 01.7   17.654    n.a.  3.09986906909255  74.8266934  148.6037 /T    7.4321   1.1162757   278.06514   60.793876         n.a.     n.a.
 2026-Feb-10 18:10 N   07 26 21.17 +19 20 01.8   17.654    n.a.  3.09989907449738  74.8279108  148.6027 /T    7.4323   1.1162777   278.06450   60.793992         n.a.     n.a.
 2026-Feb-10 18:11 N   07 26 21.09 +19 20 02.0   17.654    n.a.  3.09992908039130  74.8291328  148.6017 /T    7.4325   1.1162797   278.06386   60.794111         n.a.     n.a.
 2026-Feb-10 18:12 N   07 26 21.01 +19 20 02.2   17.654    n.a.  3.09995908677617  74.8303595  148.6007 /T    7.4327   1.1162816   278.06322   60.794234         n.a.     n.a.
 2026-Feb-10 18:13 N   07 26 20.94 +19 20 02.3   17.654    n.a.  3.09998909365382  74.8315907  148.5997 /T    7.4328   1.1162833   278.06258   60.794360         n.a.     n.a.
 2026-Feb-10 18:14 A   07 26 20.86 +19 20 02.5   17.654    n.a.  3.10001910102610  74.8328265  148.5987 /T    7.4330   1.1162850   278.06194   60.794490         n.a.     n.a.
 2026-Feb-10 18:15 A   07 26 20.78 +19 20 02.6   17.654    n.a.  3.10004910889483  74.8340668  148.5977 /T    7.4332   1.1162866   278.06129   60.794623         n.a.     n.a.
 2026-Feb-10 18:16 A   07 26 20.70 +19 20 02.8   17.654    n.a.  3.10007911726190  74.8353117  148.5967 /T    7.4334   1.1162881   278.06065   60.794760         n.a.     n.a.
 2026-Feb-10 18:17 A   07 26 20.62 +19 20 02.9   17.654    n.a.  3.10010912612902  74.8365612  148.5957 /T    7.4335   1.1162895   278.06000   60.794901         n.a.     n.a.
 2026-Feb-10 18:18 A   07 26 20.55 +19 20 03.1   17.654    n.a.  3.10013913549805  74.8378151  148.5947 /T    7.4337   1.1162908   278.05935   60.795045         n.a.     n.a.
 2026-Feb-10 18:19 A   07 26 20.47 +19 20 03.2   17.654    n.a.  3.10016914537080  74.8390736  148.5936 /T    7.4339   1.1162920   278.05870   60.795193         n.a.     n.a.
 2026-Feb-10 18:20 A   07 26 20.39 +19 20 03.4   17.654    n.a.  3.10019915574909  74.8403365  148.5926 /T    7.4341   1.1162932   278.05805   60.795344         n.a.     n.a.
 2026-Feb-10 18:21 A   07 26 20.31 +19 20 03.5   17.654    n.a.  3.10022916663470  74.8416039  148.5916 /T    7.4342   1.1162942   278.05739   60.795499         n.a.     n.a.
 2026-Feb-10 18:22 A   07 26 20.23 +19 20 03.7   17.654    n.a.  3.10025917802943  74.8428758  148.5906 /T    7.4344   1.1162951   278.05674   60.795657         n.a.     n.a.
 2026-Feb-10 18:23 A   07 26 20.16 +19 20 03.8   17.654    n.a.  3.10028918993507  74.8441521  148.5896 /T    7.4346   1.1162959   278.05608   60.795819         n.a.     n.a.
 2026-Feb-10 18:24 A   07 26 20.08 +19 20 04.0   17.654    n.a.  3.10031920235345  74.8454329  148.5886 /T    7.4348   1.1162966   278.05542   60.795985         n.a.     n.a.
 2026-Feb-10 18:25 A   07 26 20.00 +19 20 04.1   17.655    n.a.  3.10034921528623  74.8467181  148.5876 /T    7.4349   1.1162972   278.05476   60.796154         n.a.     n.a.
 2026-Feb-10 18:26 A   07 26 19.92 +19 20 04.3   17.655    n.a.  3.10037922873523  74.8480077  148.5866 /T    7.4351   1.1162977   278.05410   60.796327         n.a.     n.a.
 2026-Feb-10 18:27 A   07 26 19.84 +19 20 04.5   17.655    n.a.  3.10040924270223  74.8493016  148.5856 /T    7.4353   1.1162981   278.05344   60.796504         n.a.     n.a.
 2026-Feb-10 18:28 A   07 26 19.76 +19 20 04.6   17.655    n.a.  3.10043925718898  74.8506000  148.5846 /T    7.4354   1.1162985   278.05278   60.796684         n.a.     n.a.
 2026-Feb-10 18:29 A   07 26 19.69 +19 20 04.8   17.655    n.a.  3.10046927219722  74.8519027  148.5835 /T    7.4356   1.1162987   278.05211   60.796868         n.a.     n.a.
 2026-Feb-10 18:30 A   07 26 19.61 +19 20 04.9   17.655    n.a.  3.10049928772871  74.8532097  148.5825 /T    7.4358   1.1162988   278.05144   60.797055         n.a.     n.a.
 2026-Feb-10 18:31 A   07 26 19.53 +19 20 05.1   17.655    n.a.  3.10052930378523  74.8545211  148.5815 /T    7.4360   1.1162988   278.05078   60.797247         n.a.     n.a.
 2026-Feb-10 18:32 A   07 26 19.45 +19 20 05.2   17.655    n.a.  3.10055932036841  74.8558368  148.5805 /T    7.4361   1.1162987   278.05011   60.797441         n.a.     n.a.
 2026-Feb-10 18:33 A   07 26 19.37 +19 20 05.4   17.655    n.a.  3.10058933748003  74.8571568  148.5795 /T    7.4363   1.1162985   278.04944   60.797640         n.a.     n.a.
 2026-Feb-10 18:34 A   07 26 19.30 +19 20 05.5   17.655    n.a.  3.10061935512180  74.8584810  148.5785 /T    7.4365   1.1162982   278.04877   60.797842         n.a.     n.a.
 2026-Feb-10 18:35 A   07 26 19.22 +19 20 05.7   17.655    n.a.  3.10064937329545  74.8598096  148.5775 /T    7.4367   1.1162978   278.04809   60.798048         n.a.     n.a.
 2026-Feb-10 18:36 A   07 26 19.14 +19 20 05.8   17.655    n.a.  3.10067939200268  74.8611423  148.5765 /T    7.4368   1.1162972   278.04742   60.798257         n.a.     n.a.
 2026-Feb-10 18:37 A   07 26 19.06 +19 20 06.0   17.655    n.a.  3.10070941124520  74.8624793  148.5755 /T    7.4370   1.1162966   278.04674   60.798471         n.a.     n.a.
 2026-Feb-10 18:38 A   07 26 18.98 +19 20 06.1   17.655    n.a.  3.10073943102468  74.8638206  148.5744 /T    7.4372   1.1162959   278.04607   60.798688         n.a.     n.a.
 2026-Feb-10 18:39 A   07 26 18.91 +19 20 06.3   17.655    n.a.  3.10076945134290  74.8651660  148.5734 /T    7.4374   1.1162950   278.04539   60.798908         n.a.     n.a.
 2026-Feb-10 18:40 A   07 26 18.83 +19 20 06.5   17.655    n.a.  3.10079947220140  74.8665156  148.5724 /T    7.4375   1.1162941   278.04471   60.799133         n.a.     n.a.
 2026-Feb-10 18:41 A   07 26 18.75 +19 20 06.6   17.655    n.a.  3.10082949360192  74.8678694  148.5714 /T    7.4377   1.1162930   278.04403   60.799361         n.a.     n.a.
 2026-Feb-10 18:42 A   07 26 18.67 +19 20 06.8   17.655    n.a.  3.10085951554614  74.8692274  148.5704 /T    7.4379   1.1162919   278.04335   60.799592         n.a.     n.a.
 2026-Feb-10 18:43 A   07 26 18.59 +19 20 06.9   17.655    n.a.  3.10088953803571  74.8705895  148.5694 /T    7.4381   1.1162906   278.04267   60.799828         n.a.     n.a.
 2026-Feb-10 18:44 A   07 26 18.52 +19 20 07.1   17.655    n.a.  3.10091956107230  74.8719557  148.5684 /T    7.4382   1.1162892   278.04198   60.800067         n.a.     n.a.
 2026-Feb-10 18:45 A   07 26 18.44 +19 20 07.2   17.655    n.a.  3.10094958465754  74.8733260  148.5674 /T    7.4384   1.1162877   278.04130   60.800310         n.a.     n.a.
 2026-Feb-10 18:46 A   07 26 18.36 +19 20 07.4   17.655    n.a.  3.10097960879310  74.8747004  148.5664 /T    7.4386   1.1162861   278.04061   60.800557         n.a.     n.a.
 2026-Feb-10 18:47 A   07 26 18.28 +19 20 07.5   17.655    n.a.  3.10100963348065  74.8760789  148.5654 /T    7.4388   1.1162844   278.03992   60.800807         n.a.     n.a.
 2026-Feb-10 18:48 A   07 26 18.20 +19 20 07.7   17.655    n.a.  3.10103965872172  74.8774614  148.5643 /T    7.4389   1.1162826   278.03924   60.801061         n.a.     n.a.
 2026-Feb-10 18:49 A   07 26 18.12 +19 20 07.8   17.655    n.a.  3.10106968451798  74.8788480  148.5633 /T    7.4391   1.1162806   278.03855   60.801319         n.a.     n.a.
 2026-Feb-10 18:50     07 26 18.05 +19 20 08.0   17.655    n.a.  3.10109971087105  74.8802386  148.5623 /T    7.4393   1.1162786   278.03786   60.801581         n.a.     n.a.
 2026-Feb-10 18:51     07 26 17.97 +19 20 08.1   17.655    n.a.  3.10112973778254  74.8816332  148.5613 /T    7.4395   1.1162764   278.03716   60.801846         n.a.     n.a.
 2026-Feb-10 18:52     07 26 17.89 +19 20 08.3   17.655    n.a.  3.10115976525406  74.8830318  148.5603 /T    7.4396   1.1162741   278.03647   60.802116         n.a.     n.a.
 2026-Feb-10 18:53     07 26 17.81 +19 20 08.4   17.655    n.a.  3.10118979328720  74.8844344  148.5593 /T    7.4398   1.1162717   278.03578   60.802389         n.a.     n.a.
 2026-Feb-10 18:54     07 26 17.73 +19 20 08.6   17.655    n.a.  3.10121982188362  74.8858409  148.5583 /T    7.4400   1.1162692   278.03508   60.802665         n.a.     n.a.
 2026-Feb-10 18:55     07 26 17.66 +19 20 08.7   17.656    n.a.  3.10124985104476  74.8872514  148.5573 /T    7.4402   1.1162666   278.03439   60.802946         n.a.     n.a.
 2026-Feb-10 18:56     07 26 17.58 +19 20 08.9   17.656    n.a.  3.10127988077228  74.8886657  148.5563 /T    7.4403   1.1162639   278.03369   60.803230         n.a.     n.a.
 2026-Feb-10 18:57     07 26 17.50 +19 20 09.1   17.656    n.a.  3.10130991106773  74.8900840  148.5552 /T    7.4405   1.1162610   278.03299   60.803518         n.a.     n.a.
 2026-Feb-10 18:58     07 26 17.42 +19 20 09.2   17.656    n.a.  3.10133994193269  74.8915062  148.5542 /T    7.4407   1.1162581   278.03229   60.803810         n.a.     n.a.
 2026-Feb-10 18:59     07 26 17.34 +19 20 09.4   17.656    n.a.  3.10136997336870  74.8929323  148.5532 /T    7.4409   1.1162550   278.03159   60.804106         n.a.     n.a.
 2026-Feb-10 19:00     07 26 17.27 +19 20 09.5   17.656    n.a.  3.10140000537732  74.8943622  148.5522 /T    7.4410   1.1162518   278.03089   60.804406         n.a.     n.a.
 2026-Feb-10 19:01     07 26 17.19 +19 20 09.7   17.656    n.a.  3.10143003796008  74.8957959  148.5512 /T    7.4412   1.1162485   278.03019   60.804709         n.a.     n.a.
 2026-Feb-10 19:02     07 26 17.11 +19 20 09.8   17.656    n.a.  3.10146007111858  74.8972334  148.5502 /T    7.4414   1.1162450   278.02948   60.805016         n.a.     n.a.
 2026-Feb-10 19:03     07 26 17.03 +19 20 10.0   17.656    n.a.  3.10149010485422  74.8986748  148.5492 /T    7.4416   1.1162415   278.02878   60.805327         n.a.     n.a.
 2026-Feb-10 19:04     07 26 16.95 +19 20 10.1   17.656    n.a.  3.10152013916860  74.9001199  148.5482 /T    7.4417   1.1162378   278.02807   60.805642         n.a.     n.a.
 2026-Feb-10 19:05     07 26 16.88 +19 20 10.3   17.656    n.a.  3.10155017406320  74.9015688  148.5472 /T    7.4419   1.1162340   278.02737   60.805960         n.a.     n.a.
 2026-Feb-10 19:06     07 26 16.80 +19 20 10.4   17.656    n.a.  3.10158020953956  74.9030214  148.5461 /T    7.4421   1.1162301   278.02666   60.806283         n.a.     n.a.
 2026-Feb-10 19:07     07 26 16.72 +19 20 10.6   17.656    n.a.  3.10161024559915  74.9044778  148.5451 /T    7.4423   1.1162261   278.02595   60.806609         n.a.     n.a.
 2026-Feb-10 19:08     07 26 16.64 +19 20 10.7   17.656    n.a.  3.10164028224348  74.9059379  148.5441 /T    7.4424   1.1162219   278.02524   60.806939         n.a.     n.a.
 2026-Feb-10 19:09     07 26 16.56 +19 20 10.9   17.656    n.a.  3.10167031947403  74.9074016  148.5431 /T    7.4426   1.1162176   278.02453   60.807273         n.a.     n.a.
 2026-Feb-10 19:10     07 26 16.48 +19 20 11.0   17.656    n.a.  3.10170035729233  74.9088691  148.5421 /T    7.4428   1.1162132   278.02382   60.807611         n.a.     n.a.
 2026-Feb-10 19:11     07 26 16.41 +19 20 11.2   17.656    n.a.  3.10173039569973  74.9103402  148.5411 /T    7.4430   1.1162087   278.02311   60.807952         n.a.     n.a.
 2026-Feb-10 19:12     07 26 16.33 +19 20 11.4   17.656    n.a.  3.10176043469775  74.9118149  148.5401 /T    7.4431   1.1162041   278.02240   60.808297         n.a.     n.a.
 2026-Feb-10 19:13     07 26 16.25 +19 20 11.5   17.656    n.a.  3.10179047428785  74.9132932  148.5391 /T    7.4433   1.1161993   278.02169   60.808647         n.a.     n.a.
 2026-Feb-10 19:14     07 26 16.17 +19 20 11.7   17.656    n.a.  3.10182051447148  74.9147752  148.5381 /T    7.4435   1.1161944   278.02097   60.809000         n.a.     n.a.
 2026-Feb-10 19:15     07 26 16.09 +19 20 11.8   17.656    n.a.  3.10185055525007  74.9162607  148.5370 /T    7.4437   1.1161894   278.02026   60.809357         n.a.     n.a.
 2026-Feb-10 19:16     07 26 16.02 +19 20 12.0   17.656    n.a.  3.10188059662506  74.9177498  148.5360 /T    7.4438   1.1161843   278.01954   60.809718         n.a.     n.a.
 2026-Feb-10 19:17     07 26 15.94 +19 20 12.1   17.656    n.a.  3.10191063859794  74.9192424  148.5350 /T    7.4440   1.1161790   278.01882   60.810082         n.a.     n.a.
 2026-Feb-10 19:18     07 26 15.86 +19 20 12.3   17.656    n.a.  3.10194068116999  74.9207386  148.5340 /T    7.4442   1.1161736   278.01811   60.810451         n.a.     n.a.
 2026-Feb-10 19:19     07 26 15.78 +19 20 12.4   17.656    n.a.  3.10197072434269  74.9222382  148.5330 /T    7.4443   1.1161681   278.01739   60.810823         n.a.     n.a.
 2026-Feb-10 19:20     07 26 15.70 +19 20 12.6   17.656    n.a.  3.10200076811743  74.9237414  148.5320 /T    7.4445   1.1161625   278.01667   60.811199         n.a.     n.a.
 2026-Feb-10 19:21     07 26 15.63 +19 20 12.7   17.656    n.a.  3.10203081249563  74.9252480  148.5310 /T    7.4447   1.1161568   278.01595   60.811579         n.a.     n.a.
 2026-Feb-10 19:22     07 26 15.55 +19 20 12.9   17.656    n.a.  3.10206085747865  74.9267581  148.5300 /T    7.4449   1.1161509   278.01523   60.811963         n.a.     n.a.
 2026-Feb-10 19:23     07 26 15.47 +19 20 13.0   17.656    n.a.  3.10209090306789  74.9282715  148.5289 /T    7.4450   1.1161449   278.01451   60.812351         n.a.     n.a.
 2026-Feb-10 19:24     07 26 15.39 +19 20 13.2   17.656    n.a.  3.10212094926471  74.9297885  148.5279 /T    7.4452   1.1161387   278.01379   60.812743         n.a.     n.a.
 2026-Feb-10 19:25     07 26 15.31 +19 20 13.3   17.656    n.a.  3.10215099607053  74.9313087  148.5269 /T    7.4454   1.1161325   278.01306   60.813139         n.a.     n.a.
 2026-Feb-10 19:26     07 26 15.24 +19 20 13.5   17.657    n.a.  3.10218104348660  74.9328324  148.5259 /T    7.4456   1.1161261   278.01234   60.813538         n.a.     n.a.
 2026-Feb-10 19:27     07 26 15.16 +19 20 13.6   17.657    n.a.  3.10221109151431  74.9343594  148.5249 /T    7.4457   1.1161195   278.01162   60.813941         n.a.     n.a.
 2026-Feb-10 19:28     07 26 15.08 +19 20 13.8   17.657    n.a.  3.10224114015502  74.9358898  148.5239 /T    7.4459   1.1161129   278.01089   60.814349         n.a.     n.a.
 2026-Feb-10 19:29     07 26 15.00 +19 20 13.9   17.657    n.a.  3.10227118941005  74.9374235  148.5229 /T    7.4461   1.1161061   278.01017   60.814760         n.a.     n.a.
 2026-Feb-10 19:30     07 26 14.92 +19 20 14.1   17.657    n.a.  3.10230123928072  74.9389604  148.5219 /T    7.4463   1.1160992   278.00944   60.815175         n.a.     n.a.
 2026-Feb-10 19:31     07 26 14.84 +19 20 14.3   17.657    n.a.  3.10233128976837  74.9405006  148.5209 /T    7.4464   1.1160922   278.00871   60.815594         n.a.     n.a.
 2026-Feb-10 19:32     07 26 14.77 +19 20 14.4   17.657    n.a.  3.10236134087434  74.9420441  148.5198 /T    7.4466   1.1160850   278.00799   60.816016         n.a.     n.a.
 2026-Feb-10 19:33     07 26 14.69 +19 20 14.6   17.657    n.a.  3.10239139259983  74.9435909  148.5188 /T    7.4468   1.1160777   278.00726   60.816443         n.a.     n.a.
 2026-Feb-10 19:34     07 26 14.61 +19 20 14.7   17.657    n.a.  3.10242144494619  74.9451408  148.5178 /T    7.4470   1.1160703   278.00653   60.816874         n.a.     n.a.
 2026-Feb-10 19:35     07 26 14.53 +19 20 14.9   17.657    n.a.  3.10245149791470  74.9466939  148.5168 /T    7.4471   1.1160627   278.00580   60.817308         n.a.     n.a.
 2026-Feb-10 19:36     07 26 14.45 +19 20 15.0   17.657    n.a.  3.10248155150665  74.9482502  148.5158 /T    7.4473   1.1160550   278.00507   60.817746         n.a.     n.a.
 2026-Feb-10 19:37     07 26 14.38 +19 20 15.2   17.657    n.a.  3.10251160572329  74.9498097  148.5148 /T    7.4475   1.1160472   278.00434   60.818189         n.a.     n.a.
 2026-Feb-10 19:38     07 26 14.30 +19 20 15.3   17.657    n.a.  3.10254166056590  74.9513723  148.5138 /T    7.4477   1.1160392   278.00361   60.818635         n.a.     n.a.
 2026-Feb-10 19:39     07 26 14.22 +19 20 15.5   17.657    n.a.  3.10257171603572  74.9529380  148.5128 /T    7.4478   1.1160311   278.00288   60.819085         n.a.     n.a.
 2026-Feb-10 19:40     07 26 14.14 +19 20 15.6   17.657    n.a.  3.10260177213406  74.9545068  148.5117 /T    7.4480   1.1160229   278.00215   60.819539         n.a.     n.a.
 2026-Feb-10 19:41     07 26 14.06 +19 20 15.8   17.657    n.a.  3.10263182886204  74.9560787  148.5107 /T    7.4482   1.1160146   278.00141   60.819996         n.a.     n.a.
 2026-Feb-10 19:42     07 26 13.99 +19 20 15.9   17.657    n.a.  3.10266188622094  74.9576537  148.5097 /T    7.4484   1.1160061   278.00068   60.820458         n.a.     n.a.
 2026-Feb-10 19:43     07 26 13.91 +19 20 16.1   17.657    n.a.  3.10269194421199  74.9592316  148.5087 /T    7.4485   1.1159974   277.99995   60.820924         n.a.     n.a.
 2026-Feb-10 19:44     07 26 13.83 +19 20 16.2   17.657    n.a.  3.10272200283640  74.9608126  148.5077 /T    7.4487   1.1159887   277.99921   60.821393         n.a.     n.a.
 2026-Feb-10 19:45     07 26 13.75 +19 20 16.4   17.657    n.a.  3.10275206209537  74.9623966  148.5067 /T    7.4489   1.1159798   277.99848   60.821867         n.a.     n.a.
 2026-Feb-10 19:46     07 26 13.67 +19 20 16.5   17.657    n.a.  3.10278212199010  74.9639836  148.5057 /T    7.4491   1.1159708   277.99775   60.822344         n.a.     n.a.
 2026-Feb-10 19:47     07 26 13.60 +19 20 16.7   17.657    n.a.  3.10281218252178  74.9655735  148.5047 /T    7.4492   1.1159616   277.99701   60.822825         n.a.     n.a.
 2026-Feb-10 19:48     07 26 13.52 +19 20 16.8   17.657    n.a.  3.10284224369165  74.9671663  148.5036 /T    7.4494   1.1159523   277.99627   60.823310         n.a.     n.a.
 2026-Feb-10 19:49     07 26 13.44 +19 20 17.0   17.657    n.a.  3.10287230550075  74.9687621  148.5026 /T    7.4496   1.1159429   277.99554   60.823799         n.a.     n.a.
 2026-Feb-10 19:50     07 26 13.36 +19 20 17.2   17.657    n.a.  3.10290236795031  74.9703607  148.5016 /T    7.4498   1.1159333   277.99480   60.824292         n.a.     n.a.
 2026-Feb-10 19:51     07 26 13.28 +19 20 17.3   17.657    n.a.  3.10293243104150  74.9719622  148.5006 /T    7.4499   1.1159236   277.99407   60.824789         n.a.     n.a.
 2026-Feb-10 19:52     07 26 13.20 +19 20 17.5   17.657    n.a.  3.10296249477544  74.9735666  148.4996 /T    7.4501   1.1159138   277.99333   60.825290         n.a.     n.a.
 2026-Feb-10 19:53     07 26 13.13 +19 20 17.6   17.657    n.a.  3.10299255915328  74.9751737  148.4986 /T    7.4503   1.1159038   277.99259   60.825794         n.a.     n.a.
 2026-Feb-10 19:54     07 26 13.05 +19 20 17.8   17.657    n.a.  3.10302262417616  74.9767837  148.4976 /T    7.4505   1.1158937   277.99185   60.826303         n.a.     n.a.
 2026-Feb-10 19:55     07 26 12.97 +19 20 17.9   17.657    n.a.  3.10305268984524  74.9783965  148.4966 /T    7.4506   1.1158834   277.99111   60.826815         n.a.     n.a.
 2026-Feb-10 19:56     07 26 12.89 +19 20 18.1   17.657    n.a.  3.10308275616153  74.9800120  148.4955 /T    7.4508   1.1158730   277.99037   60.827332         n.a.     n.a.
 2026-Feb-10 19:57     07 26 12.81 +19 20 18.2   17.658    n.a.  3.10311282312619  74.9816303  148.4945 /T    7.4510   1.1158625   277.98964   60.827852         n.a.     n.a.
 2026-Feb-10 19:58     07 26 12.74 +19 20 18.4   17.658    n.a.  3.10314289074031  74.9832513  148.4935 /T    7.4512   1.1158518   277.98890   60.828376         n.a.     n.a.
 2026-Feb-10 19:59     07 26 12.66 +19 20 18.5   17.658    n.a.  3.10317295900498  74.9848750  148.4925 /T    7.4513   1.1158410   277.98816   60.828904         n.a.     n.a.
 2026-Feb-10 20:00     07 26 12.58 +19 20 18.7   17.658    n.a.  3.10320302792128  74.9865014  148.4915 /T    7.4515   1.1158300   277.98742   60.829436         n.a.     n.a.
 2026-Feb-10 20:01     07 26 12.50 +19 20 18.8   17.658    n.a.  3.10323309749027  74.9881304  148.4905 /T    7.4517   1.1158189   277.98668   60.829972         n.a.     n.a.
 2026-Feb-10 20:02     07 26 12.42 +19 20 19.0   17.658    n.a.  3.10326316771304  74.9897621  148.4895 /T    7.4519   1.1158077   277.98594   60.830512         n.a.     n.a.
 2026-Feb-10 20:03     07 26 12.35 +19 20 19.1   17.658    n.a.  3.10329323859067  74.9913964  148.4885 /T    7.4520   1.1157963   277.98520   60.831055         n.a.     n.a.
 2026-Feb-10 20:04     07 26 12.27 +19 20 19.3   17.658    n.a.  3.10332331012410  74.9930333  148.4874 /T    7.4522   1.1157848   277.98445   60.831603         n.a.     n.a.
 2026-Feb-10 20:05     07 26 12.19 +19 20 19.4   17.658    n.a.  3.10335338231443  74.9946728  148.4864 /T    7.4524   1.1157732   277.98371   60.832154         n.a.     n.a.
 2026-Feb-10 20:06     07 26 12.11 +19 20 19.6   17.658    n.a.  3.10338345516267  74.9963148  148.4854 /T    7.4526   1.1157614   277.98297   60.832710         n.a.     n.a.
 2026-Feb-10 20:07     07 26 12.03 +19 20 19.7   17.658    n.a.  3.10341352866986  74.9979593  148.4844 /T    7.4527   1.1157494   277.98223   60.833269         n.a.     n.a.
 2026-Feb-10 20:08     07 26 11.96 +19 20 19.9   17.658    n.a.  3.10344360283700  74.9996064  148.4834 /T    7.4529   1.1157374   277.98149   60.833832         n.a.     n.a.
 2026-Feb-10 20:09     07 26 11.88 +19 20 20.0   17.658    n.a.  3.10347367766508  75.0012559  148.4824 /T    7.4531   1.1157251   277.98075   60.834399         n.a.     n.a.
 2026-Feb-10 20:10     07 26 11.80 +19 20 20.2   17.658    n.a.  3.10350375315517  75.0029079  148.4814 /T    7.4533   1.1157128   277.98000   60.834970         n.a.     n.a.
 2026-Feb-10 20:11     07 26 11.72 +19 20 20.3   17.658    n.a.  3.10353382930812  75.0045623  148.4804 /T    7.4534   1.1157003   277.97926   60.835545         n.a.     n.a.
 2026-Feb-10 20:12     07 26 11.64 +19 20 20.5   17.658    n.a.  3.10356390612498  75.0062192  148.4793 /T    7.4536   1.1156876   277.97852   60.836124         n.a.     n.a.
 2026-Feb-10 20:13     07 26 11.57 +19 20 20.7   17.658    n.a.  3.10359398360670  75.0078784  148.4783 /T    7.4538   1.1156748   277.97778   60.836706         n.a.     n.a.
 2026-Feb-10 20:14     07 26 11.49 +19 20 20.8   17.658    n.a.  3.10362406175424  75.0095400  148.4773 /T    7.4540   1.1156619   277.97703   60.837293         n.a.     n.a.
 2026-Feb-10 20:15     07 26 11.41 +19 20 21.0   17.658    n.a.  3.10365414056856  75.0112040  148.4763 /T    7.4541   1.1156488   277.97629   60.837883         n.a.     n.a.
 2026-Feb-10 20:16     07 26 11.33 +19 20 21.1   17.658    n.a.  3.10368422005058  75.0128703  148.4753 /T    7.4543   1.1156356   277.97555   60.838477         n.a.     n.a.
 2026-Feb-10 20:17     07 26 11.25 +19 20 21.3   17.658    n.a.  3.10371430020125  75.0145390  148.4743 /T    7.4545   1.1156222   277.97480   60.839075         n.a.     n.a.
 2026-Feb-10 20:18     07 26 11.17 +19 20 21.4   17.658    n.a.  3.10374438102154  75.0162099  148.4733 /T    7.4546   1.1156087   277.97406   60.839677         n.a.     n.a.
 2026-Feb-10 20:19     07 26 11.10 +19 20 21.6   17.658    n.a.  3.10377446251225  75.0178831  148.4722 /T    7.4548   1.1155951   277.97332   60.840283         n.a.     n.a.
 2026-Feb-10 20:20     07 26 11.02 +19 20 21.7   17.658    n.a.  3.10380454467434  75.0195585  148.4712 /T    7.4550   1.1155813   277.97258   60.840893         n.a.     n.a.
 2026-Feb-10 20:21     07 26 10.94 +19 20 21.9   17.658    n.a.  3.10383462750871  75.0212361  148.4702 /T    7.4552   1.1155673   277.97183   60.841506         n.a.     n.a.
 2026-Feb-10 20:22     07 26 10.86 +19 20 22.0   17.658    n.a.  3.10386471101623  75.0229160  148.4692 /T    7.4553   1.1155532   277.97109   60.842124         n.a.     n.a.
 2026-Feb-10 20:23     07 26 10.78 +19 20 22.2   17.658    n.a.  3.10389479519780  75.0245980  148.4682 /T    7.4555   1.1155390   277.97035   60.842745         n.a.     n.a.
 2026-Feb-10 20:24     07 26 10.71 +19 20 22.3   17.658    n.a.  3.10392488005427  75.0262821  148.4672 /T    7.4557   1.1155246   277.96960   60.843371         n.a.     n.a.
 2026-Feb-10 20:25     07 26 10.63 +19 20 22.5   17.658    n.a.  3.10395496558650  75.0279684  148.4662 /T    7.4559   1.1155101   277.96886   60.844000         n.a.     n.a.
 2026-Feb-10 20:26     07 26 10.55 +19 20 22.6   17.658    n.a.  3.10398505179541  75.0296568  148.4652 /T    7.4560   1.1154954   277.96812   60.844633         n.a.     n.a.
 2026-Feb-10 20:27     07 26 10.47 +19 20 22.8   17.658    n.a.  3.10401513868172  75.0313473  148.4641 /T    7.4562   1.1154806   277.96737   60.845269         n.a.     n.a.
 2026-Feb-10 20:28     07 26 10.39 +19 20 22.9   17.659    n.a.  3.10404522624632  75.0330399  148.4631 /T    7.4564   1.1154656   277.96663   60.845910         n.a.     n.a.
 2026-Feb-10 20:29     07 26 10.32 +19 20 23.1   17.659    n.a.  3.10407531449002  75.0347345  148.4621 /T    7.4566   1.1154505   277.96589   60.846555         n.a.     n.a.
 2026-Feb-10 20:30     07 26 10.24 +19 20 23.2   17.659    n.a.  3.10410540341366  75.0364311  148.4611 /T    7.4567   1.1154353   277.96514   60.847203         n.a.     n.a.
 2026-Feb-10 20:31     07 26 10.16 +19 20 23.4   17.659    n.a.  3.10413549301802  75.0381297  148.4601 /T    7.4569   1.1154199   277.96440   60.847855         n.a.     n.a.
 2026-Feb-10 20:32     07 26 10.08 +19 20 23.5   17.659    n.a.  3.10416558330391  75.0398303  148.4591 /T    7.4571   1.1154043   277.96366   60.848511         n.a.     n.a.
 2026-Feb-10 20:33     07 26 10.00 +19 20 23.7   17.659    n.a.  3.10419567427217  75.0415328  148.4581 /T    7.4573   1.1153886   277.96292   60.849171         n.a.     n.a.
 2026-Feb-10 20:34     07 26 09.93 +19 20 23.8   17.659    n.a.  3.10422576592346  75.0432373  148.4570 /T    7.4574   1.1153728   277.96217   60.849835         n.a.     n.a.
 2026-Feb-10 20:35     07 26 09.85 +19 20 24.0   17.659    n.a.  3.10425585825861  75.0449437  148.4560 /T    7.4576   1.1153568   277.96143   60.850502         n.a.     n.a.
 2026-Feb-10 20:36     07 26 09.77 +19 20 24.1   17.659    n.a.  3.10428595127837  75.0466519  148.4550 /T    7.4578   1.1153406   277.96069   60.851174         n.a.     n.a.
 2026-Feb-10 20:37     07 26 09.69 +19 20 24.3   17.659    n.a.  3.10431604498350  75.0483620  148.4540 /T    7.4580   1.1153243   277.95995   60.851849         n.a.     n.a.
 2026-Feb-10 20:38     07 26 09.61 +19 20 24.4   17.659    n.a.  3.10434613937474  75.0500740  148.4530 /T    7.4581   1.1153079   277.95920   60.852528         n.a.     n.a.
 2026-Feb-10 20:39     07 26 09.54 +19 20 24.6   17.659    n.a.  3.10437623445281  75.0517877  148.4520 /T    7.4583   1.1152913   277.95846   60.853211         n.a.     n.a.
 2026-Feb-10 20:40     07 26 09.46 +19 20 24.7   17.659    n.a.  3.10440633021845  75.0535033  148.4510 /T    7.4585   1.1152745   277.95772   60.853898         n.a.     n.a.
 2026-Feb-10 20:41     07 26 09.38 +19 20 24.9   17.659    n.a.  3.10443642667242  75.0552206  148.4500 /T    7.4587   1.1152576   277.95698   60.854588         n.a.     n.a.
 2026-Feb-10 20:42     07 26 09.30 +19 20 25.1   17.659    n.a.  3.10446652381530  75.0569396  148.4489 /T    7.4588   1.1152406   277.95624   60.855283         n.a.     n.a.
 2026-Feb-10 20:43     07 26 09.22 +19 20 25.2   17.659    n.a.  3.10449662164786  75.0586604  148.4479 /T    7.4590   1.1152234   277.95550   60.855981         n.a.     n.a.
 2026-Feb-10 20:44     07 26 09.15 +19 20 25.4   17.659    n.a.  3.10452672017078  75.0603829  148.4469 /T    7.4592   1.1152061   277.95476   60.856683         n.a.     n.a.
 2026-Feb-10 20:45     07 26 09.07 +19 20 25.5   17.659    n.a.  3.10455681938472  75.0621070  148.4459 /T    7.4594   1.1151886   277.95402   60.857388         n.a.     n.a.
 2026-Feb-10 20:46     07 26 08.99 +19 20 25.7   17.659    n.a.  3.10458691929037  75.0638328  148.4449 /T    7.4595   1.1151709   277.95328   60.858098         n.a.     n.a.
 2026-Feb-10 20:47     07 26 08.91 +19 20 25.8   17.659    n.a.  3.10461701988837  75.0655602  148.4439 /T    7.4597   1.1151532   277.95254   60.858811         n.a.     n.a.
 2026-Feb-10 20:48     07 26 08.83 +19 20 26.0   17.659    n.a.  3.10464712117938  75.0672892  148.4429 /T    7.4599   1.1151352   277.95180   60.859528         n.a.     n.a.
 2026-Feb-10 20:49     07 26 08.76 +19 20 26.1   17.659    n.a.  3.10467722316409  75.0690198  148.4418 /T    7.4601   1.1151171   277.95106   60.860249         n.a.     n.a.
 2026-Feb-10 20:50     07 26 08.68 +19 20 26.3   17.659    n.a.  3.10470732584301  75.0707520  148.4408 /T    7.4602   1.1150989   277.95032   60.860974         n.a.     n.a.
 2026-Feb-10 20:51     07 26 08.60 +19 20 26.4   17.659    n.a.  3.10473742921682  75.0724857  148.4398 /T    7.4604   1.1150805   277.94958   60.861703         n.a.     n.a.
 2026-Feb-10 20:52     07 26 08.52 +19 20 26.6   17.659    n.a.  3.10476753328613  75.0742209  148.4388 /T    7.4606   1.1150619   277.94884   60.862435         n.a.     n.a.
 2026-Feb-10 20:53     07 26 08.44 +19 20 26.7   17.659    n.a.  3.10479763805155  75.0759576  148.4378 /T    7.4608   1.1150432   277.94811   60.863171         n.a.     n.a.
 2026-Feb-10 20:54     07 26 08.36 +19 20 26.9   17.659    n.a.  3.10482774351366  75.0776958  148.4368 /T    7.4609   1.1150244   277.94737   60.863911         n.a.     n.a.
 2026-Feb-10 20:55     07 26 08.29 +19 20 27.0   17.659    n.a.  3.10485784967305  75.0794354  148.4358 /T    7.4611   1.1150054   277.94663   60.864654         n.a.     n.a.
 2026-Feb-10 20:56     07 26 08.21 +19 20 27.2   17.659    n.a.  3.10488795653034  75.0811764  148.4347 /T    7.4613   1.1149862   277.94590   60.865401         n.a.     n.a.
 2026-Feb-10 20:57     07 26 08.13 +19 20 27.3   17.659    n.a.  3.10491806408599  75.0829188  148.4337 /T    7.4615   1.1149669   277.94516   60.866152         n.a.     n.a.
 2026-Feb-10 20:58     07 26 08.05 +19 20 27.5   17.659    n.a.  3.10494817234060  75.0846626  148.4327 /T    7.4616   1.1149475   277.94442   60.866907         n.a.     n.a.
 2026-Feb-10 20:59     07 26 07.97 +19 20 27.6   17.660    n.a.  3.10497828129473  75.0864077  148.4317 /T    7.4618   1.1149279   277.94369   60.867666         n.a.     n.a.
 2026-Feb-10 21:00     07 26 07.90 +19 20 27.8   17.660    n.a.  3.10500839094890  75.0881541  148.4307 /T    7.4620   1.1149081   277.94295   60.868428         n.a.     n.a.
 2026-Feb-10 21:01     07 26 07.82 +19 20 27.9   17.660    n.a.  3.10503850130364  75.0899019  148.4297 /T    7.4622   1.1148882   277.94222   60.869194         n.a.     n.a.
 2026-Feb-10 21:02     07 26 07.74 +19 20 28.1   17.660    n.a.  3.10506861235947  75.0916509  148.4287 /T    7.4623   1.1148681   277.94148   60.869964         n.a.     n.a.
 2026-Feb-10 21:03     07 26 07.66 +19 20 28.2   17.660    n.a.  3.10509872411689  75.0934012  148.4276 /T    7.4625   1.1148479   277.94075   60.870737         n.a.     n.a.
 2026-Feb-10 21:04     07 26 07.58 +19 20 28.4   17.660    n.a.  3.10512883657646  75.0951526  148.4266 /T    7.4627   1.1148276   277.94002   60.871514         n.a.     n.a.
 2026-Feb-10 21:05     07 26 07.51 +19 20 28.5   17.660    n.a.  3.10515894973854  75.0969053  148.4256 /T    7.4629   1.1148070   277.93929   60.872295         n.a.     n.a.
 2026-Feb-10 21:06     07 26 07.43 +19 20 28.7   17.660    n.a.  3.10518906360368  75.0986592  148.4246 /T    7.4630   1.1147864   277.93855   60.873080         n.a.     n.a.
 2026-Feb-10 21:07     07 26 07.35 +19 20 28.8   17.660    n.a.  3.10521917817235  75.1004143  148.4236 /T    7.4632   1.1147655   277.93782   60.873868         n.a.     n.a.
 2026-Feb-10 21:08     07 26 07.27 +19 20 29.0   17.660    n.a.  3.10524929344500  75.1021704  148.4226 /T    7.4634   1.1147446   277.93709   60.874660         n.a.     n.a.
 2026-Feb-10 21:09     07 26 07.19 +19 20 29.1   17.660    n.a.  3.10527940942208  75.1039277  148.4216 /T    7.4635   1.1147234   277.93636   60.875456         n.a.     n.a.
 2026-Feb-10 21:10     07 26 07.12 +19 20 29.3   17.660    n.a.  3.10530952610402  75.1056861  148.4205 /T    7.4637   1.1147021   277.93563   60.876255         n.a.     n.a.
 2026-Feb-10 21:11     07 26 07.04 +19 20 29.4   17.660    n.a.  3.10533964349133  75.1074455  148.4195 /T    7.4639   1.1146807   277.93490   60.877058         n.a.     n.a.
 2026-Feb-10 21:12     07 26 06.96 +19 20 29.6   17.660    n.a.  3.10536976158430  75.1092059  148.4185 /T    7.4641   1.1146591   277.93417   60.877865         n.a.     n.a.
 2026-Feb-10 21:13     07 26 06.88 +19 20 29.7   17.660    n.a.  3.10539988038341  75.1109674  148.4175 /T    7.4642   1.1146373   277.93344   60.878675         n.a.     n.a.
 2026-Feb-10 21:14     07 26 06.80 +19 20 29.9   17.660    n.a.  3.10542999988904  75.1127299  148.4165 /T    7.4644   1.1146154   277.93272   60.879489         n.a.     n.a.
 2026-Feb-10 21:15     07 26 06.73 +19 20 30.0   17.660    n.a.  3.10546012010160  75.1144933  148.4155 /T    7.4646   1.1145934   277.93199   60.880307         n.a.     n.a.
 2026-Feb-10 21:16     07 26 06.65 +19 20 30.2   17.660    n.a.  3.10549024102147  75.1162576  148.4145 /T    7.4648   1.1145712   277.93126   60.881128         n.a.     n.a.
 2026-Feb-10 21:17     07 26 06.57 +19 20 30.3   17.660    n.a.  3.10552036264901  75.1180229  148.4134 /T    7.4649   1.1145488   277.93054   60.881953         n.a.     n.a.
 2026-Feb-10 21:18     07 26 06.49 +19 20 30.5   17.660    n.a.  3.10555048498460  75.1197891  148.4124 /T    7.4651   1.1145263   277.92981   60.882781         n.a.     n.a.
 2026-Feb-10 21:19     07 26 06.41 +19 20 30.6   17.660    n.a.  3.10558060802864  75.1215561  148.4114 /T    7.4653   1.1145036   277.92909   60.883614         n.a.     n.a.
 2026-Feb-10 21:20     07 26 06.34 +19 20 30.8   17.660    n.a.  3.10561073178136  75.1233240  148.4104 /T    7.4655   1.1144808   277.92837   60.884449         n.a.     n.a.
 2026-Feb-10 21:21     07 26 06.26 +19 20 30.9   17.660    n.a.  3.10564085624315  75.1250927  148.4094 /T    7.4656   1.1144578   277.92764   60.885289         n.a.     n.a.
 2026-Feb-10 21:22     07 26 06.18 +19 20 31.1   17.660    n.a.  3.10567098141434  75.1268622  148.4084 /T    7.4658   1.1144347   277.92692   60.886132         n.a.     n.a.
 2026-Feb-10 21:23     07 26 06.10 +19 20 31.2   17.660    n.a.  3.10570110729524  75.1286325  148.4074 /T    7.4660   1.1144114   277.92620   60.886979         n.a.     n.a.
 2026-Feb-10 21:24     07 26 06.02 +19 20 31.4   17.660    n.a.  3.10573123388615  75.1304035  148.4063 /T    7.4662   1.1143879   277.92548   60.887829         n.a.     n.a.
 2026-Feb-10 21:25     07 26 05.95 +19 20 31.6   17.660    n.a.  3.10576136118738  75.1321752  148.4053 /T    7.4663   1.1143643   277.92476   60.888683         n.a.     n.a.
 2026-Feb-10 21:26     07 26 05.87 +19 20 31.7   17.660    n.a.  3.10579148919920  75.1339477  148.4043 /T    7.4665   1.1143406   277.92404   60.889540         n.a.     n.a.
 2026-Feb-10 21:27     07 26 05.79 +19 20 31.9   17.660    n.a.  3.10582161792195  75.1357208  148.4033 /T    7.4667   1.1143167   277.92332   60.890401         n.a.     n.a.
 2026-Feb-10 21:28     07 26 05.71 +19 20 32.0   17.660    n.a.  3.10585174735578  75.1374946  148.4023 /T    7.4669   1.1142926   277.92260   60.891266         n.a.     n.a.
 2026-Feb-10 21:29     07 26 05.63 +19 20 32.2   17.660    n.a.  3.10588187750100  75.1392690  148.4013 /T    7.4670   1.1142684   277.92189   60.892134         n.a.     n.a.
 2026-Feb-10 21:30     07 26 05.56 +19 20 32.3   17.661    n.a.  3.10591200835786  75.1410440  148.4003 /T    7.4672   1.1142440   277.92117   60.893006         n.a.     n.a.
 2026-Feb-10 21:31     07 26 05.48 +19 20 32.5   17.661    n.a.  3.10594213992660  75.1428195  148.3992 /T    7.4674   1.1142195   277.92046   60.893881         n.a.     n.a.
 2026-Feb-10 21:32     07 26 05.40 +19 20 32.6   17.661    n.a.  3.10597227220744  75.1445957  148.3982 /T    7.4676   1.1141948   277.91974   60.894760         n.a.     n.a.
 2026-Feb-10 21:33     07 26 05.32 +19 20 32.8   17.661    n.a.  3.10600240520061  75.1463723  148.3972 /T    7.4677   1.1141700   277.91903   60.895642         n.a.     n.a.
 2026-Feb-10 21:34     07 26 05.24 +19 20 32.9   17.661    n.a.  3.10603253890637  75.1481495  148.3962 /T    7.4679   1.1141450   277.91832   60.896528         n.a.     n.a.
 2026-Feb-10 21:35     07 26 05.17 +19 20 33.1   17.661    n.a.  3.10606267332479  75.1499272  148.3952 /T    7.4681   1.1141199   277.91760   60.897417         n.a.     n.a.
 2026-Feb-10 21:36     07 26 05.09 +19 20 33.2   17.661    n.a.  3.10609280845613  75.1517053  148.3942 /T    7.4683   1.1140946   277.91689   60.898310         n.a.     n.a.
 2026-Feb-10 21:37     07 26 05.01 +19 20 33.4   17.661    n.a.  3.10612294430056  75.1534838  148.3932 /T    7.4684   1.1140691   277.91618   60.899206         n.a.     n.a.
 2026-Feb-10 21:38     07 26 04.93 +19 20 33.5   17.661    n.a.  3.10615308085826  75.1552628  148.3921 /T    7.4686   1.1140435   277.91547   60.900106         n.a.     n.a.
 2026-Feb-10 21:39     07 26 04.85 +19 20 33.7   17.661    n.a.  3.10618321812938  75.1570421  148.3911 /T    7.4688   1.1140177   277.91477   60.901010         n.a.     n.a.
 2026-Feb-10 21:40     07 26 04.78 +19 20 33.8   17.661    n.a.  3.10621335611407  75.1588218  148.3901 /T    7.4690   1.1139918   277.91406   60.901916         n.a.     n.a.
 2026-Feb-10 21:41     07 26 04.70 +19 20 34.0   17.661    n.a.  3.10624349481248  75.1606018  148.3891 /T    7.4691   1.1139657   277.91335   60.902827         n.a.     n.a.
 2026-Feb-10 21:42     07 26 04.62 +19 20 34.1   17.661    n.a.  3.10627363422478  75.1623822  148.3881 /T    7.4693   1.1139395   277.91265   60.903741         n.a.     n.a.
 2026-Feb-10 21:43     07 26 04.54 +19 20 34.3   17.661    n.a.  3.10630377435098  75.1641628  148.3871 /T    7.4695   1.1139131   277.91194   60.904658         n.a.     n.a.
 2026-Feb-10 21:44     07 26 04.46 +19 20 34.4   17.661    n.a.  3.10633391519126  75.1659437  148.3861 /T    7.4697   1.1138866   277.91124   60.905579         n.a.     n.a.
 2026-Feb-10 21:45     07 26 04.39 +19 20 34.6   17.661    n.a.  3.10636405674571  75.1677248  148.3850 /T    7.4698   1.1138599   277.91054   60.906503         n.a.     n.a.
 2026-Feb-10 21:46     07 26 04.31 +19 20 34.7   17.661    n.a.  3.10639419901442  75.1695062  148.3840 /T    7.4700   1.1138330   277.90983   60.907430         n.a.     n.a.
 2026-Feb-10 21:47     07 26 04.23 +19 20 34.9   17.661    n.a.  3.10642434199747  75.1712877  148.3830 /T    7.4702   1.1138060   277.90913   60.908361         n.a.     n.a.
 2026-Feb-10 21:48     07 26 04.15 +19 20 35.0   17.661    n.a.  3.10645448569494  75.1730694  148.3820 /T    7.4704   1.1137789   277.90843   60.909296         n.a.     n.a.
 2026-Feb-10 21:49     07 26 04.08 +19 20 35.2   17.661    n.a.  3.10648463010689  75.1748512  148.3810 /T    7.4705   1.1137515   277.90774   60.910234         n.a.     n.a.
 2026-Feb-10 21:50     07 26 04.00 +19 20 35.3   17.661    n.a.  3.10651477523342  75.1766332  148.3800 /T    7.4707   1.1137241   277.90704   60.911175         n.a.     n.a.
 2026-Feb-10 21:51     07 26 03.92 +19 20 35.5   17.661    n.a.  3.10654492107447  75.1784152  148.3790 /T    7.4709   1.1136964   277.90634   60.912119         n.a.     n.a.
 2026-Feb-10 21:52     07 26 03.84 +19 20 35.6   17.661    n.a.  3.10657506763011  75.1801974  148.3779 /T    7.4710   1.1136687   277.90565   60.913067         n.a.     n.a.
 2026-Feb-10 21:53     07 26 03.76 +19 20 35.8   17.661    n.a.  3.10660521490039  75.1819795  148.3769 /T    7.4712   1.1136407   277.90495   60.914019         n.a.     n.a.
 2026-Feb-10 21:54     07 26 03.69 +19 20 35.9   17.661    n.a.  3.10663536288530  75.1837617  148.3759 /T    7.4714   1.1136126   277.90426   60.914974         n.a.     n.a.
 2026-Feb-10 21:55  t  07 26 03.61 +19 20 36.1   17.661    n.a.  3.10666551158485  75.1855439  148.3749 /T    7.4716   1.1135844   277.90357   60.915932         n.a.     n.a.
 2026-Feb-10 21:56     07 26 03.53 +19 20 36.2   17.661    n.a.  3.10669566099903  75.1873260  148.3739 /T    7.4717   1.1135560   277.90288   60.916893         n.a.     n.a.
 2026-Feb-10 21:57     07 26 03.45 +19 20 36.4   17.661    n.a.  3.10672581112789  75.1891081  148.3729 /T    7.4719   1.1135274   277.90219   60.917858         n.a.     n.a.
 2026-Feb-10 21:58     07 26 03.37 +19 20 36.5   17.661    n.a.  3.10675596197128  75.1908901  148.3719 /T    7.4721   1.1134987   277.90150   60.918826         n.a.     n.a.
 2026-Feb-10 21:59     07 26 03.30 +19 20 36.7   17.661    n.a.  3.10678611352922  75.1926721  148.3708 /T    7.4723   1.1134699   277.90081   60.919798         n.a.     n.a.
 2026-Feb-10 22:00     07 26 03.22 +19 20 36.8   17.661    n.a.  3.10681626580167  75.1944538  148.3698 /T    7.4724   1.1134409   277.90012   60.920773         n.a.     n.a.
 2026-Feb-10 22:01     07 26 03.14 +19 20 37.0   17.662    n.a.  3.10684641878858  75.1962355  148.3688 /T    7.4726   1.1134117   277.89944   60.921751         n.a.     n.a.
 2026-Feb-10 22:02     07 26 03.06 +19 20 37.1   17.662    n.a.  3.10687657248987  75.1980169  148.3678 /T    7.4728   1.1133824   277.89875   60.922732         n.a.     n.a.
 2026-Feb-10 22:03     07 26 02.98 +19 20 37.3   17.662    n.a.  3.10690672690548  75.1997982  148.3668 /T    7.4730   1.1133529   277.89807   60.923717         n.a.     n.a.
 2026-Feb-10 22:04     07 26 02.91 +19 20 37.4   17.662    n.a.  3.10693688203530  75.2015792  148.3658 /T    7.4731   1.1133232   277.89739   60.924705         n.a.     n.a.
 2026-Feb-10 22:05     07 26 02.83 +19 20 37.6   17.662    n.a.  3.10696703787933  75.2033600  148.3647 /T    7.4733   1.1132934   277.89671   60.925696         n.a.     n.a.
 2026-Feb-10 22:06     07 26 02.75 +19 20 37.7   17.662    n.a.  3.10699719443732  75.2051405  148.3637 /T    7.4735   1.1132635   277.89603   60.926690         n.a.     n.a.
 2026-Feb-10 22:07     07 26 02.67 +19 20 37.9   17.662    n.a.  3.10702735170922  75.2069208  148.3627 /T    7.4737   1.1132334   277.89535   60.927688         n.a.     n.a.
 2026-Feb-10 22:08     07 26 02.59 +19 20 38.0   17.662    n.a.  3.10705750969491  75.2087006  148.3617 /T    7.4738   1.1132032   277.89467   60.928689         n.a.     n.a.
 2026-Feb-10 22:09     07 26 02.52 +19 20 38.2   17.662    n.a.  3.10708766839425  75.2104802  148.3607 /T    7.4740   1.1131727   277.89400   60.929694         n.a.     n.a.
 2026-Feb-10 22:10     07 26 02.44 +19 20 38.3   17.662    n.a.  3.10711782780711  75.2122594  148.3597 /T    7.4742   1.1131422   277.89332   60.930701         n.a.     n.a.
 2026-Feb-10 22:11     07 26 02.36 +19 20 38.5   17.662    n.a.  3.10714798793333  75.2140382  148.3587 /T    7.4744   1.1131115   277.89265   60.931712         n.a.     n.a.
 2026-Feb-10 22:12     07 26 02.28 +19 20 38.6   17.662    n.a.  3.10717814877280  75.2158165  148.3576 /T    7.4745   1.1130806   277.89198   60.932726         n.a.     n.a.
 2026-Feb-10 22:13     07 26 02.20 +19 20 38.8   17.662    n.a.  3.10720831032523  75.2175944  148.3566 /T    7.4747   1.1130496   277.89131   60.933743         n.a.     n.a.
 2026-Feb-10 22:14     07 26 02.13 +19 20 38.9   17.662    n.a.  3.10723847259050  75.2193719  148.3556 /T    7.4749   1.1130184   277.89064   60.934763         n.a.     n.a.
 2026-Feb-10 22:15     07 26 02.05 +19 20 39.1   17.662    n.a.  3.10726863556842  75.2211489  148.3546 /T    7.4751   1.1129871   277.88997   60.935786         n.a.     n.a.
 2026-Feb-10 22:16     07 26 01.97 +19 20 39.2   17.662    n.a.  3.10729879925879  75.2229253  148.3536 /T    7.4752   1.1129556   277.88930   60.936813         n.a.     n.a.
 2026-Feb-10 22:17     07 26 01.89 +19 20 39.4   17.662    n.a.  3.10732896366139  75.2247012  148.3526 /T    7.4754   1.1129240   277.88864   60.937843         n.a.     n.a.
 2026-Feb-10 22:18     07 26 01.82 +19 20 39.5   17.662    n.a.  3.10735912877600  75.2264766  148.3516 /T    7.4756   1.1128922   277.88797   60.938876         n.a.     n.a.
 2026-Feb-10 22:19     07 26 01.74 +19 20 39.7   17.662    n.a.  3.10738929460239  75.2282513  148.3505 /T    7.4758   1.1128602   277.88731   60.939912         n.a.     n.a.
 2026-Feb-10 22:20     07 26 01.66 +19 20 39.8   17.662    n.a.  3.10741946114038  75.2300255  148.3495 /T    7.4759   1.1128281   277.88665   60.940951         n.a.     n.a.
 2026-Feb-10 22:21     07 26 01.58 +19 20 40.0   17.662    n.a.  3.10744962838960  75.2317990  148.3485 /T    7.4761   1.1127959   277.88599   60.941993         n.a.     n.a.
 2026-Feb-10 22:22     07 26 01.50 +19 20 40.1   17.662    n.a.  3.10747979634985  75.2335718  148.3475 /T    7.4763   1.1127635   277.88533   60.943039         n.a.     n.a.
 2026-Feb-10 22:23     07 26 01.43 +19 20 40.3   17.662    n.a.  3.10750996502085  75.2353440  148.3465 /T    7.4764   1.1127309   277.88467   60.944087         n.a.     n.a.
 2026-Feb-10 22:24     07 26 01.35 +19 20 40.4   17.662    n.a.  3.10754013440234  75.2371154  148.3455 /T    7.4766   1.1126982   277.88402   60.945139         n.a.     n.a.
 2026-Feb-10 22:25     07 26 01.27 +19 20 40.6   17.662    n.a.  3.10757030449402  75.2388861  148.3445 /T    7.4768   1.1126654   277.88336   60.946193         n.a.     n.a.
 2026-Feb-10 22:26     07 26 01.19 +19 20 40.7   17.662    n.a.  3.10760047529558  75.2406561  148.3434 /T    7.4770   1.1126324   277.88271   60.947251         n.a.     n.a.
 2026-Feb-10 22:27     07 26 01.11 +19 20 40.9   17.662    n.a.  3.10763064680673  75.2424252  148.3424 /T    7.4771   1.1125992   277.88206   60.948312         n.a.     n.a.
 2026-Feb-10 22:28     07 26 01.04 +19 20 41.0   17.662    n.a.  3.10766081902720  75.2441936  148.3414 /T    7.4773   1.1125659   277.88141   60.949376         n.a.     n.a.
 2026-Feb-10 22:29     07 26 00.96 +19 20 41.2   17.662    n.a.  3.10769099195655  75.2459612  148.3404 /T    7.4775   1.1125324   277.88076   60.950442         n.a.     n.a.
 2026-Feb-10 22:30     07 26 00.88 +19 20 41.3   17.662    n.a.  3.10772116559449  75.2477278  148.3394 /T    7.4777   1.1124988   277.88011   60.951512         n.a.     n.a.
 2026-Feb-10 22:31     07 26 00.80 +19 20 41.5   17.662    n.a.  3.10775133994068  75.2494936  148.3384 /T    7.4778   1.1124650   277.87947   60.952585         n.a.     n.a.
 2026-Feb-10 22:32     07 26 00.73 +19 20 41.6   17.663    n.a.  3.10778151499477  75.2512585  148.3373 /T    7.4780   1.1124311   277.87883   60.953661         n.a.     n.a.
 2026-Feb-10 22:33     07 26 00.65 +19 20 41.8   17.663    n.a.  3.10781169075638  75.2530225  148.3363 /T    7.4782   1.1123970   277.87818   60.954740         n.a.     n.a.
 2026-Feb-10 22:34     07 26 00.57 +19 20 41.9   17.663    n.a.  3.10784186722514  75.2547855  148.3353 /T    7.4784   1.1123628   277.87754   60.955822         n.a.     n.a.
 2026-Feb-10 22:35     07 26 00.49 +19 20 42.1   17.663    n.a.  3.10787204440072  75.2565476  148.3343 /T    7.4785   1.1123284   277.87690   60.956907         n.a.     n.a.
 2026-Feb-10 22:36     07 26 00.41 +19 20 42.2   17.663    n.a.  3.10790222228261  75.2583086  148.3333 /T    7.4787   1.1122939   277.87626   60.957994         n.a.     n.a.
 2026-Feb-10 22:37     07 26 00.34 +19 20 42.4   17.663    n.a.  3.10793240087046  75.2600687  148.3323 /T    7.4789   1.1122592   277.87563   60.959085         n.a.     n.a.
 2026-Feb-10 22:38     07 26 00.26 +19 20 42.5   17.663    n.a.  3.10796258016386  75.2618276  148.3313 /T    7.4791   1.1122244   277.87499   60.960179         n.a.     n.a.
 2026-Feb-10 22:39     07 26 00.18 +19 20 42.7   17.663    n.a.  3.10799276016239  75.2635855  148.3302 /T    7.4792   1.1121894   277.87436   60.961275         n.a.     n.a.
 2026-Feb-10 22:40     07 26 00.10 +19 20 42.8   17.663    n.a.  3.10802294086560  75.2653424  148.3292 /T    7.4794   1.1121543   277.87373   60.962375         n.a.     n.a.
 2026-Feb-10 22:41     07 26 00.02 +19 20 43.0   17.663    n.a.  3.10805312227305  75.2670981  148.3282 /T    7.4796   1.1121190   277.87310   60.963477         n.a.     n.a.
 2026-Feb-10 22:42     07 25 59.95 +19 20 43.1   17.663    n.a.  3.10808330438430  75.2688526  148.3272 /T    7.4798   1.1120836   277.87247   60.964582         n.a.     n.a.
 2026-Feb-10 22:43     07 25 59.87 +19 20 43.3   17.663    n.a.  3.10811348719894  75.2706060  148.3262 /T    7.4799   1.1120480   277.87184   60.965691         n.a.     n.a.
 2026-Feb-10 22:44     07 25 59.79 +19 20 43.4   17.663    n.a.  3.10814367071637  75.2723582  148.3252 /T    7.4801   1.1120123   277.87122   60.966802         n.a.     n.a.
 2026-Feb-10 22:45     07 25 59.71 +19 20 43.6   17.663    n.a.  3.10817385493618  75.2741092  148.3242 /T    7.4803   1.1119764   277.87059   60.967916         n.a.     n.a.
 2026-Feb-10 22:46     07 25 59.64 +19 20 43.7   17.663    n.a.  3.10820403985787  75.2758589  148.3231 /T    7.4805   1.1119404   277.86997   60.969032         n.a.     n.a.
 2026-Feb-10 22:47     07 25 59.56 +19 20 43.9   17.663    n.a.  3.10823422548095  75.2776074  148.3221 /T    7.4806   1.1119042   277.86935   60.970152         n.a.     n.a.
 2026-Feb-10 22:48     07 25 59.48 +19 20 44.0   17.663    n.a.  3.10826441180489  75.2793546  148.3211 /T    7.4808   1.1118679   277.86873   60.971274         n.a.     n.a.
 2026-Feb-10 22:49     07 25 59.40 +19 20 44.2   17.663    n.a.  3.10829459882919  75.2811005  148.3201 /T    7.4810   1.1118314   277.86812   60.972399         n.a.     n.a.
 2026-Feb-10 22:50     07 25 59.32 +19 20 44.3   17.663    n.a.  3.10832478655331  75.2828451  148.3191 /T    7.4811   1.1117948   277.86750   60.973527         n.a.     n.a.
 2026-Feb-10 22:51     07 25 59.25 +19 20 44.5   17.663    n.a.  3.10835497497677  75.2845883  148.3181 /T    7.4813   1.1117581   277.86689   60.974658         n.a.     n.a.
 2026-Feb-10 22:52     07 25 59.17 +19 20 44.6   17.663    n.a.  3.10838516409891  75.2863301  148.3170 /T    7.4815   1.1117211   277.86628   60.975792         n.a.     n.a.
 2026-Feb-10 22:53     07 25 59.09 +19 20 44.8   17.663    n.a.  3.10841535391923  75.2880705  148.3160 /T    7.4817   1.1116841   277.86567   60.976928         n.a.     n.a.
 2026-Feb-10 22:54     07 25 59.01 +19 20 44.9   17.663    n.a.  3.10844554443715  75.2898095  148.3150 /T    7.4818   1.1116469   277.86506   60.978067         n.a.     n.a.
 2026-Feb-10 22:55     07 25 58.93 +19 20 45.1   17.663    n.a.  3.10847573565211  75.2915471  148.3140 /T    7.4820   1.1116095   277.86445   60.979209         n.a.     n.a.
 2026-Feb-10 22:56     07 25 58.86 +19 20 45.2   17.663    n.a.  3.10850592756351  75.2932831  148.3130 /T    7.4822   1.1115720   277.86385   60.980353         n.a.     n.a.
 2026-Feb-10 22:57     07 25 58.78 +19 20 45.4   17.663    n.a.  3.10853612017076  75.2950177  148.3120 /T    7.4824   1.1115344   277.86324   60.981500         n.a.     n.a.
 2026-Feb-10 22:58     07 25 58.70 +19 20 45.5   17.663    n.a.  3.10856631347332  75.2967508  148.3110 /T    7.4825   1.1114966   277.86264   60.982650         n.a.     n.a.
 2026-Feb-10 22:59     07 25 58.62 +19 20 45.6   17.663    n.a.  3.10859650747045  75.2984823  148.3099 /T    7.4827   1.1114586   277.86204   60.983803         n.a.     n.a.
 2026-Feb-10 23:00     07 25 58.55 +19 20 45.8   17.663    n.a.  3.10862670216158  75.3002122  148.3089 /T    7.4829   1.1114205   277.86144   60.984958         n.a.     n.a.
 2026-Feb-10 23:01     07 25 58.47 +19 20 45.9   17.663    n.a.  3.10865689754609  75.3019406  148.3079 /T    7.4831   1.1113823   277.86085   60.986116         n.a.     n.a.
 2026-Feb-10 23:02     07 25 58.39 +19 20 46.1   17.663    n.a.  3.10868709362333  75.3036673  148.3069 /T    7.4832   1.1113439   277.86025   60.987277         n.a.     n.a.
 2026-Feb-10 23:03     07 25 58.31 +19 20 46.2   17.664    n.a.  3.10871729039265  75.3053924  148.3059 /T    7.4834   1.1113054   277.85966   60.988440         n.a.     n.a.
 2026-Feb-10 23:04     07 25 58.23 +19 20 46.4   17.664    n.a.  3.10874748785339  75.3071158  148.3049 /T    7.4836   1.1112667   277.85907   60.989606         n.a.     n.a.
 2026-Feb-10 23:05     07 25 58.16 +19 20 46.5   17.664    n.a.  3.10877768600487  75.3088376  148.3039 /T    7.4838   1.1112279   277.85848   60.990774         n.a.     n.a.
 2026-Feb-10 23:06     07 25 58.08 +19 20 46.7   17.664    n.a.  3.10880788484648  75.3105576  148.3028 /T    7.4839   1.1111889   277.85789   60.991945         n.a.     n.a.
 2026-Feb-10 23:07     07 25 58.00 +19 20 46.8   17.664    n.a.  3.10883808437741  75.3122759  148.3018 /T    7.4841   1.1111498   277.85731   60.993119         n.a.     n.a.
 2026-Feb-10 23:08     07 25 57.92 +19 20 47.0   17.664    n.a.  3.10886828459701  75.3139925  148.3008 /T    7.4843   1.1111106   277.85672   60.994295         n.a.     n.a.
 2026-Feb-10 23:09     07 25 57.85 +19 20 47.1   17.664    n.a.  3.10889848550459  75.3157073  148.2998 /T    7.4845   1.1110712   277.85614   60.995474         n.a.     n.a.
 2026-Feb-10 23:10     07 25 57.77 +19 20 47.3   17.664    n.a.  3.10892868709942  75.3174203  148.2988 /T    7.4846   1.1110316   277.85556   60.996656         n.a.     n.a.
 2026-Feb-10 23:11     07 25 57.69 +19 20 47.4   17.664    n.a.  3.10895888938077  75.3191314  148.2978 /T    7.4848   1.1109919   277.85499   60.997839         n.a.     n.a.
 2026-Feb-10 23:12     07 25 57.61 +19 20 47.6   17.664    n.a.  3.10898909234792  75.3208407  148.2967 /T    7.4850   1.1109521   277.85441   60.999026         n.a.     n.a.
 2026-Feb-10 23:13     07 25 57.53 +19 20 47.7   17.664    n.a.  3.10901929600018  75.3225482  148.2957 /T    7.4851   1.1109121   277.85384   61.000215         n.a.     n.a.
 2026-Feb-10 23:14     07 25 57.46 +19 20 47.9   17.664    n.a.  3.10904950033666  75.3242537  148.2947 /T    7.4853   1.1108720   277.85326   61.001406         n.a.     n.a.
 2026-Feb-10 23:15     07 25 57.38 +19 20 48.0   17.664    n.a.  3.10907970535668  75.3259574  148.2937 /T    7.4855   1.1108318   277.85269   61.002600         n.a.     n.a.
 2026-Feb-10 23:16     07 25 57.30 +19 20 48.2   17.664    n.a.  3.10910991105945  75.3276591  148.2927 /T    7.4857   1.1107914   277.85212   61.003797         n.a.     n.a.
 2026-Feb-10 23:17     07 25 57.22 +19 20 48.3   17.664    n.a.  3.10914011744420  75.3293588  148.2917 /T    7.4858   1.1107508   277.85156   61.004995         n.a.     n.a.
 2026-Feb-10 23:18     07 25 57.15 +19 20 48.5   17.664    n.a.  3.10917032451014  75.3310566  148.2907 /T    7.4860   1.1107101   277.85099   61.006197         n.a.     n.a.
 2026-Feb-10 23:19     07 25 57.07 +19 20 48.6   17.664    n.a.  3.10920053225645  75.3327523  148.2896 /T    7.4862   1.1106693   277.85043   61.007400         n.a.     n.a.
 2026-Feb-10 23:20     07 25 56.99 +19 20 48.8   17.664    n.a.  3.10923074068234  75.3344460  148.2886 /T    7.4864   1.1106283   277.84987   61.008607         n.a.     n.a.
 2026-Feb-10 23:21     07 25 56.91 +19 20 48.9   17.664    n.a.  3.10926094978705  75.3361377  148.2876 /T    7.4865   1.1105872   277.84931   61.009815         n.a.     n.a.
 2026-Feb-10 23:22     07 25 56.83 +19 20 49.1   17.664    n.a.  3.10929115956964  75.3378273  148.2866 /T    7.4867   1.1105460   277.84876   61.011026         n.a.     n.a.
 2026-Feb-10 23:23     07 25 56.76 +19 20 49.2   17.664    n.a.  3.10932137002931  75.3395148  148.2856 /T    7.4869   1.1105046   277.84820   61.012239         n.a.     n.a.
 2026-Feb-10 23:24     07 25 56.68 +19 20 49.4   17.664    n.a.  3.10935158116523  75.3412002  148.2846 /T    7.4871   1.1104631   277.84765   61.013455         n.a.     n.a.
 2026-Feb-10 23:25     07 25 56.60 +19 20 49.5   17.664    n.a.  3.10938179297654  75.3428834  148.2836 /T    7.4872   1.1104214   277.84710   61.014673         n.a.     n.a.
 2026-Feb-10 23:26     07 25 56.52 +19 20 49.7   17.664    n.a.  3.10941200546239  75.3445645  148.2825 /T    7.4874   1.1103796   277.84655   61.015894         n.a.     n.a.
 2026-Feb-10 23:27     07 25 56.45 +19 20 49.8   17.664    n.a.  3.10944221862190  75.3462434  148.2815 /T    7.4876   1.1103377   277.84600   61.017116         n.a.     n.a.
 2026-Feb-10 23:28     07 25 56.37 +19 20 50.0   17.664    n.a.  3.10947243245418  75.3479200  148.2805 /T    7.4878   1.1102956   277.84546   61.018341         n.a.     n.a.
 2026-Feb-10 23:29     07 25 56.29 +19 20 50.1   17.664    n.a.  3.10950264695840  75.3495945  148.2795 /T    7.4879   1.1102534   277.84492   61.019569         n.a.     n.a.
 2026-Feb-10 23:30     07 25 56.21 +19 20 50.3   17.664    n.a.  3.10953286213356  75.3512667  148.2785 /T    7.4881   1.1102110   277.84438   61.020798         n.a.     n.a.
 2026-Feb-10 23:31     07 25 56.14 +19 20 50.4   17.664    n.a.  3.10956307797879  75.3529366  148.2775 /T    7.4883   1.1101685   277.84384   61.022030         n.a.     n.a.
 2026-Feb-10 23:32     07 25 56.06 +19 20 50.6   17.664    n.a.  3.10959329449319  75.3546042  148.2765 /T    7.4884   1.1101259   277.84330   61.023264         n.a.     n.a.
 2026-Feb-10 23:33     07 25 55.98 +19 20 50.7   17.664    n.a.  3.10962351167582  75.3562695  148.2754 /T    7.4886   1.1100831   277.84277   61.024501         n.a.     n.a.
 2026-Feb-10 23:34     07 25 55.90 +19 20 50.9   17.665    n.a.  3.10965372952574  75.3579324  148.2744 /T    7.4888   1.1100402   277.84224   61.025739         n.a.     n.a.
 2026-Feb-10 23:35     07 25 55.82 +19 20 51.0   17.665    n.a.  3.10968394804203  75.3595930  148.2734 /T    7.4890   1.1099971   277.84171   61.026980         n.a.     n.a.
 2026-Feb-10 23:36     07 25 55.75 +19 20 51.2   17.665    n.a.  3.10971416722378  75.3612512  148.2724 /T    7.4891   1.1099539   277.84118   61.028223         n.a.     n.a.
 2026-Feb-10 23:37     07 25 55.67 +19 20 51.3   17.665    n.a.  3.10974438706991  75.3629070  148.2714 /T    7.4893   1.1099106   277.84065   61.029469         n.a.     n.a.
 2026-Feb-10 23:38     07 25 55.59 +19 20 51.5   17.665    n.a.  3.10977460757952  75.3645604  148.2704 /T    7.4895   1.1098672   277.84013   61.030716         n.a.     n.a.
 2026-Feb-10 23:39     07 25 55.51 +19 20 51.6   17.665    n.a.  3.10980482875161  75.3662113  148.2693 /T    7.4897   1.1098236   277.83961   61.031966         n.a.     n.a.
 2026-Feb-10 23:40     07 25 55.44 +19 20 51.8   17.665    n.a.  3.10983505058521  75.3678597  148.2683 /T    7.4898   1.1097798   277.83909   61.033217         n.a.     n.a.
 2026-Feb-10 23:41     07 25 55.36 +19 20 51.9   17.665    n.a.  3.10986527307932  75.3695057  148.2673 /T    7.4900   1.1097360   277.83857   61.034471         n.a.     n.a.
 2026-Feb-10 23:42     07 25 55.28 +19 20 52.0   17.665    n.a.  3.10989549623293  75.3711491  148.2663 /T    7.4902   1.1096920   277.83806   61.035727         n.a.     n.a.
 2026-Feb-10 23:43     07 25 55.20 +19 20 52.2   17.665    n.a.  3.10992572004503  75.3727900  148.2653 /T    7.4904   1.1096478   277.83754   61.036985         n.a.     n.a.
 2026-Feb-10 23:44     07 25 55.13 +19 20 52.3   17.665    n.a.  3.10995594451465  75.3744283  148.2643 /T    7.4905   1.1096036   277.83703   61.038245         n.a.     n.a.
 2026-Feb-10 23:45     07 25 55.05 +19 20 52.5   17.665    n.a.  3.10998616964065  75.3760640  148.2633 /T    7.4907   1.1095592   277.83653   61.039508         n.a.     n.a.
 2026-Feb-10 23:46     07 25 54.97 +19 20 52.6   17.665    n.a.  3.11001639542204  75.3776971  148.2622 /T    7.4909   1.1095147   277.83602   61.040772         n.a.     n.a.
 2026-Feb-10 23:47     07 25 54.89 +19 20 52.8   17.665    n.a.  3.11004662185778  75.3793276  148.2612 /T    7.4911   1.1094700   277.83551   61.042038         n.a.     n.a.
 2026-Feb-10 23:48     07 25 54.81 +19 20 52.9   17.665    n.a.  3.11007684894680  75.3809555  148.2602 /T    7.4912   1.1094252   277.83501   61.043307         n.a.     n.a.
 2026-Feb-10 23:49     07 25 54.74 +19 20 53.1   17.665    n.a.  3.11010707668804  75.3825807  148.2592 /T    7.4914   1.1093803   277.83451   61.044577         n.a.     n.a.
 2026-Feb-10 23:50     07 25 54.66 +19 20 53.2   17.665    n.a.  3.11013730508043  75.3842032  148.2582 /T    7.4916   1.1093352   277.83402   61.045849         n.a.     n.a.
 2026-Feb-10 23:51     07 25 54.58 +19 20 53.4   17.665    n.a.  3.11016753412289  75.3858229  148.2572 /T    7.4917   1.1092900   277.83352   61.047124         n.a.     n.a.
 2026-Feb-10 23:52     07 25 54.50 +19 20 53.5   17.665    n.a.  3.11019776381437  75.3874400  148.2562 /T    7.4919   1.1092447   277.83303   61.048400         n.a.     n.a.
 2026-Feb-10 23:53     07 25 54.43 +19 20 53.7   17.665    n.a.  3.11022799415367  75.3890543  148.2551 /T    7.4921   1.1091992   277.83254   61.049679         n.a.     n.a.
 2026-Feb-10 23:54     07 25 54.35 +19 20 53.8   17.665    n.a.  3.11025822513973  75.3906658  148.2541 /T    7.4923   1.1091537   277.83205   61.050959         n.a.     n.a.
 2026-Feb-10 23:55     07 25 54.27 +19 20 54.0   17.665    n.a.  3.11028845677143  75.3922745  148.2531 /T    7.4924   1.1091080   277.83156   61.052241         n.a.     n.a.
 2026-Feb-10 23:56     07 25 54.19 +19 20 54.1   17.665    n.a.  3.11031868904765  75.3938804  148.2521 /T    7.4926   1.1090621   277.83108   61.053525         n.a.     n.a.
 2026-Feb-10 23:57     07 25 54.12 +19 20 54.3   17.665    n.a.  3.11034892196726  75.3954835  148.2511 /T    7.4928   1.1090161   277.83060   61.054811         n.a.     n.a.
 2026-Feb-10 23:58     07 25 54.04 +19 20 54.4   17.665    n.a.  3.11037915552911  75.3970837  148.2501 /T    7.4930   1.1089700   277.83012   61.056099         n.a.     n.a.
 2026-Feb-10 23:59     07 25 53.96 +19 20 54.6   17.665    n.a.  3.11040938973211  75.3986810  148.2491 /T    7.4931   1.1089238   277.82964   61.057389         n.a.     n.a.
 2026-Feb-11 00:00     07 25 53.88 +19 20 54.7   17.665    n.a.  3.11043962457499  75.4002754  148.2480 /T    7.4933   1.1088775   277.82916   61.058681         n.a.     n.a.